{"n_estimators": 1077, 
"learning_rate": 0.014656262370370652, 
"num_leaves": 43, 
"max_depth": 7, 
"min_child_samples": 30, 
"subsample": 0.9017335491101327, 
"colsample_bytree": 0.7028639662887108, 
"objective": "regression", 
"boosting_type": "gbdt", 
"random_state": 42}