2026-07-14 14:27:10,282 | INFO | forecasting.pipeline | ========== Forecast Pipeline Started ==========
2026-07-14 14:27:10,282 | INFO | forecasting.pipeline | Loading stock data...
2026-07-14 14:27:10,510 | INFO | forecasting.pipeline | Loaded 1230 rows.
2026-07-14 14:27:10,510 | INFO | forecasting.pipeline | Training models...
2026-07-14 14:27:10,569 | INFO | forecast | Training BBCA - OPEN
2026-07-14 14:27:12,680 | ERROR | forecasting.pipeline | Forecast pipeline failed!
Traceback (most recent call last):
  File "C:\ADITT\KP Telsig\stockVision\backend\forecasting\pipeline.py", line 32, in run_pipeline
    all_models, all_stock_data = train_all_models(df)
  File "C:\ADITT\KP Telsig\stockVision\backend\forecasting\trainer.py", line 176, in train_all_models
    model, _, _, _ = train_model(
  File "C:\ADITT\KP Telsig\stockVision\backend\forecasting\trainer.py", line 124, in train_model
    metrics_df["Symbol"] = symbol
UnboundLocalError: local variable 'metrics_df' referenced before assignment
2026-07-14 14:34:50,732 | INFO | forecasting.pipeline | ========== Forecast Pipeline Started ==========
2026-07-14 14:34:50,732 | INFO | forecasting.pipeline | Loading stock data...
2026-07-14 14:34:51,025 | INFO | forecasting.pipeline | Loaded 1230 rows.
2026-07-14 14:34:51,025 | INFO | forecasting.pipeline | Training models...
2026-07-14 14:34:51,052 | INFO | forecast | Training BBCA - OPEN
2026-07-14 14:34:53,622 | INFO | forecast | Training BBCA - HIGH
2026-07-14 14:34:54,296 | INFO | forecast | Training BBCA - LOW
2026-07-14 14:34:55,327 | INFO | forecast | Training BBCA - CLOSE
2026-07-14 14:34:56,617 | INFO | forecast | Training BBCA - VOLUME
2026-07-14 14:34:57,236 | INFO | forecast | Training BBCA - FOREIGN_BUY
2026-07-14 14:34:57,752 | INFO | forecast | Training BBCA - FOREIGN_SELL
2026-07-14 14:34:58,186 | INFO | forecast | Training BBNI - OPEN
2026-07-14 14:34:58,948 | INFO | forecast | Training BBNI - HIGH
2026-07-14 14:34:59,735 | INFO | forecast | Training BBNI - LOW
2026-07-14 14:35:00,313 | INFO | forecast | Training BBNI - CLOSE
2026-07-14 14:35:01,758 | INFO | forecast | Training BBNI - VOLUME
2026-07-14 14:35:02,183 | INFO | forecast | Training BBNI - FOREIGN_BUY
2026-07-14 14:35:02,812 | INFO | forecast | Training BBNI - FOREIGN_SELL
2026-07-14 14:35:03,369 | INFO | forecast | Training BBRI - OPEN
2026-07-14 14:35:04,452 | INFO | forecast | Training BBRI - HIGH
2026-07-14 14:35:05,074 | INFO | forecast | Training BBRI - LOW
2026-07-14 14:35:06,050 | INFO | forecast | Training BBRI - CLOSE
2026-07-14 14:35:06,510 | INFO | forecast | Training BBRI - VOLUME
2026-07-14 14:35:06,981 | INFO | forecast | Training BBRI - FOREIGN_BUY
2026-07-14 14:35:07,389 | INFO | forecast | Training BBRI - FOREIGN_SELL
2026-07-14 14:35:08,077 | INFO | forecast | Training BJBR - OPEN
2026-07-14 14:35:08,626 | INFO | forecast | Training BJBR - HIGH
2026-07-14 14:35:09,326 | INFO | forecast | Training BJBR - LOW
2026-07-14 14:35:10,059 | INFO | forecast | Training BJBR - CLOSE
2026-07-14 14:35:10,783 | INFO | forecast | Training BJBR - VOLUME
2026-07-14 14:35:11,371 | INFO | forecast | Training BJBR - FOREIGN_BUY
2026-07-14 14:35:11,854 | INFO | forecast | Training BJBR - FOREIGN_SELL
2026-07-14 14:35:12,314 | INFO | forecast | Training BMRI - OPEN
2026-07-14 14:35:13,044 | INFO | forecast | Training BMRI - HIGH
2026-07-14 14:35:13,964 | INFO | forecast | Training BMRI - LOW
2026-07-14 14:35:14,682 | INFO | forecast | Training BMRI - CLOSE
2026-07-14 14:35:15,313 | INFO | forecast | Training BMRI - VOLUME
2026-07-14 14:35:15,868 | INFO | forecast | Training BMRI - FOREIGN_BUY
2026-07-14 14:35:16,197 | INFO | forecast | Training BMRI - FOREIGN_SELL
2026-07-14 14:35:16,722 | INFO | forecasting.pipeline | Generating forecast...
2026-07-14 14:35:16,722 | ERROR | forecasting.pipeline | Forecast pipeline failed!
Traceback (most recent call last):
  File "C:\ADITT\KP Telsig\stockVision\backend\forecasting\pipeline.py", line 35, in run_pipeline
    forecast_df = forecast_all_stocks(
TypeError: forecast_all_stocks() missing 1 required positional argument: 'symbols'
2026-07-14 14:37:02,006 | INFO | forecasting.pipeline | ========== Forecast Pipeline Started ==========
2026-07-14 14:37:02,006 | INFO | forecasting.pipeline | Loading stock data...
2026-07-14 14:37:02,192 | INFO | forecasting.pipeline | Loaded 1230 rows.
2026-07-14 14:37:02,192 | INFO | forecasting.pipeline | Training models...
2026-07-14 14:37:02,224 | INFO | forecast | Training BBCA - OPEN
2026-07-14 14:37:04,843 | INFO | forecast | Training BBCA - HIGH
2026-07-14 14:37:05,472 | INFO | forecast | Training BBCA - LOW
2026-07-14 14:37:06,395 | INFO | forecast | Training BBCA - CLOSE
2026-07-14 14:37:07,359 | INFO | forecast | Training BBCA - VOLUME
2026-07-14 14:37:07,859 | INFO | forecast | Training BBCA - FOREIGN_BUY
2026-07-14 14:37:08,320 | INFO | forecast | Training BBCA - FOREIGN_SELL
2026-07-14 14:37:08,755 | INFO | forecast | Training BBNI - OPEN
2026-07-14 14:37:09,573 | INFO | forecast | Training BBNI - HIGH
2026-07-14 14:37:10,310 | INFO | forecast | Training BBNI - LOW
2026-07-14 14:37:10,879 | INFO | forecast | Training BBNI - CLOSE
2026-07-14 14:37:12,186 | INFO | forecast | Training BBNI - VOLUME
2026-07-14 14:37:12,640 | INFO | forecast | Training BBNI - FOREIGN_BUY
2026-07-14 14:37:13,057 | INFO | forecast | Training BBNI - FOREIGN_SELL
2026-07-14 14:37:13,538 | INFO | forecast | Training BBRI - OPEN
2026-07-14 14:37:14,705 | INFO | forecast | Training BBRI - HIGH
2026-07-14 14:37:15,353 | INFO | forecast | Training BBRI - LOW
2026-07-14 14:37:16,239 | INFO | forecast | Training BBRI - CLOSE
2026-07-14 14:37:16,654 | INFO | forecast | Training BBRI - VOLUME
2026-07-14 14:37:17,082 | INFO | forecast | Training BBRI - FOREIGN_BUY
2026-07-14 14:37:17,428 | INFO | forecast | Training BBRI - FOREIGN_SELL
2026-07-14 14:37:17,982 | INFO | forecast | Training BJBR - OPEN
2026-07-14 14:37:18,555 | INFO | forecast | Training BJBR - HIGH
2026-07-14 14:37:19,247 | INFO | forecast | Training BJBR - LOW
2026-07-14 14:37:19,844 | INFO | forecast | Training BJBR - CLOSE
2026-07-14 14:37:20,612 | INFO | forecast | Training BJBR - VOLUME
2026-07-14 14:37:21,273 | INFO | forecast | Training BJBR - FOREIGN_BUY
2026-07-14 14:37:21,755 | INFO | forecast | Training BJBR - FOREIGN_SELL
2026-07-14 14:37:22,167 | INFO | forecast | Training BMRI - OPEN
2026-07-14 14:37:22,898 | INFO | forecast | Training BMRI - HIGH
2026-07-14 14:37:23,803 | INFO | forecast | Training BMRI - LOW
2026-07-14 14:37:24,588 | INFO | forecast | Training BMRI - CLOSE
2026-07-14 14:37:25,212 | INFO | forecast | Training BMRI - VOLUME
2026-07-14 14:37:25,715 | INFO | forecast | Training BMRI - FOREIGN_BUY
2026-07-14 14:37:26,027 | INFO | forecast | Training BMRI - FOREIGN_SELL
2026-07-14 14:37:26,585 | INFO | forecasting.pipeline | Generating forecast...
2026-07-14 14:37:26,585 | ERROR | forecasting.pipeline | Forecast pipeline failed!
Traceback (most recent call last):
  File "C:\ADITT\KP Telsig\stockVision\backend\forecasting\pipeline.py", line 35, in run_pipeline
    forecast_df = forecast_all_stocks(
  File "C:\ADITT\KP Telsig\stockVision\backend\forecasting\forecasting.py", line 92, in forecast_all_stocks
    forecast = forecast_next_days(
  File "C:\ADITT\KP Telsig\stockVision\backend\forecasting\forecasting.py", line 47, in forecast_next_days
    last = stock.iloc[-1].copy()
AttributeError: 'dict' object has no attribute 'iloc'
2026-07-14 14:48:10,837 | INFO | forecasting.pipeline | ========== Forecast Pipeline Started ==========
2026-07-14 14:48:10,837 | INFO | forecasting.pipeline | Loading stock data...
2026-07-14 14:48:12,767 | INFO | forecasting.pipeline | Loaded 1230 rows.
2026-07-14 14:48:12,767 | INFO | forecasting.pipeline | Training models...
2026-07-14 14:48:12,803 | INFO | forecast | Training BBCA - OPEN
2026-07-14 14:48:15,413 | INFO | forecast | Training BBCA - HIGH
2026-07-14 14:48:16,063 | INFO | forecast | Training BBCA - LOW
2026-07-14 14:48:17,024 | INFO | forecast | Training BBCA - CLOSE
2026-07-14 14:48:18,068 | INFO | forecast | Training BBCA - VOLUME
2026-07-14 14:48:18,778 | INFO | forecast | Training BBCA - FOREIGN_BUY
2026-07-14 14:48:19,349 | INFO | forecast | Training BBCA - FOREIGN_SELL
2026-07-14 14:48:19,795 | INFO | forecast | Training BBNI - OPEN
2026-07-14 14:48:20,634 | INFO | forecast | Training BBNI - HIGH
2026-07-14 14:48:21,383 | INFO | forecast | Training BBNI - LOW
2026-07-14 14:48:21,933 | INFO | forecast | Training BBNI - CLOSE
2026-07-14 14:48:23,169 | INFO | forecast | Training BBNI - VOLUME
2026-07-14 14:48:23,604 | INFO | forecast | Training BBNI - FOREIGN_BUY
2026-07-14 14:48:24,055 | INFO | forecast | Training BBNI - FOREIGN_SELL
2026-07-14 14:48:24,528 | INFO | forecast | Training BBRI - OPEN
2026-07-14 14:48:25,609 | INFO | forecast | Training BBRI - HIGH
2026-07-14 14:48:26,229 | INFO | forecast | Training BBRI - LOW
2026-07-14 14:48:27,178 | INFO | forecast | Training BBRI - CLOSE
2026-07-14 14:48:27,643 | INFO | forecast | Training BBRI - VOLUME
2026-07-14 14:48:28,122 | INFO | forecast | Training BBRI - FOREIGN_BUY
2026-07-14 14:48:28,505 | INFO | forecast | Training BBRI - FOREIGN_SELL
2026-07-14 14:48:29,124 | INFO | forecast | Training BJBR - OPEN
2026-07-14 14:48:29,730 | INFO | forecast | Training BJBR - HIGH
2026-07-14 14:48:30,383 | INFO | forecast | Training BJBR - LOW
2026-07-14 14:48:31,027 | INFO | forecast | Training BJBR - CLOSE
2026-07-14 14:48:31,795 | INFO | forecast | Training BJBR - VOLUME
2026-07-14 14:48:32,432 | INFO | forecast | Training BJBR - FOREIGN_BUY
2026-07-14 14:48:32,908 | INFO | forecast | Training BJBR - FOREIGN_SELL
2026-07-14 14:48:33,344 | INFO | forecast | Training BMRI - OPEN
2026-07-14 14:48:34,060 | INFO | forecast | Training BMRI - HIGH
2026-07-14 14:48:34,953 | INFO | forecast | Training BMRI - LOW
2026-07-14 14:48:35,690 | INFO | forecast | Training BMRI - CLOSE
2026-07-14 14:48:36,309 | INFO | forecast | Training BMRI - VOLUME
2026-07-14 14:48:36,809 | INFO | forecast | Training BMRI - FOREIGN_BUY
2026-07-14 14:48:37,119 | INFO | forecast | Training BMRI - FOREIGN_SELL
2026-07-14 14:48:37,636 | INFO | forecasting.pipeline | Generating forecast...
2026-07-14 14:48:38,077 | INFO | forecasting.pipeline | Generated 7 forecast rows.
2026-07-14 14:48:38,078 | INFO | forecasting.pipeline | Refreshing forecast table...
2026-07-14 14:48:38,211 | ERROR | forecasting.pipeline | Forecast pipeline failed!
Traceback (most recent call last):
  File "C:\ADITT\KP Telsig\stockVision\venv\lib\site-packages\sqlalchemy\engine\base.py", line 1969, in _exec_single_context
    self.dialect.do_execute(
  File "C:\ADITT\KP Telsig\stockVision\venv\lib\site-packages\sqlalchemy\engine\default.py", line 952, in do_execute
    cursor.execute(statement, parameters)
psycopg2.errors.UndefinedTable: relation "idxsaham.stock_forecast" does not exist


The above exception was the direct cause of the following exception:

Traceback (most recent call last):
  File "C:\ADITT\KP Telsig\stockVision\backend\forecasting\pipeline.py", line 46, in run_pipeline
    truncate_forecast()
  File "C:\ADITT\KP Telsig\stockVision\backend\forecasting\database.py", line 69, in truncate_forecast
    conn.execute(
  File "C:\ADITT\KP Telsig\stockVision\venv\lib\site-packages\sqlalchemy\engine\base.py", line 1421, in execute
    return meth(
  File "C:\ADITT\KP Telsig\stockVision\venv\lib\site-packages\sqlalchemy\sql\elements.py", line 526, in _execute_on_connection
    return connection._execute_clauseelement(
  File "C:\ADITT\KP Telsig\stockVision\venv\lib\site-packages\sqlalchemy\engine\base.py", line 1643, in _execute_clauseelement
    ret = self._execute_context(
  File "C:\ADITT\KP Telsig\stockVision\venv\lib\site-packages\sqlalchemy\engine\base.py", line 1848, in _execute_context
    return self._exec_single_context(
  File "C:\ADITT\KP Telsig\stockVision\venv\lib\site-packages\sqlalchemy\engine\base.py", line 1988, in _exec_single_context
    self._handle_dbapi_exception(
  File "C:\ADITT\KP Telsig\stockVision\venv\lib\site-packages\sqlalchemy\engine\base.py", line 2365, in _handle_dbapi_exception
    raise sqlalchemy_exception.with_traceback(exc_info[2]) from e
  File "C:\ADITT\KP Telsig\stockVision\venv\lib\site-packages\sqlalchemy\engine\base.py", line 1969, in _exec_single_context
    self.dialect.do_execute(
  File "C:\ADITT\KP Telsig\stockVision\venv\lib\site-packages\sqlalchemy\engine\default.py", line 952, in do_execute
    cursor.execute(statement, parameters)
sqlalchemy.exc.ProgrammingError: (psycopg2.errors.UndefinedTable) relation "idxsaham.stock_forecast" does not exist

[SQL: TRUNCATE TABLE idxsaham.stock_forecast]
(Background on this error at: https://sqlalche.me/e/20/f405)
2026-07-14 14:49:16,437 | INFO | forecasting.pipeline | ========== Forecast Pipeline Started ==========
2026-07-14 14:49:16,437 | INFO | forecasting.pipeline | Loading stock data...
2026-07-14 14:49:19,343 | INFO | forecasting.pipeline | Loaded 1230 rows.
2026-07-14 14:49:19,343 | INFO | forecasting.pipeline | Training models...
2026-07-14 14:49:19,386 | INFO | forecast | Training BBCA - OPEN
2026-07-14 14:49:21,774 | INFO | forecast | Training BBCA - HIGH
2026-07-14 14:49:22,459 | INFO | forecast | Training BBCA - LOW
2026-07-14 14:49:23,393 | INFO | forecast | Training BBCA - CLOSE
2026-07-14 14:49:24,376 | INFO | forecast | Training BBCA - VOLUME
2026-07-14 14:49:24,889 | INFO | forecast | Training BBCA - FOREIGN_BUY
2026-07-14 14:49:25,354 | INFO | forecast | Training BBCA - FOREIGN_SELL
2026-07-14 14:49:25,783 | INFO | forecast | Training BBNI - OPEN
2026-07-14 14:49:26,633 | INFO | forecast | Training BBNI - HIGH
2026-07-14 14:49:27,393 | INFO | forecast | Training BBNI - LOW
2026-07-14 14:49:27,992 | INFO | forecast | Training BBNI - CLOSE
2026-07-14 14:49:29,244 | INFO | forecast | Training BBNI - VOLUME
2026-07-14 14:49:29,702 | INFO | forecast | Training BBNI - FOREIGN_BUY
2026-07-14 14:49:30,126 | INFO | forecast | Training BBNI - FOREIGN_SELL
2026-07-14 14:49:30,688 | INFO | forecast | Training BBRI - OPEN
2026-07-14 14:49:31,740 | INFO | forecast | Training BBRI - HIGH
2026-07-14 14:49:32,355 | INFO | forecast | Training BBRI - LOW
2026-07-14 14:49:33,224 | INFO | forecast | Training BBRI - CLOSE
2026-07-14 14:49:33,673 | INFO | forecast | Training BBRI - VOLUME
2026-07-14 14:49:34,112 | INFO | forecast | Training BBRI - FOREIGN_BUY
2026-07-14 14:49:34,475 | INFO | forecast | Training BBRI - FOREIGN_SELL
2026-07-14 14:49:35,013 | INFO | forecast | Training BJBR - OPEN
2026-07-14 14:49:35,630 | INFO | forecast | Training BJBR - HIGH
2026-07-14 14:49:36,276 | INFO | forecast | Training BJBR - LOW
2026-07-14 14:49:36,861 | INFO | forecast | Training BJBR - CLOSE
2026-07-14 14:49:37,596 | INFO | forecast | Training BJBR - VOLUME
2026-07-14 14:49:38,195 | INFO | forecast | Training BJBR - FOREIGN_BUY
2026-07-14 14:49:38,692 | INFO | forecast | Training BJBR - FOREIGN_SELL
2026-07-14 14:49:39,113 | INFO | forecast | Training BMRI - OPEN
2026-07-14 14:49:39,849 | INFO | forecast | Training BMRI - HIGH
2026-07-14 14:49:40,744 | INFO | forecast | Training BMRI - LOW
2026-07-14 14:49:41,493 | INFO | forecast | Training BMRI - CLOSE
2026-07-14 14:49:42,171 | INFO | forecast | Training BMRI - VOLUME
2026-07-14 14:49:42,682 | INFO | forecast | Training BMRI - FOREIGN_BUY
2026-07-14 14:49:42,996 | INFO | forecast | Training BMRI - FOREIGN_SELL
2026-07-14 14:49:43,513 | INFO | forecasting.pipeline | Generating forecast...
2026-07-14 14:49:43,910 | INFO | forecasting.pipeline | Generated 7 forecast rows.
2026-07-14 14:49:43,911 | INFO | forecasting.pipeline | Refreshing forecast table...
2026-07-14 14:49:44,215 | INFO | forecasting.pipeline | Forecast saved successfully.
2026-07-14 14:49:44,215 | INFO | forecasting.pipeline | ========== Forecast Pipeline Finished ==========
2026-07-14 14:59:46,395 | INFO | forecasting.pipeline | ========== Forecast Pipeline Started ==========
2026-07-14 14:59:46,395 | INFO | forecasting.pipeline | Loading stock data...
2026-07-14 14:59:46,800 | INFO | forecasting.pipeline | Loaded 1230 rows.
2026-07-14 14:59:46,800 | INFO | forecasting.pipeline | Training models...
2026-07-14 14:59:46,832 | INFO | forecast | Training BBCA - OPEN
2026-07-14 14:59:49,524 | INFO | forecast | Training BBCA - HIGH
2026-07-14 14:59:50,183 | INFO | forecast | Training BBCA - LOW
2026-07-14 14:59:51,174 | INFO | forecast | Training BBCA - CLOSE
2026-07-14 14:59:52,176 | INFO | forecast | Training BBCA - VOLUME
2026-07-14 14:59:52,702 | INFO | forecast | Training BBCA - FOREIGN_BUY
2026-07-14 14:59:53,253 | INFO | forecast | Training BBCA - FOREIGN_SELL
2026-07-14 14:59:53,724 | INFO | forecast | Training BBNI - OPEN
2026-07-14 14:59:54,517 | INFO | forecast | Training BBNI - HIGH
2026-07-14 14:59:55,314 | INFO | forecast | Training BBNI - LOW
2026-07-14 14:59:55,909 | INFO | forecast | Training BBNI - CLOSE
2026-07-14 14:59:57,369 | INFO | forecast | Training BBNI - VOLUME
2026-07-14 14:59:57,814 | INFO | forecast | Training BBNI - FOREIGN_BUY
2026-07-14 14:59:58,284 | INFO | forecast | Training BBNI - FOREIGN_SELL
2026-07-14 14:59:58,834 | INFO | forecast | Training BBRI - OPEN
2026-07-14 14:59:59,954 | INFO | forecast | Training BBRI - HIGH
2026-07-14 15:00:00,622 | INFO | forecast | Training BBRI - LOW
2026-07-14 15:00:01,513 | INFO | forecast | Training BBRI - CLOSE
2026-07-14 15:00:01,957 | INFO | forecast | Training BBRI - VOLUME
2026-07-14 15:00:02,453 | INFO | forecast | Training BBRI - FOREIGN_BUY
2026-07-14 15:00:02,817 | INFO | forecast | Training BBRI - FOREIGN_SELL
2026-07-14 15:00:03,405 | INFO | forecast | Training BJBR - OPEN
2026-07-14 15:00:04,040 | INFO | forecast | Training BJBR - HIGH
2026-07-14 15:00:04,768 | INFO | forecast | Training BJBR - LOW
2026-07-14 15:00:05,397 | INFO | forecast | Training BJBR - CLOSE
2026-07-14 15:00:06,192 | INFO | forecast | Training BJBR - VOLUME
2026-07-14 15:00:06,848 | INFO | forecast | Training BJBR - FOREIGN_BUY
2026-07-14 15:00:07,352 | INFO | forecast | Training BJBR - FOREIGN_SELL
2026-07-14 15:00:07,787 | INFO | forecast | Training BMRI - OPEN
2026-07-14 15:00:08,491 | INFO | forecast | Training BMRI - HIGH
2026-07-14 15:00:09,488 | INFO | forecast | Training BMRI - LOW
2026-07-14 15:00:10,236 | INFO | forecast | Training BMRI - CLOSE
2026-07-14 15:00:10,867 | INFO | forecast | Training BMRI - VOLUME
2026-07-14 15:00:11,374 | INFO | forecast | Training BMRI - FOREIGN_BUY
2026-07-14 15:00:11,705 | INFO | forecast | Training BMRI - FOREIGN_SELL
2026-07-14 15:00:12,267 | INFO | forecasting.pipeline | Generating forecast...
2026-07-14 15:00:13,684 | INFO | forecasting.pipeline | Generated 35 forecast rows.
2026-07-14 15:00:13,684 | INFO | forecasting.pipeline | Refreshing forecast table...
2026-07-14 15:00:13,823 | INFO | forecasting.pipeline | Forecast saved successfully.
2026-07-14 15:00:13,823 | INFO | forecasting.pipeline | ========== Forecast Pipeline Finished ==========
2026-07-14 15:02:35,270 | INFO | forecasting.pipeline | ========== Forecast Pipeline Started ==========
2026-07-14 15:02:35,271 | INFO | forecasting.pipeline | Loading stock data...
2026-07-14 15:02:35,602 | INFO | forecasting.pipeline | Loaded 1230 rows.
2026-07-14 15:02:35,602 | INFO | forecasting.pipeline | Training models...
2026-07-14 15:02:35,632 | INFO | forecast | Training BBCA - OPEN
2026-07-14 15:02:38,134 | INFO | forecast | Training BBCA - HIGH
2026-07-14 15:02:38,812 | INFO | forecast | Training BBCA - LOW
2026-07-14 15:02:39,812 | INFO | forecast | Training BBCA - CLOSE
2026-07-14 15:02:41,084 | INFO | forecast | Training BBCA - VOLUME
2026-07-14 15:02:41,817 | INFO | forecast | Training BBCA - FOREIGN_BUY
2026-07-14 15:02:42,352 | INFO | forecast | Training BBCA - FOREIGN_SELL
2026-07-14 15:02:42,813 | INFO | forecast | Training BBNI - OPEN
2026-07-14 15:02:43,625 | INFO | forecast | Training BBNI - HIGH
2026-07-14 15:02:44,423 | INFO | forecast | Training BBNI - LOW
2026-07-14 15:02:45,011 | INFO | forecast | Training BBNI - CLOSE
2026-07-14 15:02:46,371 | INFO | forecast | Training BBNI - VOLUME
2026-07-14 15:02:46,872 | INFO | forecast | Training BBNI - FOREIGN_BUY
2026-07-14 15:02:47,347 | INFO | forecast | Training BBNI - FOREIGN_SELL
2026-07-14 15:02:47,839 | INFO | forecast | Training BBRI - OPEN
2026-07-14 15:02:48,906 | INFO | forecast | Training BBRI - HIGH
2026-07-14 15:02:49,558 | INFO | forecast | Training BBRI - LOW
2026-07-14 15:02:50,454 | INFO | forecast | Training BBRI - CLOSE
2026-07-14 15:02:50,916 | INFO | forecast | Training BBRI - VOLUME
2026-07-14 15:02:51,429 | INFO | forecast | Training BBRI - FOREIGN_BUY
2026-07-14 15:02:51,793 | INFO | forecast | Training BBRI - FOREIGN_SELL
2026-07-14 15:02:52,413 | INFO | forecast | Training BJBR - OPEN
2026-07-14 15:02:52,982 | INFO | forecast | Training BJBR - HIGH
2026-07-14 15:02:53,692 | INFO | forecast | Training BJBR - LOW
2026-07-14 15:02:54,336 | INFO | forecast | Training BJBR - CLOSE
2026-07-14 15:02:55,075 | INFO | forecast | Training BJBR - VOLUME
2026-07-14 15:02:55,679 | INFO | forecast | Training BJBR - FOREIGN_BUY
2026-07-14 15:02:56,189 | INFO | forecast | Training BJBR - FOREIGN_SELL
2026-07-14 15:02:56,691 | INFO | forecast | Training BMRI - OPEN
2026-07-14 15:02:57,396 | INFO | forecast | Training BMRI - HIGH
2026-07-14 15:02:58,343 | INFO | forecast | Training BMRI - LOW
2026-07-14 15:02:59,064 | INFO | forecast | Training BMRI - CLOSE
2026-07-14 15:02:59,696 | INFO | forecast | Training BMRI - VOLUME
2026-07-14 15:03:00,206 | INFO | forecast | Training BMRI - FOREIGN_BUY
2026-07-14 15:03:00,537 | INFO | forecast | Training BMRI - FOREIGN_SELL
2026-07-14 15:03:01,149 | INFO | forecasting.pipeline | Generating forecast...
2026-07-14 15:03:02,647 | INFO | forecasting.pipeline | Generated 35 forecast rows.
2026-07-14 15:03:02,647 | INFO | forecasting.pipeline | Refreshing forecast table...
2026-07-14 15:03:02,694 | INFO | forecasting.pipeline | Forecast shape: (35, 10)
2026-07-14 15:03:02,694 | INFO | forecasting.pipeline | 
     tanggal         open         high          low  ...   foreign_buy  foreign_sell  foreign_flow  symbol
0 2026-07-14  6166.520075  6221.560258  6029.287428  ...  5.872084e+11  6.417825e+11 -5.457410e+10    BBCA
1 2026-07-15  6123.929504  6187.250611  5983.229887  ...  6.611617e+11  7.019176e+11 -4.075588e+10    BBCA
2 2026-07-16  6037.089390  6363.967084  6014.767392  ...  5.804379e+11  6.610215e+11 -8.058360e+10    BBCA
3 2026-07-17  6219.749104  6562.772839  5923.924688  ...  1.079812e+12  3.063681e+11  7.734441e+11    BBCA
4 2026-07-20  6411.564742  6701.361641  6201.679101  ...  1.172454e+12  7.912874e+11  3.811665e+11    BBCA

[5 rows x 10 columns]
2026-07-14 15:03:02,789 | INFO | forecasting.pipeline | Forecast saved successfully.
2026-07-14 15:03:02,790 | INFO | forecasting.pipeline | ========== Forecast Pipeline Finished ==========
2026-07-14 15:26:55,902 | INFO | forecasting.pipeline | ========== Forecast Pipeline Started ==========
2026-07-14 15:26:55,902 | INFO | forecasting.pipeline | Loading stock data...
2026-07-14 15:26:56,333 | INFO | forecasting.pipeline | Loaded 1230 rows.
2026-07-14 15:26:56,333 | INFO | forecasting.pipeline | Training models...
2026-07-14 15:26:56,390 | INFO | forecast | Training BBCA - OPEN
2026-07-14 15:26:59,052 | INFO | forecast | Training BBCA - HIGH
2026-07-14 15:26:59,789 | INFO | forecast | Training BBCA - LOW
2026-07-14 15:27:01,273 | INFO | forecast | Training BBCA - CLOSE
2026-07-14 15:27:02,481 | INFO | forecast | Training BBCA - VOLUME
2026-07-14 15:27:03,046 | INFO | forecast | Training BBCA - FOREIGN_BUY
2026-07-14 15:27:03,596 | INFO | forecast | Training BBCA - FOREIGN_SELL
2026-07-14 15:27:04,060 | INFO | forecast | Training BBNI - OPEN
2026-07-14 15:27:04,889 | INFO | forecast | Training BBNI - HIGH
2026-07-14 15:27:05,705 | INFO | forecast | Training BBNI - LOW
2026-07-14 15:27:06,281 | INFO | forecast | Training BBNI - CLOSE
2026-07-14 15:27:07,682 | INFO | forecast | Training BBNI - VOLUME
2026-07-14 15:27:08,176 | INFO | forecast | Training BBNI - FOREIGN_BUY
2026-07-14 15:27:08,619 | INFO | forecast | Training BBNI - FOREIGN_SELL
2026-07-14 15:27:09,102 | INFO | forecast | Training BBRI - OPEN
2026-07-14 15:27:10,241 | INFO | forecast | Training BBRI - HIGH
2026-07-14 15:27:10,894 | INFO | forecast | Training BBRI - LOW
2026-07-14 15:27:11,798 | INFO | forecast | Training BBRI - CLOSE
2026-07-14 15:27:12,325 | INFO | forecast | Training BBRI - VOLUME
2026-07-14 15:27:12,793 | INFO | forecast | Training BBRI - FOREIGN_BUY
2026-07-14 15:27:13,157 | INFO | forecast | Training BBRI - FOREIGN_SELL
2026-07-14 15:27:13,724 | INFO | forecast | Training BJBR - OPEN
2026-07-14 15:27:14,292 | INFO | forecast | Training BJBR - HIGH
2026-07-14 15:27:14,975 | INFO | forecast | Training BJBR - LOW
2026-07-14 15:27:15,617 | INFO | forecast | Training BJBR - CLOSE
2026-07-14 15:27:16,398 | INFO | forecast | Training BJBR - VOLUME
2026-07-14 15:27:17,025 | INFO | forecast | Training BJBR - FOREIGN_BUY
2026-07-14 15:27:17,576 | INFO | forecast | Training BJBR - FOREIGN_SELL
2026-07-14 15:27:18,043 | INFO | forecast | Training BMRI - OPEN
2026-07-14 15:27:18,775 | INFO | forecast | Training BMRI - HIGH
2026-07-14 15:27:19,703 | INFO | forecast | Training BMRI - LOW
2026-07-14 15:27:20,424 | INFO | forecast | Training BMRI - CLOSE
2026-07-14 15:27:21,063 | INFO | forecast | Training BMRI - VOLUME
2026-07-14 15:27:21,611 | INFO | forecast | Training BMRI - FOREIGN_BUY
2026-07-14 15:27:21,938 | INFO | forecast | Training BMRI - FOREIGN_SELL
2026-07-14 15:27:22,513 | INFO | forecasting.pipeline | Generating forecast...
2026-07-14 15:27:24,090 | INFO | forecasting.pipeline | Generated 35 forecast rows.
2026-07-14 15:27:24,090 | INFO | forecasting.pipeline | Refreshing forecast table...
2026-07-14 15:27:25,192 | INFO | forecasting.pipeline | Forecast saved successfully.
2026-07-14 15:27:25,192 | INFO | forecasting.pipeline | ========== Forecast Pipeline Finished ==========
2026-07-23 10:03:36,616 | INFO | __main__ | ========== Forecast Pipeline Started ==========
2026-07-23 10:03:36,624 | INFO | __main__ | Loading stock data...
2026-07-23 10:03:38,151 | INFO | __main__ | Loaded 6015 rows.
2026-07-23 10:03:38,151 | INFO | __main__ | Training models...
2026-07-23 10:03:38,221 | INFO | forecast | Training BBCA - OPEN
2026-07-23 10:03:40,851 | INFO | forecast | Training BBCA - HIGH
2026-07-23 10:03:41,363 | INFO | forecast | Training BBCA - LOW
2026-07-23 10:03:41,849 | INFO | forecast | Training BBCA - CLOSE
2026-07-23 10:03:42,294 | INFO | forecast | Training BBCA - VOLUME
2026-07-23 10:03:42,810 | INFO | forecast | Training BBNI - OPEN
2026-07-23 10:03:43,310 | INFO | forecast | Training BBNI - HIGH
2026-07-23 10:03:43,833 | INFO | forecast | Training BBNI - LOW
2026-07-23 10:03:44,298 | INFO | forecast | Training BBNI - CLOSE
2026-07-23 10:03:44,773 | INFO | forecast | Training BBNI - VOLUME
2026-07-23 10:03:45,343 | INFO | forecast | Training BBRI - OPEN
2026-07-23 10:03:45,858 | INFO | forecast | Training BBRI - HIGH
2026-07-23 10:03:46,320 | INFO | forecast | Training BBRI - LOW
2026-07-23 10:03:46,826 | INFO | forecast | Training BBRI - CLOSE
2026-07-23 10:03:47,290 | INFO | forecast | Training BBRI - VOLUME
2026-07-23 10:03:47,832 | INFO | forecast | Training BJBR - OPEN
2026-07-23 10:03:48,319 | INFO | forecast | Training BJBR - HIGH
2026-07-23 10:03:48,816 | INFO | forecast | Training BJBR - LOW
2026-07-23 10:03:49,332 | INFO | forecast | Training BJBR - CLOSE
2026-07-23 10:03:49,821 | INFO | forecast | Training BJBR - VOLUME
2026-07-23 10:03:50,390 | INFO | forecast | Training BMRI - OPEN
2026-07-23 10:03:50,851 | INFO | forecast | Training BMRI - HIGH
2026-07-23 10:03:51,335 | INFO | forecast | Training BMRI - LOW
2026-07-23 10:03:51,827 | INFO | forecast | Training BMRI - CLOSE
2026-07-23 10:03:52,322 | INFO | forecast | Training BMRI - VOLUME
2026-07-23 10:03:52,806 | INFO | __main__ | Generating forecast...
2026-07-23 10:03:55,463 | INFO | __main__ | Generated 35 forecast rows.
2026-07-23 10:03:55,464 | INFO | __main__ | Refreshing forecast table...
2026-07-23 10:03:56,543 | INFO | __main__ | Forecast saved successfully.
2026-07-23 10:03:56,544 | INFO | __main__ | ========== Forecast Pipeline Finished ==========
2026-07-23 10:06:00,697 | INFO | __main__ | ========== Forecast Pipeline Started ==========
2026-07-23 10:06:00,697 | INFO | __main__ | Loading stock data...
2026-07-23 10:06:01,336 | INFO | __main__ | Loaded 6015 rows.
2026-07-23 10:06:01,337 | INFO | __main__ | Training models...
2026-07-23 10:06:01,399 | INFO | forecast | Training BBCA - OPEN
2026-07-23 10:06:03,661 | INFO | forecast | Training BBCA - HIGH
2026-07-23 10:06:04,115 | INFO | forecast | Training BBCA - LOW
2026-07-23 10:06:04,575 | INFO | forecast | Training BBCA - CLOSE
2026-07-23 10:06:05,045 | INFO | forecast | Training BBCA - VOLUME
2026-07-23 10:06:05,592 | INFO | forecast | Training BBNI - OPEN
2026-07-23 10:06:06,128 | INFO | forecast | Training BBNI - HIGH
2026-07-23 10:06:06,613 | INFO | forecast | Training BBNI - LOW
2026-07-23 10:06:07,107 | INFO | forecast | Training BBNI - CLOSE
2026-07-23 10:06:07,571 | INFO | forecast | Training BBNI - VOLUME
2026-07-23 10:06:08,193 | INFO | forecast | Training BBRI - OPEN
2026-07-23 10:06:08,652 | INFO | forecast | Training BBRI - HIGH
2026-07-23 10:06:09,142 | INFO | forecast | Training BBRI - LOW
2026-07-23 10:06:09,605 | INFO | forecast | Training BBRI - CLOSE
2026-07-23 10:06:10,067 | INFO | forecast | Training BBRI - VOLUME
2026-07-23 10:06:10,615 | INFO | forecast | Training BJBR - OPEN
2026-07-23 10:06:11,110 | INFO | forecast | Training BJBR - HIGH
2026-07-23 10:06:11,557 | INFO | forecast | Training BJBR - LOW
2026-07-23 10:06:12,027 | INFO | forecast | Training BJBR - CLOSE
2026-07-23 10:06:12,491 | INFO | forecast | Training BJBR - VOLUME
2026-07-23 10:06:13,020 | INFO | forecast | Training BMRI - OPEN
2026-07-23 10:06:13,479 | INFO | forecast | Training BMRI - HIGH
2026-07-23 10:06:13,932 | INFO | forecast | Training BMRI - LOW
2026-07-23 10:06:14,383 | INFO | forecast | Training BMRI - CLOSE
2026-07-23 10:06:14,887 | INFO | forecast | Training BMRI - VOLUME
2026-07-23 10:06:15,384 | INFO | __main__ | Generating forecast...
2026-07-23 10:06:18,098 | INFO | __main__ | Generated 35 forecast rows.
2026-07-23 10:06:18,098 | INFO | __main__ | Refreshing forecast table...
2026-07-23 10:06:18,661 | INFO | __main__ | Forecast saved successfully.
2026-07-23 10:06:18,661 | INFO | __main__ | ========== Forecast Pipeline Finished ==========
2026-08-08 12:11:52,927 | INFO | forecasting.pipeline | ========== Forecast Pipeline Started ==========
2026-08-08 12:11:53,943 | INFO | forecasting.pipeline | Loading stock data...
2026-08-08 12:11:56,652 | ERROR | forecasting.pipeline | Forecast pipeline failed!
Traceback (most recent call last):
  File "C:\Project\stockVision\venv\Lib\site-packages\sqlalchemy\engine\base.py", line 144, in __init__
    self._dbapi_connection = engine.raw_connection()
                             ^^^^^^^^^^^^^^^^^^^^^^^
  File "C:\Project\stockVision\venv\Lib\site-packages\sqlalchemy\engine\base.py", line 3319, in raw_connection
    return self.pool.connect()
           ^^^^^^^^^^^^^^^^^^^
  File "C:\Project\stockVision\venv\Lib\site-packages\sqlalchemy\pool\base.py", line 448, in connect
    return _ConnectionFairy._checkout(self)
           ^^^^^^^^^^^^^^^^^^^^^^^^^^^^^^^^
  File "C:\Project\stockVision\venv\Lib\site-packages\sqlalchemy\pool\base.py", line 1272, in _checkout
    fairy = _ConnectionRecord.checkout(pool)
            ^^^^^^^^^^^^^^^^^^^^^^^^^^^^^^^^
  File "C:\Project\stockVision\venv\Lib\site-packages\sqlalchemy\pool\base.py", line 712, in checkout
    rec = pool._do_get()
          ^^^^^^^^^^^^^^
  File "C:\Project\stockVision\venv\Lib\site-packages\sqlalchemy\pool\impl.py", line 178, in _do_get
    with util.safe_reraise():
  File "C:\Project\stockVision\venv\Lib\site-packages\sqlalchemy\util\langhelpers.py", line 122, in __exit__
    raise exc_value.with_traceback(exc_tb)
  File "C:\Project\stockVision\venv\Lib\site-packages\sqlalchemy\pool\impl.py", line 176, in _do_get
    return self._create_connection()
           ^^^^^^^^^^^^^^^^^^^^^^^^^
  File "C:\Project\stockVision\venv\Lib\site-packages\sqlalchemy\pool\base.py", line 389, in _create_connection
    return _ConnectionRecord(self)
           ^^^^^^^^^^^^^^^^^^^^^^^
  File "C:\Project\stockVision\venv\Lib\site-packages\sqlalchemy\pool\base.py", line 674, in __init__
    self.__connect()
  File "C:\Project\stockVision\venv\Lib\site-packages\sqlalchemy\pool\base.py", line 900, in __connect
    with util.safe_reraise():
  File "C:\Project\stockVision\venv\Lib\site-packages\sqlalchemy\util\langhelpers.py", line 122, in __exit__
    raise exc_value.with_traceback(exc_tb)
  File "C:\Project\stockVision\venv\Lib\site-packages\sqlalchemy\pool\base.py", line 896, in __connect
    self.dbapi_connection = connection = pool._invoke_creator(self)
                                         ^^^^^^^^^^^^^^^^^^^^^^^^^^
  File "C:\Project\stockVision\venv\Lib\site-packages\sqlalchemy\engine\create.py", line 667, in connect
    return dialect.connect(*cargs_tup, **cparams)
           ^^^^^^^^^^^^^^^^^^^^^^^^^^^^^^^^^^^^^^
  File "C:\Project\stockVision\venv\Lib\site-packages\sqlalchemy\engine\default.py", line 630, in connect
    return self.loaded_dbapi.connect(*cargs, **cparams)  # type: ignore[no-any-return]  # NOQA: E501
           ^^^^^^^^^^^^^^^^^^^^^^^^^^^^^^^^^^^^^^^^^^^^
  File "C:\Project\stockVision\venv\Lib\site-packages\psycopg2\__init__.py", line 135, in connect
    conn = _connect(dsn, connection_factory=connection_factory, **kwasync)
           ^^^^^^^^^^^^^^^^^^^^^^^^^^^^^^^^^^^^^^^^^^^^^^^^^^^^^^^^^^^^^^^
psycopg2.OperationalError: connection to server at "10.1.8.108", port 5434 failed: No route to host (0x00002751/10065)
	Is the server running on that host and accepting TCP/IP connections?


The above exception was the direct cause of the following exception:

Traceback (most recent call last):
  File "C:\Project\stockVision\backend\forecasting\pipeline.py", line 25, in run_pipeline
    df = load_stock_data()
         ^^^^^^^^^^^^^^^^^
  File "C:\Project\stockVision\backend\forecasting\database.py", line 49, in load_stock_data
    return pd.read_sql(query, engine)
           ^^^^^^^^^^^^^^^^^^^^^^^^^^
  File "C:\Project\stockVision\venv\Lib\site-packages\pandas\io\sql.py", line 700, in read_sql
    with pandasSQL_builder(con) as pandas_sql:
         ^^^^^^^^^^^^^^^^^^^^^^
  File "C:\Project\stockVision\venv\Lib\site-packages\pandas\io\sql.py", line 908, in pandasSQL_builder
    return SQLDatabase(con, schema, need_transaction)
           ^^^^^^^^^^^^^^^^^^^^^^^^^^^^^^^^^^^^^^^^^^
  File "C:\Project\stockVision\venv\Lib\site-packages\pandas\io\sql.py", line 1649, in __init__
    con = self.exit_stack.enter_context(con.connect())
                                        ^^^^^^^^^^^^^
  File "C:\Project\stockVision\venv\Lib\site-packages\sqlalchemy\engine\base.py", line 3295, in connect
    return self._connection_cls(self)
           ^^^^^^^^^^^^^^^^^^^^^^^^^^
  File "C:\Project\stockVision\venv\Lib\site-packages\sqlalchemy\engine\base.py", line 146, in __init__
    Connection._handle_dbapi_exception_noconnection(
  File "C:\Project\stockVision\venv\Lib\site-packages\sqlalchemy\engine\base.py", line 2450, in _handle_dbapi_exception_noconnection
    raise sqlalchemy_exception.with_traceback(exc_info[2]) from e
  File "C:\Project\stockVision\venv\Lib\site-packages\sqlalchemy\engine\base.py", line 144, in __init__
    self._dbapi_connection = engine.raw_connection()
                             ^^^^^^^^^^^^^^^^^^^^^^^
  File "C:\Project\stockVision\venv\Lib\site-packages\sqlalchemy\engine\base.py", line 3319, in raw_connection
    return self.pool.connect()
           ^^^^^^^^^^^^^^^^^^^
  File "C:\Project\stockVision\venv\Lib\site-packages\sqlalchemy\pool\base.py", line 448, in connect
    return _ConnectionFairy._checkout(self)
           ^^^^^^^^^^^^^^^^^^^^^^^^^^^^^^^^
  File "C:\Project\stockVision\venv\Lib\site-packages\sqlalchemy\pool\base.py", line 1272, in _checkout
    fairy = _ConnectionRecord.checkout(pool)
            ^^^^^^^^^^^^^^^^^^^^^^^^^^^^^^^^
  File "C:\Project\stockVision\venv\Lib\site-packages\sqlalchemy\pool\base.py", line 712, in checkout
    rec = pool._do_get()
          ^^^^^^^^^^^^^^
  File "C:\Project\stockVision\venv\Lib\site-packages\sqlalchemy\pool\impl.py", line 178, in _do_get
    with util.safe_reraise():
  File "C:\Project\stockVision\venv\Lib\site-packages\sqlalchemy\util\langhelpers.py", line 122, in __exit__
    raise exc_value.with_traceback(exc_tb)
  File "C:\Project\stockVision\venv\Lib\site-packages\sqlalchemy\pool\impl.py", line 176, in _do_get
    return self._create_connection()
           ^^^^^^^^^^^^^^^^^^^^^^^^^
  File "C:\Project\stockVision\venv\Lib\site-packages\sqlalchemy\pool\base.py", line 389, in _create_connection
    return _ConnectionRecord(self)
           ^^^^^^^^^^^^^^^^^^^^^^^
  File "C:\Project\stockVision\venv\Lib\site-packages\sqlalchemy\pool\base.py", line 674, in __init__
    self.__connect()
  File "C:\Project\stockVision\venv\Lib\site-packages\sqlalchemy\pool\base.py", line 900, in __connect
    with util.safe_reraise():
  File "C:\Project\stockVision\venv\Lib\site-packages\sqlalchemy\util\langhelpers.py", line 122, in __exit__
    raise exc_value.with_traceback(exc_tb)
  File "C:\Project\stockVision\venv\Lib\site-packages\sqlalchemy\pool\base.py", line 896, in __connect
    self.dbapi_connection = connection = pool._invoke_creator(self)
                                         ^^^^^^^^^^^^^^^^^^^^^^^^^^
  File "C:\Project\stockVision\venv\Lib\site-packages\sqlalchemy\engine\create.py", line 667, in connect
    return dialect.connect(*cargs_tup, **cparams)
           ^^^^^^^^^^^^^^^^^^^^^^^^^^^^^^^^^^^^^^
  File "C:\Project\stockVision\venv\Lib\site-packages\sqlalchemy\engine\default.py", line 630, in connect
    return self.loaded_dbapi.connect(*cargs, **cparams)  # type: ignore[no-any-return]  # NOQA: E501
           ^^^^^^^^^^^^^^^^^^^^^^^^^^^^^^^^^^^^^^^^^^^^
  File "C:\Project\stockVision\venv\Lib\site-packages\psycopg2\__init__.py", line 135, in connect
    conn = _connect(dsn, connection_factory=connection_factory, **kwasync)
           ^^^^^^^^^^^^^^^^^^^^^^^^^^^^^^^^^^^^^^^^^^^^^^^^^^^^^^^^^^^^^^^
sqlalchemy.exc.OperationalError: (psycopg2.OperationalError) connection to server at "10.1.8.108", port 5434 failed: No route to host (0x00002751/10065)
	Is the server running on that host and accepting TCP/IP connections?

(Background on this error at: https://sqlalche.me/e/20/e3q8)
2026-08-24 13:45:51,151 | INFO | forecast | Executing clustering pipeline...
2026-08-24 13:45:51,386 | INFO | forecast | ========== Clustering Pipeline Started ==========
2026-08-24 13:45:54,024 | INFO | forecast | Computed features for 19 / 937 symbols (min 60 data points required).
2026-08-24 13:45:54,027 | INFO | forecast | Fitting KMeans with k=3...
2026-08-24 13:45:56,087 | INFO | forecast | Saved clustering scaler & KMeans model to C:\ADITT\KP Telsig\stockVision\backend\forecasting\models
2026-08-24 13:45:56,091 | INFO | forecast | Saving cluster assignments & metadata to database...
2026-08-24 13:45:56,136 | INFO | forecast |   Cluster 0 (High Volatility - Growth - High Liquidity): 6 members
2026-08-24 13:45:56,136 | INFO | forecast |   Cluster 1 (Low Volatility - Declining - Low Liquidity): 11 members
2026-08-24 13:45:56,136 | INFO | forecast |   Cluster 2 (High Volatility - Declining): 2 members
2026-08-24 13:45:56,136 | INFO | forecast | ========== Clustering Complete: 3 clusters, silhouette=0.6118 ==========
2026-08-24 13:46:06,832 | INFO | forecast | Computed features for 1 / 1 symbols (min 60 data points required).
2026-08-24 13:48:28,011 | INFO | forecast | ========== Cluster Model Training Started ==========
2026-08-24 13:48:28,310 | INFO | forecast |   Using global fallback params for cluster 0 / open
2026-08-24 13:48:28,311 | INFO | forecast |   Training cluster 0 / open (5910 samples, 5 symbols)...
2026-08-24 13:48:34,597 | INFO | forecast |   Using global fallback params for cluster 0 / high
2026-08-24 13:48:34,598 | INFO | forecast |   Training cluster 0 / high (5910 samples, 5 symbols)...
2026-08-24 13:48:39,137 | INFO | forecast |   Using global fallback params for cluster 0 / low
2026-08-24 13:48:39,138 | INFO | forecast |   Training cluster 0 / low (5910 samples, 5 symbols)...
2026-08-24 13:48:43,552 | INFO | forecast |   Using global fallback params for cluster 0 / close
2026-08-24 13:48:43,553 | INFO | forecast |   Training cluster 0 / close (5910 samples, 5 symbols)...
2026-08-24 13:48:48,035 | INFO | forecast |   Using global fallback params for cluster 0 / volume
2026-08-24 13:48:48,035 | INFO | forecast |   Training cluster 0 / volume (5910 samples, 5 symbols)...
2026-08-24 13:48:50,225 | INFO | forecast | Saved 25 accuracy records to database.
2026-08-24 13:48:50,227 | INFO | forecast |   Cluster 0: avg accuracy = 77.11%
2026-08-24 13:48:50,227 | INFO | forecast | ========== Cluster Model Training Complete ==========
2026-08-24 13:48:51,387 | INFO | forecast | Generated 15 forecast rows for 5 symbols.
2026-08-24 14:01:15,940 | INFO | forecast | ========== Clustering Pipeline Started ==========
2026-08-24 14:01:18,705 | INFO | forecast | Computed features for 19 / 937 symbols (min 60 data points required).
2026-08-24 14:01:18,706 | INFO | forecast | Auto-detecting optimal k (range 3-10)...
2026-08-24 14:01:20,554 | INFO | forecast |   k=3: silhouette=0.6118
2026-08-24 14:01:20,608 | INFO | forecast |   k=4: silhouette=0.5862
2026-08-24 14:01:20,657 | INFO | forecast |   k=5: silhouette=0.5968
2026-08-24 14:01:20,709 | INFO | forecast |   k=6: silhouette=0.5749
2026-08-24 14:01:20,762 | INFO | forecast |   k=7: silhouette=0.5424
2026-08-24 14:01:20,824 | INFO | forecast |   k=8: silhouette=0.5378
2026-08-24 14:01:20,873 | INFO | forecast |   k=9: silhouette=0.5160
2026-08-24 14:01:20,928 | INFO | forecast |   k=10: silhouette=0.4997
2026-08-24 14:01:20,929 | INFO | forecast |   Optimal k=3 (silhouette=0.6118)
2026-08-24 14:01:20,929 | INFO | forecast | Fitting KMeans with k=3...
2026-08-24 14:01:20,981 | INFO | forecast | Saved clustering scaler & KMeans model to C:\ADITT\KP Telsig\stockVision\backend\forecasting\models
2026-08-24 14:01:20,985 | INFO | forecast | Saving cluster assignments & metadata to database...
2026-08-24 14:01:27,035 | INFO | forecast |   Cluster 0 (High Volatility - Growth - High Liquidity): 6 members
2026-08-24 14:01:27,035 | INFO | forecast |   Cluster 1 (Low Volatility - Declining - Low Liquidity): 11 members
2026-08-24 14:01:27,035 | INFO | forecast |   Cluster 2 (High Volatility - Declining): 2 members
2026-08-24 14:01:27,035 | INFO | forecast | ========== Clustering Complete: 3 clusters, silhouette=0.6118 ==========
2026-08-24 14:01:27,220 | INFO | forecast | Computed features for 1 / 1 symbols (min 60 data points required).
2026-08-24 14:01:30,259 | INFO | forecast | Assigned BBCA -> cluster 0 (High Volatility - Growth - High Liquidity)
2026-08-24 14:01:30,263 | INFO | forecast | ==================================================
2026-08-24 14:01:30,263 | INFO | forecast | === StockVision Enhanced ML Pipeline Starting  ===
2026-08-24 14:01:30,263 | INFO | forecast | ==================================================
2026-08-24 14:01:30,263 | INFO | forecast | [Step 1/5] Ensuring database schema and tables exist...
2026-08-24 14:01:33,282 | INFO | forecast | [Step 2/5] Loading historical stock data from idxsaham.ohlc_forecasting...
2026-08-24 14:01:33,463 | INFO | forecast | Loaded 25607 rows across 937 unique symbols.
2026-08-24 14:01:33,464 | INFO | forecast | [Step 3/5] Handling stock movement clustering...
2026-08-24 14:01:33,469 | INFO | forecast | Using 19 existing cluster assignments from database.
2026-08-24 14:01:33,469 | INFO | forecast | [Step 4/5] Training cluster-aware LightGBM models and computing accuracy...
2026-08-24 14:01:33,469 | INFO | forecast | ========== Cluster Model Training Started ==========
2026-08-24 14:01:33,891 | INFO | forecast |   Using global fallback params for cluster 0 / open
2026-08-24 14:01:33,892 | INFO | forecast |   Training cluster 0 / open (7092 samples, 6 symbols)...
2026-08-24 14:01:39,871 | INFO | forecast |   Using global fallback params for cluster 0 / high
2026-08-24 14:01:39,871 | INFO | forecast |   Training cluster 0 / high (7092 samples, 6 symbols)...
2026-08-24 14:01:45,224 | INFO | forecast |   Using global fallback params for cluster 0 / low
2026-08-24 14:01:45,224 | INFO | forecast |   Training cluster 0 / low (7092 samples, 6 symbols)...
2026-08-24 14:01:50,816 | INFO | forecast |   Using global fallback params for cluster 0 / close
2026-08-24 14:01:50,817 | INFO | forecast |   Training cluster 0 / close (7092 samples, 6 symbols)...
2026-08-24 14:01:56,680 | INFO | forecast |   Using global fallback params for cluster 0 / volume
2026-08-24 14:01:56,680 | INFO | forecast |   Training cluster 0 / volume (7092 samples, 6 symbols)...
2026-08-24 14:02:00,133 | INFO | forecast |   Using global fallback params for cluster 1 / open
2026-08-24 14:02:00,133 | INFO | forecast |   Training cluster 1 / open (1549 samples, 2 symbols)...
2026-08-24 14:02:03,108 | INFO | forecast |   Using global fallback params for cluster 1 / high
2026-08-24 14:02:03,109 | INFO | forecast |   Training cluster 1 / high (1549 samples, 2 symbols)...
2026-08-24 14:02:06,237 | INFO | forecast |   Using global fallback params for cluster 1 / low
2026-08-24 14:02:06,237 | INFO | forecast |   Training cluster 1 / low (1549 samples, 2 symbols)...
2026-08-24 14:02:09,782 | INFO | forecast |   Using global fallback params for cluster 1 / close
2026-08-24 14:02:09,782 | INFO | forecast |   Training cluster 1 / close (1549 samples, 2 symbols)...
2026-08-24 14:02:12,433 | INFO | forecast |   Using global fallback params for cluster 1 / volume
2026-08-24 14:02:12,433 | INFO | forecast |   Training cluster 1 / volume (1549 samples, 2 symbols)...
2026-08-24 14:02:14,313 | INFO | forecast |   Using global fallback params for cluster 2 / open
2026-08-24 14:02:14,313 | INFO | forecast |   Training cluster 2 / open (2364 samples, 2 symbols)...
2026-08-24 14:02:17,109 | INFO | forecast |   Using global fallback params for cluster 2 / high
2026-08-24 14:02:17,110 | INFO | forecast |   Training cluster 2 / high (2364 samples, 2 symbols)...
2026-08-24 14:02:19,620 | INFO | forecast |   Using global fallback params for cluster 2 / low
2026-08-24 14:02:19,620 | INFO | forecast |   Training cluster 2 / low (2364 samples, 2 symbols)...
2026-08-24 14:02:22,258 | INFO | forecast |   Using global fallback params for cluster 2 / close
2026-08-24 14:02:22,258 | INFO | forecast |   Training cluster 2 / close (2364 samples, 2 symbols)...
2026-08-24 14:02:24,993 | INFO | forecast |   Using global fallback params for cluster 2 / volume
2026-08-24 14:02:24,993 | INFO | forecast |   Training cluster 2 / volume (2364 samples, 2 symbols)...
2026-08-24 14:02:30,005 | INFO | forecast | Saved 50 accuracy records to database.
2026-08-24 14:02:30,006 | INFO | forecast |   Cluster 0: avg accuracy = 77.40%
2026-08-24 14:02:30,007 | INFO | forecast |   Cluster 1: avg accuracy = 68.88%
2026-08-24 14:02:30,007 | INFO | forecast |   Cluster 2: avg accuracy = 78.76%
2026-08-24 14:02:30,007 | INFO | forecast | ========== Cluster Model Training Complete ==========
2026-08-24 14:02:30,007 | INFO | forecast | [Step 5/5] Generating 7-day forecasts for all stocks...
2026-08-24 14:02:35,952 | INFO | forecast | Generated 70 forecast rows for 10 symbols.
2026-08-24 14:02:35,953 | INFO | forecast | Generated 70 forecast records.
2026-08-24 14:02:35,953 | INFO | forecast | Refreshing idxsaham.stock_forecasting table...
2026-08-24 14:02:36,025 | INFO | forecast | Forecast data saved successfully to idxsaham.stock_forecasting.
2026-08-24 14:02:36,025 | INFO | forecast | ==================================================
2026-08-24 14:02:36,025 | INFO | forecast | === StockVision Enhanced ML Pipeline Finished  ===
2026-08-24 14:02:36,025 | INFO | forecast | ==================================================
2026-08-24 14:20:00,285 | INFO | forecast | Computed features for 1 / 1 symbols (min 60 data points required).
2026-08-24 14:20:03,420 | INFO | forecast | Assigned BBCA -> cluster 0 (High Volatility - Growth - High Liquidity)
2026-08-24 14:21:59,131 | INFO | forecast | ========== Clustering Pipeline Started ==========
2026-08-24 14:22:01,782 | INFO | forecast | Computed features for 19 / 937 symbols (min 60 data points required).
2026-08-24 14:22:01,784 | INFO | forecast | Auto-detecting optimal k (range 3-10)...
2026-08-24 14:22:03,617 | INFO | forecast |   k=3: silhouette=0.6118
2026-08-24 14:22:03,664 | INFO | forecast |   k=4: silhouette=0.5862
2026-08-24 14:22:03,712 | INFO | forecast |   k=5: silhouette=0.5968
2026-08-24 14:22:03,769 | INFO | forecast |   k=6: silhouette=0.5749
2026-08-24 14:22:03,840 | INFO | forecast |   k=7: silhouette=0.5424
2026-08-24 14:22:03,898 | INFO | forecast |   k=8: silhouette=0.5378
2026-08-24 14:22:03,961 | INFO | forecast |   k=9: silhouette=0.5160
2026-08-24 14:22:04,029 | INFO | forecast |   k=10: silhouette=0.4997
2026-08-24 14:22:04,030 | INFO | forecast |   Optimal k=3 (silhouette=0.6118)
2026-08-24 14:22:04,030 | INFO | forecast | Fitting KMeans with k=3...
2026-08-24 14:22:04,094 | INFO | forecast | Saved clustering scaler & KMeans model to C:\ADITT\KP Telsig\stockVision\backend\forecasting\models
2026-08-24 14:22:04,100 | INFO | forecast | Saving cluster assignments & metadata to database...
2026-08-24 14:22:10,157 | INFO | forecast |   Cluster 0 (High Volatility - Growth - High Liquidity): 6 members
2026-08-24 14:22:10,157 | INFO | forecast |   Cluster 1 (Low Volatility - Declining - Low Liquidity): 11 members
2026-08-24 14:22:10,158 | INFO | forecast |   Cluster 2 (High Volatility - Declining): 2 members
2026-08-24 14:22:10,158 | INFO | forecast | ========== Clustering Complete: 3 clusters, silhouette=0.6118 ==========
2026-08-24 14:22:10,353 | INFO | forecast | Computed features for 1 / 1 symbols (min 60 data points required).
2026-08-24 14:22:13,393 | INFO | forecast | Assigned BBCA -> cluster 0 (High Volatility - Growth - High Liquidity)
2026-08-24 14:22:13,396 | INFO | forecast | ==================================================
2026-08-24 14:22:13,396 | INFO | forecast | === StockVision Enhanced ML Pipeline Starting  ===
2026-08-24 14:22:13,396 | INFO | forecast | ==================================================
2026-08-24 14:22:13,396 | INFO | forecast | [Step 1/5] Ensuring database schema and tables exist...
2026-08-24 14:22:16,427 | INFO | forecast | [Step 2/5] Loading historical stock data from idxsaham.ohlc_forecasting...
2026-08-24 14:22:16,597 | INFO | forecast | Loaded 25607 rows across 937 unique symbols.
2026-08-24 14:22:16,597 | INFO | forecast | [Step 3/5] Handling stock movement clustering...
2026-08-24 14:22:16,601 | INFO | forecast | Using 19 existing cluster assignments from database.
2026-08-24 14:22:16,601 | INFO | forecast | [Step 4/5] Training cluster-aware LightGBM models and computing accuracy...
2026-08-24 14:22:16,601 | INFO | forecast | ========== Cluster Model Training Started ==========
2026-08-24 14:22:16,975 | INFO | forecast |   Using global fallback params for cluster 0 / open
2026-08-24 14:22:16,975 | INFO | forecast |   Training cluster 0 / open (7092 samples, 6 symbols)...
2026-08-24 14:22:21,951 | INFO | forecast |   Using global fallback params for cluster 0 / high
2026-08-24 14:22:21,952 | INFO | forecast |   Training cluster 0 / high (7092 samples, 6 symbols)...
2026-08-24 14:22:26,999 | INFO | forecast |   Using global fallback params for cluster 0 / low
2026-08-24 14:22:26,999 | INFO | forecast |   Training cluster 0 / low (7092 samples, 6 symbols)...
2026-08-24 14:22:32,821 | INFO | forecast |   Using global fallback params for cluster 0 / close
2026-08-24 14:22:32,821 | INFO | forecast |   Training cluster 0 / close (7092 samples, 6 symbols)...
2026-08-24 14:22:38,438 | INFO | forecast |   Using global fallback params for cluster 0 / volume
2026-08-24 14:22:38,439 | INFO | forecast |   Training cluster 0 / volume (7092 samples, 6 symbols)...
2026-08-24 14:22:41,958 | INFO | forecast |   Using global fallback params for cluster 1 / open
2026-08-24 14:22:41,958 | INFO | forecast |   Training cluster 1 / open (1549 samples, 2 symbols)...
2026-08-24 14:22:44,784 | INFO | forecast |   Using global fallback params for cluster 1 / high
2026-08-24 14:22:44,784 | INFO | forecast |   Training cluster 1 / high (1549 samples, 2 symbols)...
2026-08-24 14:22:47,375 | INFO | forecast |   Using global fallback params for cluster 1 / low
2026-08-24 14:22:47,375 | INFO | forecast |   Training cluster 1 / low (1549 samples, 2 symbols)...
2026-08-24 14:22:49,816 | INFO | forecast |   Using global fallback params for cluster 1 / close
2026-08-24 14:22:49,817 | INFO | forecast |   Training cluster 1 / close (1549 samples, 2 symbols)...
2026-08-24 14:22:52,268 | INFO | forecast |   Using global fallback params for cluster 1 / volume
2026-08-24 14:22:52,270 | INFO | forecast |   Training cluster 1 / volume (1549 samples, 2 symbols)...
2026-08-24 14:22:53,966 | INFO | forecast |   Using global fallback params for cluster 2 / open
2026-08-24 14:22:53,966 | INFO | forecast |   Training cluster 2 / open (2364 samples, 2 symbols)...
2026-08-24 14:22:56,608 | INFO | forecast |   Using global fallback params for cluster 2 / high
2026-08-24 14:22:56,608 | INFO | forecast |   Training cluster 2 / high (2364 samples, 2 symbols)...
2026-08-24 14:22:59,016 | INFO | forecast |   Using global fallback params for cluster 2 / low
2026-08-24 14:22:59,017 | INFO | forecast |   Training cluster 2 / low (2364 samples, 2 symbols)...
2026-08-24 14:23:01,503 | INFO | forecast |   Using global fallback params for cluster 2 / close
2026-08-24 14:23:01,503 | INFO | forecast |   Training cluster 2 / close (2364 samples, 2 symbols)...
2026-08-24 14:23:04,221 | INFO | forecast |   Using global fallback params for cluster 2 / volume
2026-08-24 14:23:04,221 | INFO | forecast |   Training cluster 2 / volume (2364 samples, 2 symbols)...
2026-08-24 14:23:09,093 | INFO | forecast | Saved 50 accuracy records to database.
2026-08-24 14:23:09,095 | INFO | forecast |   Cluster 0: avg accuracy = 77.40%
2026-08-24 14:23:09,095 | INFO | forecast |   Cluster 1: avg accuracy = 68.88%
2026-08-24 14:23:09,095 | INFO | forecast |   Cluster 2: avg accuracy = 78.76%
2026-08-24 14:23:09,095 | INFO | forecast | ========== Cluster Model Training Complete ==========
2026-08-24 14:23:09,095 | INFO | forecast | [Step 5/5] Generating 7-day forecasts for all stocks...
2026-08-24 14:23:14,479 | INFO | forecast | Generated 70 forecast rows for 10 symbols.
2026-08-24 14:23:14,480 | INFO | forecast | Generated 70 forecast records.
2026-08-24 14:23:14,480 | INFO | forecast | Refreshing idxsaham.stock_forecasting table...
2026-08-24 14:23:14,534 | INFO | forecast | Forecast data saved successfully to idxsaham.stock_forecasting.
2026-08-24 14:23:14,534 | INFO | forecast | ==================================================
2026-08-24 14:23:14,534 | INFO | forecast | === StockVision Enhanced ML Pipeline Finished  ===
2026-08-24 14:23:14,534 | INFO | forecast | ==================================================
2026-08-24 14:24:34,011 | INFO | forecast | ========== Clustering Pipeline Started ==========
2026-08-24 14:24:36,692 | INFO | forecast | Computed features for 19 / 937 symbols (min 60 data points required).
2026-08-24 14:24:36,695 | INFO | forecast | Auto-detecting optimal k (range 3-10)...
2026-08-24 14:24:38,221 | INFO | forecast |   k=3: silhouette=0.6118
2026-08-24 14:24:38,270 | INFO | forecast |   k=4: silhouette=0.5862
2026-08-24 14:24:38,321 | INFO | forecast |   k=5: silhouette=0.5968
2026-08-24 14:24:38,371 | INFO | forecast |   k=6: silhouette=0.5749
2026-08-24 14:24:38,423 | INFO | forecast |   k=7: silhouette=0.5424
2026-08-24 14:24:38,485 | INFO | forecast |   k=8: silhouette=0.5378
2026-08-24 14:24:38,548 | INFO | forecast |   k=9: silhouette=0.5160
2026-08-24 14:24:38,599 | INFO | forecast |   k=10: silhouette=0.4997
2026-08-24 14:24:38,600 | INFO | forecast |   Optimal k=3 (silhouette=0.6118)
2026-08-24 14:24:38,600 | INFO | forecast | Fitting KMeans with k=3...
2026-08-24 14:24:38,650 | INFO | forecast | Saved clustering scaler & KMeans model to C:\ADITT\KP Telsig\stockVision\backend\forecasting\models
2026-08-24 14:24:38,654 | INFO | forecast | Saving cluster assignments & metadata to database...
2026-08-24 14:24:44,727 | INFO | forecast |   Cluster 0 (High Volatility - Growth - High Liquidity): 6 members
2026-08-24 14:24:44,727 | INFO | forecast |   Cluster 1 (Low Volatility - Declining - Low Liquidity): 11 members
2026-08-24 14:24:44,728 | INFO | forecast |   Cluster 2 (High Volatility - Declining): 2 members
2026-08-24 14:24:44,728 | INFO | forecast | ========== Clustering Complete: 3 clusters, silhouette=0.6118 ==========
2026-08-24 14:24:44,903 | INFO | forecast | Computed features for 1 / 1 symbols (min 60 data points required).
2026-08-24 14:24:47,929 | INFO | forecast | Assigned BBCA -> cluster 0 (High Volatility - Growth - High Liquidity)
2026-08-24 14:24:47,932 | INFO | forecast | ==================================================
2026-08-24 14:24:47,933 | INFO | forecast | === StockVision Enhanced ML Pipeline Starting  ===
2026-08-24 14:24:47,933 | INFO | forecast | ==================================================
2026-08-24 14:24:47,933 | INFO | forecast | [Step 1/5] Ensuring database schema and tables exist...
2026-08-24 14:24:50,959 | INFO | forecast | [Step 2/5] Loading historical stock data from idxsaham.ohlc_forecasting...
2026-08-24 14:24:51,104 | INFO | forecast | Loaded 25607 rows across 937 unique symbols.
2026-08-24 14:24:51,104 | INFO | forecast | [Step 3/5] Handling stock movement clustering...
2026-08-24 14:24:51,108 | INFO | forecast | Using 19 existing cluster assignments from database.
2026-08-24 14:24:51,109 | INFO | forecast | [Step 4/5] Training cluster-aware LightGBM models and computing accuracy...
2026-08-24 14:24:51,109 | INFO | forecast | ========== Cluster Model Training Started ==========
2026-08-24 14:24:51,430 | INFO | forecast |   Using global fallback params for cluster 0 / open
2026-08-24 14:24:51,430 | INFO | forecast |   Training cluster 0 / open (7092 samples, 6 symbols)...
2026-08-24 14:24:56,029 | INFO | forecast |   Using global fallback params for cluster 0 / high
2026-08-24 14:24:56,029 | INFO | forecast |   Training cluster 0 / high (7092 samples, 6 symbols)...
2026-08-24 14:25:00,398 | INFO | forecast |   Using global fallback params for cluster 0 / low
2026-08-24 14:25:00,399 | INFO | forecast |   Training cluster 0 / low (7092 samples, 6 symbols)...
2026-08-24 14:25:05,376 | INFO | forecast |   Using global fallback params for cluster 0 / close
2026-08-24 14:25:05,377 | INFO | forecast |   Training cluster 0 / close (7092 samples, 6 symbols)...
2026-08-24 14:25:10,194 | INFO | forecast |   Using global fallback params for cluster 0 / volume
2026-08-24 14:25:10,194 | INFO | forecast |   Training cluster 0 / volume (7092 samples, 6 symbols)...
2026-08-24 14:25:13,077 | INFO | forecast |   Using global fallback params for cluster 1 / open
2026-08-24 14:25:13,078 | INFO | forecast |   Training cluster 1 / open (1549 samples, 2 symbols)...
2026-08-24 14:25:15,309 | INFO | forecast |   Using global fallback params for cluster 1 / high
2026-08-24 14:25:15,310 | INFO | forecast |   Training cluster 1 / high (1549 samples, 2 symbols)...
2026-08-24 14:25:17,521 | INFO | forecast |   Using global fallback params for cluster 1 / low
2026-08-24 14:25:17,522 | INFO | forecast |   Training cluster 1 / low (1549 samples, 2 symbols)...
2026-08-24 14:25:19,534 | INFO | forecast |   Using global fallback params for cluster 1 / close
2026-08-24 14:25:19,535 | INFO | forecast |   Training cluster 1 / close (1549 samples, 2 symbols)...
2026-08-24 14:25:21,664 | INFO | forecast |   Using global fallback params for cluster 1 / volume
2026-08-24 14:25:21,664 | INFO | forecast |   Training cluster 1 / volume (1549 samples, 2 symbols)...
2026-08-24 14:25:23,125 | INFO | forecast |   Using global fallback params for cluster 2 / open
2026-08-24 14:25:23,125 | INFO | forecast |   Training cluster 2 / open (2364 samples, 2 symbols)...
2026-08-24 14:25:25,365 | INFO | forecast |   Using global fallback params for cluster 2 / high
2026-08-24 14:25:25,365 | INFO | forecast |   Training cluster 2 / high (2364 samples, 2 symbols)...
2026-08-24 14:25:27,491 | INFO | forecast |   Using global fallback params for cluster 2 / low
2026-08-24 14:25:27,491 | INFO | forecast |   Training cluster 2 / low (2364 samples, 2 symbols)...
2026-08-24 14:25:29,640 | INFO | forecast |   Using global fallback params for cluster 2 / close
2026-08-24 14:25:29,640 | INFO | forecast |   Training cluster 2 / close (2364 samples, 2 symbols)...
2026-08-24 14:25:31,951 | INFO | forecast |   Using global fallback params for cluster 2 / volume
2026-08-24 14:25:31,951 | INFO | forecast |   Training cluster 2 / volume (2364 samples, 2 symbols)...
2026-08-24 14:25:36,463 | INFO | forecast | Saved 50 accuracy records to database.
2026-08-24 14:25:36,465 | INFO | forecast |   Cluster 0: avg accuracy = 77.40%
2026-08-24 14:25:36,465 | INFO | forecast |   Cluster 1: avg accuracy = 68.88%
2026-08-24 14:25:36,465 | INFO | forecast |   Cluster 2: avg accuracy = 78.76%
2026-08-24 14:25:36,466 | INFO | forecast | ========== Cluster Model Training Complete ==========
2026-08-24 14:25:36,466 | INFO | forecast | [Step 5/5] Generating 7-day forecasts for all stocks...
2026-08-24 14:25:41,608 | INFO | forecast | Generated 70 forecast rows for 10 symbols.
2026-08-24 14:25:41,609 | INFO | forecast | Generated 70 forecast records.
2026-08-24 14:25:41,609 | INFO | forecast | Refreshing idxsaham.stock_forecasting table...
2026-08-24 14:25:41,665 | INFO | forecast | Forecast data saved successfully to idxsaham.stock_forecasting.
2026-08-24 14:25:41,665 | INFO | forecast | ==================================================
2026-08-24 14:25:41,665 | INFO | forecast | === StockVision Enhanced ML Pipeline Finished  ===
2026-08-24 14:25:41,665 | INFO | forecast | ==================================================
2026-08-24 14:26:46,001 | INFO | forecast | ========== Clustering Pipeline Started ==========
2026-08-24 14:26:48,646 | INFO | forecast | Computed features for 19 / 937 symbols (min 60 data points required).
2026-08-24 14:26:48,647 | INFO | forecast | Auto-detecting optimal k (range 3-10)...
2026-08-24 14:26:50,129 | INFO | forecast |   k=3: silhouette=0.6118
2026-08-24 14:26:50,173 | INFO | forecast |   k=4: silhouette=0.5862
2026-08-24 14:26:50,224 | INFO | forecast |   k=5: silhouette=0.5968
2026-08-24 14:26:50,273 | INFO | forecast |   k=6: silhouette=0.5749
2026-08-24 14:26:50,331 | INFO | forecast |   k=7: silhouette=0.5424
2026-08-24 14:26:50,386 | INFO | forecast |   k=8: silhouette=0.5378
2026-08-24 14:26:50,441 | INFO | forecast |   k=9: silhouette=0.5160
2026-08-24 14:26:50,493 | INFO | forecast |   k=10: silhouette=0.4997
2026-08-24 14:26:50,493 | INFO | forecast |   Optimal k=3 (silhouette=0.6118)
2026-08-24 14:26:50,494 | INFO | forecast | Fitting KMeans with k=3...
2026-08-24 14:26:50,545 | INFO | forecast | Saved clustering scaler & KMeans model to C:\ADITT\KP Telsig\stockVision\backend\forecasting\models
2026-08-24 14:26:50,549 | INFO | forecast | Saving cluster assignments & metadata to database...
2026-08-24 14:26:56,615 | INFO | forecast |   Cluster 0 (High Volatility - Growth - High Liquidity): 6 members
2026-08-24 14:26:56,615 | INFO | forecast |   Cluster 1 (Low Volatility - Declining - Low Liquidity): 11 members
2026-08-24 14:26:56,616 | INFO | forecast |   Cluster 2 (High Volatility - Declining): 2 members
2026-08-24 14:26:56,616 | INFO | forecast | ========== Clustering Complete: 3 clusters, silhouette=0.6118 ==========
2026-08-24 14:26:56,791 | INFO | forecast | Computed features for 1 / 1 symbols (min 60 data points required).
2026-08-24 14:26:59,851 | INFO | forecast | Assigned BBCA -> cluster 0 (High Volatility - Growth - High Liquidity)
2026-08-24 14:26:59,854 | INFO | forecast | ==================================================
2026-08-24 14:26:59,854 | INFO | forecast | === StockVision Enhanced ML Pipeline Starting  ===
2026-08-24 14:26:59,854 | INFO | forecast | ==================================================
2026-08-24 14:26:59,854 | INFO | forecast | [Step 1/5] Ensuring database schema and tables exist...
2026-08-24 14:27:02,883 | INFO | forecast | [Step 2/5] Loading historical stock data from idxsaham.ohlc_forecasting...
2026-08-24 14:27:03,043 | INFO | forecast | Loaded 25607 rows across 937 unique symbols.
2026-08-24 14:27:03,043 | INFO | forecast | [Step 3/5] Handling stock movement clustering...
2026-08-24 14:27:03,047 | INFO | forecast | Using 19 existing cluster assignments from database.
2026-08-24 14:27:03,048 | INFO | forecast | [Step 4/5] Training cluster-aware LightGBM models and computing accuracy...
2026-08-24 14:27:03,048 | INFO | forecast | ========== Cluster Model Training Started ==========
2026-08-24 14:27:03,367 | INFO | forecast |   Using global fallback params for cluster 0 / open
2026-08-24 14:27:03,367 | INFO | forecast |   Training cluster 0 / open (7092 samples, 6 symbols)...
2026-08-24 14:27:07,875 | INFO | forecast |   Using global fallback params for cluster 0 / high
2026-08-24 14:27:07,875 | INFO | forecast |   Training cluster 0 / high (7092 samples, 6 symbols)...
2026-08-24 14:27:12,205 | INFO | forecast |   Using global fallback params for cluster 0 / low
2026-08-24 14:27:12,205 | INFO | forecast |   Training cluster 0 / low (7092 samples, 6 symbols)...
2026-08-24 14:27:16,913 | INFO | forecast |   Using global fallback params for cluster 0 / close
2026-08-24 14:27:16,913 | INFO | forecast |   Training cluster 0 / close (7092 samples, 6 symbols)...
2026-08-24 14:27:21,705 | INFO | forecast |   Using global fallback params for cluster 0 / volume
2026-08-24 14:27:21,705 | INFO | forecast |   Training cluster 0 / volume (7092 samples, 6 symbols)...
2026-08-24 14:27:24,590 | INFO | forecast |   Using global fallback params for cluster 1 / open
2026-08-24 14:27:24,590 | INFO | forecast |   Training cluster 1 / open (1549 samples, 2 symbols)...
2026-08-24 14:27:26,814 | INFO | forecast |   Using global fallback params for cluster 1 / high
2026-08-24 14:27:26,814 | INFO | forecast |   Training cluster 1 / high (1549 samples, 2 symbols)...
2026-08-24 14:27:29,046 | INFO | forecast |   Using global fallback params for cluster 1 / low
2026-08-24 14:27:29,047 | INFO | forecast |   Training cluster 1 / low (1549 samples, 2 symbols)...
2026-08-24 14:27:31,022 | INFO | forecast |   Using global fallback params for cluster 1 / close
2026-08-24 14:27:31,023 | INFO | forecast |   Training cluster 1 / close (1549 samples, 2 symbols)...
2026-08-24 14:27:33,153 | INFO | forecast |   Using global fallback params for cluster 1 / volume
2026-08-24 14:27:33,153 | INFO | forecast |   Training cluster 1 / volume (1549 samples, 2 symbols)...
2026-08-24 14:27:34,653 | INFO | forecast |   Using global fallback params for cluster 2 / open
2026-08-24 14:27:34,654 | INFO | forecast |   Training cluster 2 / open (2364 samples, 2 symbols)...
2026-08-24 14:27:36,945 | INFO | forecast |   Using global fallback params for cluster 2 / high
2026-08-24 14:27:36,945 | INFO | forecast |   Training cluster 2 / high (2364 samples, 2 symbols)...
2026-08-24 14:27:39,087 | INFO | forecast |   Using global fallback params for cluster 2 / low
2026-08-24 14:27:39,087 | INFO | forecast |   Training cluster 2 / low (2364 samples, 2 symbols)...
2026-08-24 14:27:41,199 | INFO | forecast |   Using global fallback params for cluster 2 / close
2026-08-24 14:27:41,200 | INFO | forecast |   Training cluster 2 / close (2364 samples, 2 symbols)...
2026-08-24 14:27:43,511 | INFO | forecast |   Using global fallback params for cluster 2 / volume
2026-08-24 14:27:43,511 | INFO | forecast |   Training cluster 2 / volume (2364 samples, 2 symbols)...
2026-08-24 14:27:48,043 | INFO | forecast | Saved 50 accuracy records to database.
2026-08-24 14:27:48,045 | INFO | forecast |   Cluster 0: avg accuracy = 77.40%
2026-08-24 14:27:48,045 | INFO | forecast |   Cluster 1: avg accuracy = 68.88%
2026-08-24 14:27:48,045 | INFO | forecast |   Cluster 2: avg accuracy = 78.76%
2026-08-24 14:27:48,045 | INFO | forecast | ========== Cluster Model Training Complete ==========
2026-08-24 14:27:48,046 | INFO | forecast | [Step 5/5] Generating 7-day forecasts for all stocks...
2026-08-24 14:27:53,666 | INFO | forecast | Generated 70 forecast rows for 10 symbols.
2026-08-24 14:27:53,667 | INFO | forecast | Generated 70 forecast records.
2026-08-24 14:27:53,667 | INFO | forecast | Refreshing idxsaham.stock_forecasting table...
2026-08-24 14:27:53,725 | INFO | forecast | Forecast data saved successfully to idxsaham.stock_forecasting.
2026-08-24 14:27:53,725 | INFO | forecast | ==================================================
2026-08-24 14:27:53,726 | INFO | forecast | === StockVision Enhanced ML Pipeline Finished  ===
2026-08-24 14:27:53,726 | INFO | forecast | ==================================================
2026-08-24 14:27:57,050 | INFO | forecast | Computed features for 1 / 1 symbols (min 60 data points required).
2026-08-24 14:28:00,086 | INFO | forecast | Assigned BBCA -> cluster 0 (High Volatility - Growth - High Liquidity)
2026-08-24 14:44:50,985 | INFO | forecast | ========== Clustering Pipeline Started ==========
2026-08-24 14:44:53,561 | INFO | forecast | Computed features for 19 / 937 symbols (min 60 data points required).
2026-08-24 14:44:53,564 | INFO | forecast | Auto-detecting optimal k (range 3-10)...
2026-08-24 14:44:55,362 | INFO | forecast |   k=3: silhouette=0.6118
2026-08-24 14:44:55,408 | INFO | forecast |   k=4: silhouette=0.5862
2026-08-24 14:44:55,453 | INFO | forecast |   k=5: silhouette=0.5968
2026-08-24 14:44:55,504 | INFO | forecast |   k=6: silhouette=0.5749
2026-08-24 14:44:55,552 | INFO | forecast |   k=7: silhouette=0.5424
2026-08-24 14:44:55,601 | INFO | forecast |   k=8: silhouette=0.5378
2026-08-24 14:44:55,657 | INFO | forecast |   k=9: silhouette=0.5160
2026-08-24 14:44:55,713 | INFO | forecast |   k=10: silhouette=0.4997
2026-08-24 14:44:55,713 | INFO | forecast |   Optimal k=3 (silhouette=0.6118)
2026-08-24 14:44:55,713 | INFO | forecast | Fitting KMeans with k=3...
2026-08-24 14:44:55,764 | INFO | forecast | Saved clustering scaler & KMeans model to C:\ADITT\KP Telsig\stockVision\backend\forecasting\models
2026-08-24 14:44:55,767 | INFO | forecast | Saving cluster assignments & metadata to database...
2026-08-24 14:45:01,825 | INFO | forecast |   Cluster 0 (High Volatility - Growth - High Liquidity): 6 members
2026-08-24 14:45:01,826 | INFO | forecast |   Cluster 1 (Low Volatility - Declining - Low Liquidity): 11 members
2026-08-24 14:45:01,826 | INFO | forecast |   Cluster 2 (High Volatility - Declining): 2 members
2026-08-24 14:45:01,826 | INFO | forecast | ========== Clustering Complete: 3 clusters, silhouette=0.6118 ==========
2026-08-24 14:45:02,018 | INFO | forecast | Computed features for 1 / 1 symbols (min 60 data points required).
2026-08-24 14:45:05,059 | INFO | forecast | Assigned BBCA -> cluster 0 (High Volatility - Growth - High Liquidity)
2026-08-24 14:45:05,061 | INFO | forecast | ==================================================
2026-08-24 14:45:05,062 | INFO | forecast | === StockVision Enhanced ML Pipeline Starting  ===
2026-08-24 14:45:05,062 | INFO | forecast | ==================================================
2026-08-24 14:45:05,062 | INFO | forecast | [Step 1/5] Ensuring database schema and tables exist...
2026-08-24 14:45:08,092 | INFO | forecast | [Step 2/5] Loading historical stock data from idxsaham.ohlc_forecasting...
2026-08-24 14:45:08,285 | INFO | forecast | Loaded 25607 rows across 937 unique symbols.
2026-08-24 14:45:08,286 | INFO | forecast | [Step 3/5] Handling stock movement clustering...
2026-08-24 14:45:08,289 | INFO | forecast | Using 19 existing cluster assignments from database.
2026-08-24 14:45:08,289 | INFO | forecast | [Step 4/5] Training cluster-aware LightGBM models and computing accuracy...
2026-08-24 14:45:08,290 | INFO | forecast | ========== Cluster Model Training Started ==========
2026-08-24 14:45:08,654 | INFO | forecast |   Using global fallback params for cluster 0 / open
2026-08-24 14:45:08,654 | INFO | forecast |   Training cluster 0 / open (7092 samples, 6 symbols)...
2026-08-24 14:45:13,415 | INFO | forecast |   Using global fallback params for cluster 0 / high
2026-08-24 14:45:13,416 | INFO | forecast |   Training cluster 0 / high (7092 samples, 6 symbols)...
2026-08-24 14:45:17,972 | INFO | forecast |   Using global fallback params for cluster 0 / low
2026-08-24 14:45:17,973 | INFO | forecast |   Training cluster 0 / low (7092 samples, 6 symbols)...
2026-08-24 14:45:23,005 | INFO | forecast |   Using global fallback params for cluster 0 / close
2026-08-24 14:45:23,005 | INFO | forecast |   Training cluster 0 / close (7092 samples, 6 symbols)...
2026-08-24 14:45:27,819 | INFO | forecast |   Using global fallback params for cluster 0 / volume
2026-08-24 14:45:27,819 | INFO | forecast |   Training cluster 0 / volume (7092 samples, 6 symbols)...
2026-08-24 14:45:30,745 | INFO | forecast |   Using global fallback params for cluster 1 / open
2026-08-24 14:45:30,745 | INFO | forecast |   Training cluster 1 / open (1549 samples, 2 symbols)...
2026-08-24 14:45:33,067 | INFO | forecast |   Using global fallback params for cluster 1 / high
2026-08-24 14:45:33,067 | INFO | forecast |   Training cluster 1 / high (1549 samples, 2 symbols)...
2026-08-24 14:45:35,351 | INFO | forecast |   Using global fallback params for cluster 1 / low
2026-08-24 14:45:35,351 | INFO | forecast |   Training cluster 1 / low (1549 samples, 2 symbols)...
2026-08-24 14:45:37,489 | INFO | forecast |   Using global fallback params for cluster 1 / close
2026-08-24 14:45:37,489 | INFO | forecast |   Training cluster 1 / close (1549 samples, 2 symbols)...
2026-08-24 14:45:39,639 | INFO | forecast |   Using global fallback params for cluster 1 / volume
2026-08-24 14:45:39,639 | INFO | forecast |   Training cluster 1 / volume (1549 samples, 2 symbols)...
2026-08-24 14:45:41,328 | INFO | forecast |   Using global fallback params for cluster 2 / open
2026-08-24 14:45:41,328 | INFO | forecast |   Training cluster 2 / open (2364 samples, 2 symbols)...
2026-08-24 14:45:43,738 | INFO | forecast |   Using global fallback params for cluster 2 / high
2026-08-24 14:45:43,738 | INFO | forecast |   Training cluster 2 / high (2364 samples, 2 symbols)...
2026-08-24 14:45:46,403 | INFO | forecast |   Using global fallback params for cluster 2 / low
2026-08-24 14:45:46,403 | INFO | forecast |   Training cluster 2 / low (2364 samples, 2 symbols)...
2026-08-24 14:45:48,989 | INFO | forecast |   Using global fallback params for cluster 2 / close
2026-08-24 14:45:48,989 | INFO | forecast |   Training cluster 2 / close (2364 samples, 2 symbols)...
2026-08-24 14:45:51,437 | INFO | forecast |   Using global fallback params for cluster 2 / volume
2026-08-24 14:45:51,439 | INFO | forecast |   Training cluster 2 / volume (2364 samples, 2 symbols)...
2026-08-24 14:45:56,055 | INFO | forecast | Saved 50 accuracy records to database.
2026-08-24 14:45:56,057 | INFO | forecast |   Cluster 0: avg accuracy = 77.40%
2026-08-24 14:45:56,058 | INFO | forecast |   Cluster 1: avg accuracy = 68.88%
2026-08-24 14:45:56,058 | INFO | forecast |   Cluster 2: avg accuracy = 78.76%
2026-08-24 14:45:56,059 | INFO | forecast | ========== Cluster Model Training Complete ==========
2026-08-24 14:45:56,059 | INFO | forecast | [Step 5/5] Generating 7-day forecasts for all stocks...
2026-08-24 14:46:01,328 | INFO | forecast | Generated 70 forecast rows for 10 symbols.
2026-08-24 14:46:01,329 | INFO | forecast | Generated 70 forecast records.
2026-08-24 14:46:01,329 | INFO | forecast | Refreshing idxsaham.stock_forecasting table...
2026-08-24 14:46:01,381 | INFO | forecast | Forecast data saved successfully to idxsaham.stock_forecasting.
2026-08-24 14:46:01,381 | INFO | forecast | ==================================================
2026-08-24 14:46:01,381 | INFO | forecast | === StockVision Enhanced ML Pipeline Finished  ===
2026-08-24 14:46:01,381 | INFO | forecast | ==================================================
2026-08-24 14:46:04,698 | INFO | forecast | Computed features for 1 / 1 symbols (min 60 data points required).
2026-08-24 14:46:07,731 | INFO | forecast | Assigned BBCA -> cluster 0 (High Volatility - Growth - High Liquidity)
2026-08-24 14:47:41,810 | INFO | forecast | ==================================================
2026-08-24 14:47:41,811 | INFO | forecast | === StockVision Enhanced ML Pipeline Starting  ===
2026-08-24 14:47:41,811 | INFO | forecast | ==================================================
2026-08-24 14:47:41,811 | INFO | forecast | [Step 1/5] Ensuring database schema and tables exist...
2026-08-24 14:47:44,834 | INFO | forecast | [Step 2/5] Loading historical stock data from idxsaham.ohlc_forecasting...
2026-08-24 14:47:45,000 | INFO | forecast | Loaded 25607 rows across 937 unique symbols.
2026-08-24 14:47:45,001 | INFO | forecast | [Step 3/5] Handling stock movement clustering...
2026-08-24 14:47:45,001 | INFO | forecast | Running K-Means clustering on stock movement features...
2026-08-24 14:47:45,001 | INFO | forecast | ========== Clustering Pipeline Started ==========
2026-08-24 14:47:47,555 | INFO | forecast | Computed features for 19 / 937 symbols (min 60 data points required).
2026-08-24 14:47:47,557 | INFO | forecast | Auto-detecting optimal k (range 3-10)...
2026-08-24 14:47:49,017 | INFO | forecast |   k=3: silhouette=0.6118
2026-08-24 14:47:49,062 | INFO | forecast |   k=4: silhouette=0.5862
2026-08-24 14:47:49,106 | INFO | forecast |   k=5: silhouette=0.5968
2026-08-24 14:47:49,155 | INFO | forecast |   k=6: silhouette=0.5749
2026-08-24 14:47:49,205 | INFO | forecast |   k=7: silhouette=0.5424
2026-08-24 14:47:49,267 | INFO | forecast |   k=8: silhouette=0.5378
2026-08-24 14:47:49,318 | INFO | forecast |   k=9: silhouette=0.5160
2026-08-24 14:47:49,371 | INFO | forecast |   k=10: silhouette=0.4997
2026-08-24 14:47:49,371 | INFO | forecast |   Optimal k=3 (silhouette=0.6118)
2026-08-24 14:47:49,371 | INFO | forecast | Fitting KMeans with k=3...
2026-08-24 14:47:49,417 | INFO | forecast | Saved clustering scaler & KMeans model to C:\ADITT\KP Telsig\stockVision\backend\forecasting\models
2026-08-24 14:47:49,422 | INFO | forecast | Saving cluster assignments & metadata to database...
2026-08-24 14:47:55,507 | INFO | forecast |   Cluster 0 (High Volatility - Growth - High Liquidity): 6 members
2026-08-24 14:47:55,508 | INFO | forecast |   Cluster 1 (Low Volatility - Declining - Low Liquidity): 11 members
2026-08-24 14:47:55,508 | INFO | forecast |   Cluster 2 (High Volatility - Declining): 2 members
2026-08-24 14:47:55,508 | INFO | forecast | ========== Clustering Complete: 3 clusters, silhouette=0.6118 ==========
2026-08-24 14:47:55,508 | INFO | forecast | [Step 3.5/5] Running Optuna hyperparameter tuning per cluster...
2026-08-24 14:47:55,508 | INFO | forecast | ========== Hyperparameter Tuning Started ==========
2026-08-24 14:47:55,510 | INFO | forecast | Cluster 0: 6 symbols, 7296 rows
2026-08-24 14:47:55,816 | INFO | forecast |   Cluster 0 / open: tuning with 7092 samples, 30 trials...
2026-08-24 14:48:40,800 | INFO | forecast |   Cluster 0 / open: best MAE=87.1279 (45.0s)
2026-08-24 14:48:41,157 | INFO | forecast |   Cluster 0 / high: tuning with 7092 samples, 30 trials...
2026-08-24 14:49:16,717 | INFO | forecast |   Cluster 0 / high: best MAE=98.4653 (35.6s)
2026-08-24 14:49:17,075 | INFO | forecast |   Cluster 0 / low: tuning with 7092 samples, 30 trials...
2026-08-24 14:49:52,751 | INFO | forecast |   Cluster 0 / low: best MAE=99.0014 (35.7s)
2026-08-24 14:49:53,136 | INFO | forecast |   Cluster 0 / close: tuning with 7092 samples, 30 trials...
2026-08-24 14:50:40,389 | INFO | forecast |   Cluster 0 / close: best MAE=118.4041 (47.3s)
2026-08-24 14:50:40,786 | INFO | forecast |   Cluster 0 / volume: tuning with 7092 samples, 30 trials...
2026-08-24 14:50:56,473 | INFO | forecast |   Cluster 0 / volume: best MAE=38850976.7518 (15.7s)
2026-08-24 14:50:56,476 | INFO | forecast | Cluster 1: 11 symbols, 10565 rows
2026-08-24 14:50:57,056 | INFO | forecast |   Cluster 1 / open: tuning with 1549 samples, 30 trials...
2026-08-24 14:51:32,692 | INFO | forecast |   Cluster 1 / open: best MAE=21.1752 (35.6s)
2026-08-24 14:51:33,262 | INFO | forecast |   Cluster 1 / high: tuning with 1549 samples, 30 trials...
2026-08-24 14:51:48,577 | INFO | forecast |   Cluster 1 / high: best MAE=23.7639 (15.3s)
2026-08-24 14:51:49,164 | INFO | forecast |   Cluster 1 / low: tuning with 1549 samples, 30 trials...
2026-08-24 14:52:28,788 | INFO | forecast |   Cluster 1 / low: best MAE=22.9686 (39.6s)
2026-08-24 14:52:29,313 | INFO | forecast |   Cluster 1 / close: tuning with 1549 samples, 30 trials...
2026-08-24 14:52:42,185 | INFO | forecast |   Cluster 1 / close: best MAE=24.8900 (12.9s)
2026-08-24 14:52:42,740 | INFO | forecast |   Cluster 1 / volume: tuning with 1549 samples, 30 trials...
2026-08-24 14:52:47,107 | INFO | forecast |   Cluster 1 / volume: best MAE=1677280409.2833 (4.4s)
2026-08-24 14:52:47,109 | INFO | forecast | Cluster 2: 2 symbols, 2432 rows
2026-08-24 14:52:47,251 | INFO | forecast |   Cluster 2 / open: tuning with 2364 samples, 30 trials...
2026-08-24 14:53:05,157 | INFO | forecast |   Cluster 2 / open: best MAE=30.3422 (17.9s)
2026-08-24 14:53:05,321 | INFO | forecast |   Cluster 2 / high: tuning with 2364 samples, 30 trials...
2026-08-24 14:53:24,310 | INFO | forecast |   Cluster 2 / high: best MAE=46.3297 (19.0s)
2026-08-24 14:53:24,451 | INFO | forecast |   Cluster 2 / low: tuning with 2364 samples, 30 trials...
2026-08-24 14:53:51,002 | INFO | forecast |   Cluster 2 / low: best MAE=43.0165 (26.5s)
2026-08-24 14:53:51,159 | INFO | forecast |   Cluster 2 / close: tuning with 2364 samples, 30 trials...
2026-08-24 14:54:04,770 | INFO | forecast |   Cluster 2 / close: best MAE=55.9175 (13.6s)
2026-08-24 14:54:04,891 | INFO | forecast |   Cluster 2 / volume: tuning with 2364 samples, 30 trials...
2026-08-24 14:54:14,201 | INFO | forecast |   Cluster 2 / volume: best MAE=27314154.0570 (9.3s)
2026-08-24 14:54:17,236 | INFO | forecast | Saved 15 hyperparameter sets to database.
2026-08-24 14:54:17,237 | INFO | forecast | ========== Hyperparameter Tuning Complete ==========
2026-08-24 14:54:17,237 | INFO | forecast | [Step 4/5] Training cluster-aware LightGBM models and computing accuracy...
2026-08-24 14:54:17,237 | INFO | forecast | ========== Cluster Model Training Started ==========
2026-08-24 14:54:17,594 | INFO | forecast |   Training cluster 0 / open (7092 samples, 6 symbols)...
2026-08-24 14:54:18,913 | INFO | forecast |   Training cluster 0 / high (7092 samples, 6 symbols)...
2026-08-24 14:54:24,533 | INFO | forecast |   Training cluster 0 / low (7092 samples, 6 symbols)...
2026-08-24 14:54:25,718 | INFO | forecast |   Training cluster 0 / close (7092 samples, 6 symbols)...
2026-08-24 14:54:29,981 | INFO | forecast |   Training cluster 0 / volume (7092 samples, 6 symbols)...
2026-08-24 14:54:31,306 | INFO | forecast |   Training cluster 1 / open (1549 samples, 2 symbols)...
2026-08-24 14:54:35,939 | INFO | forecast |   Training cluster 1 / high (1549 samples, 2 symbols)...
2026-08-24 14:54:38,468 | INFO | forecast |   Training cluster 1 / low (1549 samples, 2 symbols)...
2026-08-24 14:54:44,523 | INFO | forecast |   Training cluster 1 / close (1549 samples, 2 symbols)...
2026-08-24 14:54:46,121 | INFO | forecast |   Training cluster 1 / volume (1549 samples, 2 symbols)...
2026-08-24 14:54:47,805 | INFO | forecast |   Training cluster 2 / open (2364 samples, 2 symbols)...
2026-08-24 14:54:48,867 | INFO | forecast |   Training cluster 2 / high (2364 samples, 2 symbols)...
2026-08-24 14:54:50,491 | INFO | forecast |   Training cluster 2 / low (2364 samples, 2 symbols)...
2026-08-24 14:54:54,035 | INFO | forecast |   Training cluster 2 / close (2364 samples, 2 symbols)...
2026-08-24 14:54:54,954 | INFO | forecast |   Training cluster 2 / volume (2364 samples, 2 symbols)...
2026-08-24 14:54:59,037 | INFO | forecast | Saved 50 accuracy records to database.
2026-08-24 14:54:59,039 | INFO | forecast |   Cluster 0: avg accuracy = 77.55%
2026-08-24 14:54:59,040 | INFO | forecast |   Cluster 1: avg accuracy = 71.14%
2026-08-24 14:54:59,040 | INFO | forecast |   Cluster 2: avg accuracy = 78.80%
2026-08-24 14:54:59,040 | INFO | forecast | ========== Cluster Model Training Complete ==========
2026-08-24 14:54:59,041 | INFO | forecast | [Step 5/5] Generating 7-day forecasts for all stocks...
2026-08-24 14:55:04,166 | INFO | forecast | Generated 70 forecast rows for 10 symbols.
2026-08-24 14:55:04,166 | INFO | forecast | Generated 70 forecast records.
2026-08-24 14:55:04,166 | INFO | forecast | Refreshing idxsaham.stock_forecasting table...
2026-08-24 14:55:04,220 | INFO | forecast | Forecast data saved successfully to idxsaham.stock_forecasting.
2026-08-24 14:55:04,220 | INFO | forecast | ==================================================
2026-08-24 14:55:04,220 | INFO | forecast | === StockVision Enhanced ML Pipeline Finished  ===
2026-08-24 14:55:04,220 | INFO | forecast | ==================================================
2026-08-24 15:02:18,937 | INFO | forecast | ==================================================
2026-08-24 15:02:18,937 | INFO | forecast | === StockVision Enhanced ML Pipeline Starting  ===
2026-08-24 15:02:18,937 | INFO | forecast | ==================================================
2026-08-24 15:02:18,937 | INFO | forecast | [Step 1/5] Ensuring database schema and tables exist...
2026-08-24 15:02:18,988 | INFO | forecast | [Step 2/5] Loading historical stock data from idxsaham.ohlc_forecasting...
2026-08-24 15:02:23,643 | INFO | forecast | Loaded 78155 rows across 68 unique symbols.
2026-08-24 15:02:23,644 | INFO | forecast | [Step 3/5] Handling stock movement clustering...
2026-08-24 15:02:23,644 | INFO | forecast | Running K-Means clustering on stock movement features...
2026-08-24 15:02:23,644 | INFO | forecast | ========== Clustering Pipeline Started ==========
2026-08-24 15:02:24,547 | INFO | forecast | Computed features for 68 / 68 symbols (min 60 data points required).
2026-08-24 15:02:24,551 | INFO | forecast | Auto-detecting optimal k (range 3-10)...
2026-08-24 15:02:26,383 | INFO | forecast |   k=3: silhouette=0.3781
2026-08-24 15:02:26,426 | INFO | forecast |   k=4: silhouette=0.2865
2026-08-24 15:02:26,472 | INFO | forecast |   k=5: silhouette=0.2842
2026-08-24 15:02:26,517 | INFO | forecast |   k=6: silhouette=0.2596
2026-08-24 15:02:26,574 | INFO | forecast |   k=7: silhouette=0.2680
2026-08-24 15:02:26,628 | INFO | forecast |   k=8: silhouette=0.2511
2026-08-24 15:02:26,682 | INFO | forecast |   k=9: silhouette=0.2784
2026-08-24 15:02:26,731 | INFO | forecast |   k=10: silhouette=0.2769
2026-08-24 15:02:26,731 | INFO | forecast |   Optimal k=3 (silhouette=0.3781)
2026-08-24 15:02:26,732 | INFO | forecast | Fitting KMeans with k=3...
2026-08-24 15:02:26,792 | INFO | forecast | Saved clustering scaler & KMeans model to C:\ADITT\KP Telsig\stockVision\backend\forecasting\models
2026-08-24 15:02:26,800 | INFO | forecast | Saving cluster assignments & metadata to database...
2026-08-24 15:02:27,044 | INFO | forecast |   Cluster 0 (High Volatility - Growth): 14 members
2026-08-24 15:02:27,044 | INFO | forecast |   Cluster 1 (High Volatility - Declining - High Liquidity): 2 members
2026-08-24 15:02:27,044 | INFO | forecast |   Cluster 2 (Mid Volatility - Declining): 52 members
2026-08-24 15:02:27,044 | INFO | forecast | ========== Clustering Complete: 3 clusters, silhouette=0.3781 ==========
2026-08-24 15:02:27,044 | INFO | forecast | [Step 4/5] Training cluster-aware LightGBM models and computing accuracy...
2026-08-24 15:02:27,044 | INFO | forecast | ========== Cluster Model Training Started ==========
2026-08-24 15:02:27,887 | INFO | forecast |   Using global fallback params for cluster 0 / open
2026-08-24 15:02:27,888 | INFO | forecast |   Training cluster 0 / open (13533 samples, 14 symbols)...
2026-08-24 15:02:32,962 | INFO | forecast |   Using global fallback params for cluster 0 / high
2026-08-24 15:02:32,963 | INFO | forecast |   Training cluster 0 / high (13533 samples, 14 symbols)...
2026-08-24 15:02:37,908 | INFO | forecast |   Using global fallback params for cluster 0 / low
2026-08-24 15:02:37,909 | INFO | forecast |   Training cluster 0 / low (13533 samples, 14 symbols)...
2026-08-24 15:02:43,230 | INFO | forecast |   Using global fallback params for cluster 0 / close
2026-08-24 15:02:43,230 | INFO | forecast |   Training cluster 0 / close (13533 samples, 14 symbols)...
2026-08-24 15:02:48,337 | INFO | forecast |   Using global fallback params for cluster 0 / volume
2026-08-24 15:02:48,337 | INFO | forecast |   Training cluster 0 / volume (13533 samples, 14 symbols)...
2026-08-24 15:02:50,735 | INFO | forecast |   Using global fallback params for cluster 1 / open
2026-08-24 15:02:50,736 | INFO | forecast |   Training cluster 1 / open (1950 samples, 2 symbols)...
2026-08-24 15:02:52,764 | INFO | forecast |   Using global fallback params for cluster 1 / high
2026-08-24 15:02:52,764 | INFO | forecast |   Training cluster 1 / high (1950 samples, 2 symbols)...
2026-08-24 15:02:54,697 | INFO | forecast |   Using global fallback params for cluster 1 / low
2026-08-24 15:02:54,697 | INFO | forecast |   Training cluster 1 / low (1950 samples, 2 symbols)...
2026-08-24 15:02:57,126 | INFO | forecast |   Using global fallback params for cluster 1 / close
2026-08-24 15:02:57,126 | INFO | forecast |   Training cluster 1 / close (1950 samples, 2 symbols)...
2026-08-24 15:02:58,873 | INFO | forecast |   Using global fallback params for cluster 1 / volume
2026-08-24 15:02:58,873 | INFO | forecast |   Training cluster 1 / volume (1950 samples, 2 symbols)...
2026-08-24 15:03:02,848 | INFO | forecast |   Using global fallback params for cluster 2 / open
2026-08-24 15:03:02,848 | INFO | forecast |   Training cluster 2 / open (57267 samples, 52 symbols)...
2026-08-24 15:03:15,206 | INFO | forecast |   Using global fallback params for cluster 2 / high
2026-08-24 15:03:15,207 | INFO | forecast |   Training cluster 2 / high (57267 samples, 52 symbols)...
2026-08-24 15:03:27,138 | INFO | forecast |   Using global fallback params for cluster 2 / low
2026-08-24 15:03:27,139 | INFO | forecast |   Training cluster 2 / low (57267 samples, 52 symbols)...
2026-08-24 15:03:38,904 | INFO | forecast |   Using global fallback params for cluster 2 / close
2026-08-24 15:03:38,904 | INFO | forecast |   Training cluster 2 / close (57267 samples, 52 symbols)...
2026-08-24 15:03:50,873 | INFO | forecast |   Using global fallback params for cluster 2 / volume
2026-08-24 15:03:50,873 | INFO | forecast |   Training cluster 2 / volume (57267 samples, 52 symbols)...
2026-08-24 15:03:59,006 | INFO | forecast | Saved 340 accuracy records to database.
2026-08-24 15:03:59,008 | INFO | forecast |   Cluster 0: avg accuracy = 68.43%
2026-08-24 15:03:59,009 | INFO | forecast |   Cluster 1: avg accuracy = 72.77%
2026-08-24 15:03:59,009 | INFO | forecast |   Cluster 2: avg accuracy = 75.57%
2026-08-24 15:03:59,009 | INFO | forecast | ========== Cluster Model Training Complete ==========
2026-08-24 15:03:59,011 | INFO | forecast | [Step 5/5] Generating 7-day forecasts for all stocks...
2026-08-24 15:04:35,130 | INFO | forecast | Generated 476 forecast rows for 68 symbols.
2026-08-24 15:04:35,131 | INFO | forecast | Generated 476 forecast records.
2026-08-24 15:04:35,131 | INFO | forecast | Refreshing idxsaham.stock_forecasting table...
2026-08-24 15:04:37,539 | INFO | forecast | Forecast data saved successfully to idxsaham.stock_forecasting.
2026-08-24 15:04:37,539 | INFO | forecast | ==================================================
2026-08-24 15:04:37,539 | INFO | forecast | === StockVision Enhanced ML Pipeline Finished  ===
2026-08-24 15:04:37,540 | INFO | forecast | ==================================================
2026-08-24 15:05:33,870 | INFO | forecast | ==================================================
2026-08-24 15:05:33,871 | INFO | forecast | === StockVision Enhanced ML Pipeline Starting  ===
2026-08-24 15:05:33,871 | INFO | forecast | ==================================================
2026-08-24 15:05:33,871 | INFO | forecast | [Step 1/5] Ensuring database schema and tables exist...
2026-08-24 15:05:34,178 | INFO | forecast | [Step 2/5] Loading historical stock data from idxsaham.ohlc_forecasting...
2026-08-24 15:05:40,306 | INFO | forecast | Loaded 78155 rows across 68 unique symbols.
2026-08-24 15:05:40,306 | INFO | forecast | [Step 3/5] Handling stock movement clustering...
2026-08-24 15:05:40,331 | INFO | forecast | Using 68 existing cluster assignments from database.
2026-08-24 15:05:40,331 | INFO | forecast | [Step 4/5] Training cluster-aware LightGBM models and computing accuracy...
2026-08-24 15:05:40,332 | INFO | forecast | ========== Cluster Model Training Started ==========
2026-08-24 15:05:41,066 | INFO | forecast |   Using global fallback params for cluster 0 / open
2026-08-24 15:05:41,066 | INFO | forecast |   Training cluster 0 / open (13533 samples, 14 symbols)...
2026-08-24 15:05:47,157 | INFO | forecast |   Using global fallback params for cluster 0 / high
2026-08-24 15:05:47,159 | INFO | forecast |   Training cluster 0 / high (13533 samples, 14 symbols)...
2026-08-24 15:05:51,762 | INFO | forecast |   Using global fallback params for cluster 0 / low
2026-08-24 15:05:51,762 | INFO | forecast |   Training cluster 0 / low (13533 samples, 14 symbols)...
2026-08-24 15:05:56,771 | INFO | forecast |   Using global fallback params for cluster 0 / close
2026-08-24 15:05:56,771 | INFO | forecast |   Training cluster 0 / close (13533 samples, 14 symbols)...
2026-08-24 15:06:01,609 | INFO | forecast |   Using global fallback params for cluster 0 / volume
2026-08-24 15:06:01,610 | INFO | forecast |   Training cluster 0 / volume (13533 samples, 14 symbols)...
2026-08-24 15:06:03,942 | INFO | forecast |   Using global fallback params for cluster 1 / open
2026-08-24 15:06:03,942 | INFO | forecast |   Training cluster 1 / open (1950 samples, 2 symbols)...
2026-08-24 15:06:05,845 | INFO | forecast |   Using global fallback params for cluster 1 / high
2026-08-24 15:06:05,846 | INFO | forecast |   Training cluster 1 / high (1950 samples, 2 symbols)...
2026-08-24 15:06:07,766 | INFO | forecast |   Using global fallback params for cluster 1 / low
2026-08-24 15:06:07,767 | INFO | forecast |   Training cluster 1 / low (1950 samples, 2 symbols)...
2026-08-24 15:06:09,683 | INFO | forecast |   Using global fallback params for cluster 1 / close
2026-08-24 15:06:09,683 | INFO | forecast |   Training cluster 1 / close (1950 samples, 2 symbols)...
2026-08-24 15:06:11,334 | INFO | forecast |   Using global fallback params for cluster 1 / volume
2026-08-24 15:06:11,334 | INFO | forecast |   Training cluster 1 / volume (1950 samples, 2 symbols)...
2026-08-24 15:06:15,147 | INFO | forecast |   Using global fallback params for cluster 2 / open
2026-08-24 15:06:15,148 | INFO | forecast |   Training cluster 2 / open (57267 samples, 52 symbols)...
2026-08-24 15:06:26,768 | INFO | forecast |   Using global fallback params for cluster 2 / high
2026-08-24 15:06:26,768 | INFO | forecast |   Training cluster 2 / high (57267 samples, 52 symbols)...
2026-08-24 15:06:38,076 | INFO | forecast |   Using global fallback params for cluster 2 / low
2026-08-24 15:06:38,077 | INFO | forecast |   Training cluster 2 / low (57267 samples, 52 symbols)...
2026-08-24 15:06:49,391 | INFO | forecast |   Using global fallback params for cluster 2 / close
2026-08-24 15:06:49,391 | INFO | forecast |   Training cluster 2 / close (57267 samples, 52 symbols)...
2026-08-24 15:07:00,870 | INFO | forecast |   Using global fallback params for cluster 2 / volume
2026-08-24 15:07:00,871 | INFO | forecast |   Training cluster 2 / volume (57267 samples, 52 symbols)...
2026-08-24 15:07:08,977 | INFO | forecast | Saved 340 accuracy records to database.
2026-08-24 15:07:08,979 | INFO | forecast |   Cluster 0: avg accuracy = 68.43%
2026-08-24 15:07:08,980 | INFO | forecast |   Cluster 1: avg accuracy = 72.77%
2026-08-24 15:07:08,980 | INFO | forecast |   Cluster 2: avg accuracy = 75.57%
2026-08-24 15:07:08,981 | INFO | forecast | ========== Cluster Model Training Complete ==========
2026-08-24 15:07:08,981 | INFO | forecast | [Step 5/5] Generating 7-day forecasts for all stocks...
2026-08-24 15:07:42,824 | INFO | forecast | Generated 476 forecast rows for 68 symbols.
2026-08-24 15:07:42,824 | INFO | forecast | Generated 476 forecast records.
2026-08-24 15:07:42,824 | INFO | forecast | Refreshing idxsaham.stock_forecasting table...
2026-08-24 15:07:45,756 | INFO | forecast | Forecast data saved successfully to idxsaham.stock_forecasting.
2026-08-24 15:07:45,756 | INFO | forecast | ==================================================
2026-08-24 15:07:45,756 | INFO | forecast | === StockVision Enhanced ML Pipeline Finished  ===
2026-08-24 15:07:45,756 | INFO | forecast | ==================================================
2026-08-24 15:36:11,986 | INFO | forecast | ==================================================
2026-08-24 15:36:11,986 | INFO | forecast | === StockVision Enhanced ML Pipeline Starting  ===
2026-08-24 15:36:11,987 | INFO | forecast | ==================================================
2026-08-24 15:36:11,987 | INFO | forecast | [Step 1/5] Ensuring database schema and tables exist...
2026-08-24 15:36:12,141 | INFO | forecast | [Step 2/5] Loading historical stock data from idxsaham.ohlc_forecasting...
2026-08-24 15:36:16,738 | INFO | forecast | Loaded 78155 rows across 68 unique symbols.
2026-08-24 15:36:16,739 | INFO | forecast | [Step 3/5] Handling stock movement clustering...
2026-08-24 15:36:16,802 | INFO | forecast | Using 68 existing cluster assignments from database.
2026-08-24 15:36:16,802 | INFO | forecast | [Step 3.5/5] Running Optuna hyperparameter tuning per cluster...
2026-08-24 15:36:16,802 | INFO | forecast | ========== Hyperparameter Tuning Started ==========
2026-08-24 15:36:16,807 | INFO | forecast | Cluster 0: 14 symbols, 15776 rows
2026-08-24 15:36:17,595 | INFO | forecast |   Cluster 0 / open: tuning with 13533 samples, 20 trials...
2026-08-24 15:36:55,854 | INFO | forecast |   Cluster 0 / open: best MAE=70.8985 (38.3s)
2026-08-24 15:36:56,664 | INFO | forecast |   Cluster 0 / high: tuning with 13533 samples, 20 trials...
2026-08-24 15:37:21,810 | INFO | forecast |   Cluster 0 / high: best MAE=82.6776 (25.1s)
2026-08-24 15:37:22,621 | INFO | forecast |   Cluster 0 / low: tuning with 13533 samples, 20 trials...
2026-08-24 15:37:46,365 | INFO | forecast |   Cluster 0 / low: best MAE=80.1033 (23.7s)
2026-08-24 15:37:47,123 | INFO | forecast |   Cluster 0 / close: tuning with 13533 samples, 20 trials...
2026-08-24 15:38:24,158 | INFO | forecast |   Cluster 0 / close: best MAE=86.9694 (37.0s)
2026-08-24 15:38:24,999 | INFO | forecast |   Cluster 0 / volume: tuning with 13533 samples, 20 trials...
2026-08-24 15:38:40,953 | INFO | forecast |   Cluster 0 / volume: best MAE=14713491.7030 (15.9s)
2026-08-24 15:38:40,962 | INFO | forecast | Cluster 1: 2 symbols, 2426 rows
2026-08-24 15:38:41,103 | INFO | forecast |   Cluster 1 / open: tuning with 1950 samples, 20 trials...
2026-08-24 15:38:53,049 | INFO | forecast |   Cluster 1 / open: best MAE=8.8674 (11.9s)
2026-08-24 15:38:53,195 | INFO | forecast |   Cluster 1 / high: tuning with 1950 samples, 20 trials...
2026-08-24 15:39:06,829 | INFO | forecast |   Cluster 1 / high: best MAE=11.7835 (13.6s)
2026-08-24 15:39:06,973 | INFO | forecast |   Cluster 1 / low: tuning with 1950 samples, 20 trials...
2026-08-24 15:39:21,337 | INFO | forecast |   Cluster 1 / low: best MAE=10.6250 (14.4s)
2026-08-24 15:39:21,500 | INFO | forecast |   Cluster 1 / close: tuning with 1950 samples, 20 trials...
2026-08-24 15:39:32,997 | INFO | forecast |   Cluster 1 / close: best MAE=12.3235 (11.5s)
2026-08-24 15:39:33,132 | INFO | forecast |   Cluster 1 / volume: tuning with 1950 samples, 20 trials...
2026-08-24 15:39:38,286 | INFO | forecast |   Cluster 1 / volume: best MAE=732318658.2620 (5.2s)
2026-08-24 15:39:38,299 | INFO | forecast | Cluster 2: 52 symbols, 59953 rows
2026-08-24 15:39:41,257 | INFO | forecast |   Cluster 2 / open: tuning with 57267 samples, 20 trials...
2026-08-24 15:40:38,418 | INFO | forecast |   Cluster 2 / open: best MAE=26.8125 (57.2s)
2026-08-24 15:40:41,444 | INFO | forecast |   Cluster 2 / high: tuning with 57267 samples, 20 trials...
2026-08-24 15:42:01,304 | INFO | forecast |   Cluster 2 / high: best MAE=42.6641 (79.9s)
2026-08-24 15:42:04,309 | INFO | forecast |   Cluster 2 / low: tuning with 57267 samples, 20 trials...
2026-08-24 15:43:01,665 | INFO | forecast |   Cluster 2 / low: best MAE=45.3018 (57.4s)
2026-08-24 15:43:04,625 | INFO | forecast |   Cluster 2 / close: tuning with 57267 samples, 20 trials...
2026-08-24 15:44:30,553 | INFO | forecast |   Cluster 2 / close: best MAE=54.2552 (85.9s)
2026-08-24 15:44:33,549 | INFO | forecast |   Cluster 2 / volume: tuning with 57267 samples, 20 trials...
2026-08-24 15:45:02,054 | INFO | forecast |   Cluster 2 / volume: best MAE=63943092.0943 (28.5s)
2026-08-24 15:45:02,207 | INFO | forecast | Saved 15 hyperparameter sets to database.
2026-08-24 15:45:02,207 | INFO | forecast | ========== Hyperparameter Tuning Complete ==========
2026-08-24 15:45:02,212 | INFO | forecast | [Step 4/5] Training cluster-aware LightGBM models and computing accuracy...
2026-08-24 15:45:02,212 | INFO | forecast | ========== Cluster Model Training Started ==========
2026-08-24 15:45:03,149 | INFO | forecast |   Training cluster 0 / open (13533 samples, 14 symbols)...
2026-08-24 15:45:08,849 | INFO | forecast |   Training cluster 0 / high (13533 samples, 14 symbols)...
2026-08-24 15:45:12,225 | INFO | forecast |   Training cluster 0 / low (13533 samples, 14 symbols)...
2026-08-24 15:45:15,037 | INFO | forecast |   Training cluster 0 / close (13533 samples, 14 symbols)...
2026-08-24 15:45:21,123 | INFO | forecast |   Training cluster 0 / volume (13533 samples, 14 symbols)...
2026-08-24 15:45:23,910 | INFO | forecast |   Training cluster 1 / open (1950 samples, 2 symbols)...
2026-08-24 15:45:25,160 | INFO | forecast |   Training cluster 1 / high (1950 samples, 2 symbols)...
2026-08-24 15:45:27,419 | INFO | forecast |   Training cluster 1 / low (1950 samples, 2 symbols)...
2026-08-24 15:45:28,335 | INFO | forecast |   Training cluster 1 / close (1950 samples, 2 symbols)...
2026-08-24 15:45:29,580 | INFO | forecast |   Training cluster 1 / volume (1950 samples, 2 symbols)...
2026-08-24 15:45:33,719 | INFO | forecast |   Training cluster 2 / open (57267 samples, 52 symbols)...
2026-08-24 15:45:41,481 | INFO | forecast |   Training cluster 2 / high (57267 samples, 52 symbols)...
2026-08-24 15:45:53,944 | INFO | forecast |   Training cluster 2 / low (57267 samples, 52 symbols)...
2026-08-24 15:46:01,453 | INFO | forecast |   Training cluster 2 / close (57267 samples, 52 symbols)...
2026-08-24 15:46:23,592 | INFO | forecast |   Training cluster 2 / volume (57267 samples, 52 symbols)...
2026-08-24 15:46:32,504 | INFO | forecast | Saved 340 accuracy records to database.
2026-08-24 15:46:32,507 | INFO | forecast |   Cluster 0: avg accuracy = 68.31%
2026-08-24 15:46:32,507 | INFO | forecast |   Cluster 1: avg accuracy = 73.05%
2026-08-24 15:46:32,508 | INFO | forecast |   Cluster 2: avg accuracy = 75.76%
2026-08-24 15:46:32,508 | INFO | forecast | ========== Cluster Model Training Complete ==========
2026-08-24 15:46:32,510 | INFO | forecast | [Step 5/5] Generating 7-day forecasts for all stocks...
2026-08-24 15:47:09,434 | INFO | forecast | Generated 476 forecast rows for 68 symbols.
2026-08-24 15:47:09,434 | INFO | forecast | Generated 476 forecast records.
2026-08-24 15:47:09,434 | INFO | forecast | Refreshing idxsaham.stock_forecasting table...
2026-08-24 15:47:11,770 | INFO | forecast | Forecast data saved successfully to idxsaham.stock_forecasting.
2026-08-24 15:47:11,770 | INFO | forecast | ==================================================
2026-08-24 15:47:11,771 | INFO | forecast | === StockVision Enhanced ML Pipeline Finished  ===
2026-08-24 15:47:11,771 | INFO | forecast | ==================================================
<<<<<<< HEAD
2026-08-27 01:49:24,330 | INFO | Bootstrap | [Bootstrap] Memulai inisialisasi otomatis StockVision di background...
2026-08-27 01:49:24,336 | INFO | werkzeug | [31m[1mWARNING: This is a development server. Do not use it in a production deployment. Use a production WSGI server instead.[0m
 * Running on all addresses (0.0.0.0)
 * Running on http://127.0.0.1:8080
 * Running on http://172.18.0.2:8080
2026-08-27 01:49:24,337 | INFO | werkzeug | [33mPress CTRL+C to quit[0m
2026-08-27 01:49:27,341 | INFO | Bootstrap | [Bootstrap] trading_calendar sudah berisi 365 hari trading.
2026-08-27 01:49:27,352 | INFO | Bootstrap | [Bootstrap] idx_company_list sudah berisi 941 emiten.
2026-08-27 01:49:27,443 | INFO | Bootstrap | [Bootstrap] ohlc_forecasting sudah memiliki 1011086 baris data.
2026-08-27 01:49:27,454 | INFO | Bootstrap | [Bootstrap] insider_activity sudah berisi 84 baris data.
2026-08-27 01:49:27,464 | INFO | Bootstrap | [Bootstrap] stock_forecasting sudah berisi 56 baris data.
2026-08-27 01:49:27,465 | INFO | Bootstrap | [Bootstrap] Daily Forecast Cron aktif (berjalan setiap hari pukul 02:00 WIB).
2026-08-27 01:49:27,466 | INFO | Bootstrap | [Bootstrap] Inisialisasi background selesai. Seluruh sistem siap!
2026-08-27 01:49:39,432 | INFO | Bootstrap | [Bootstrap] Memulai inisialisasi otomatis StockVision di background...
2026-08-27 01:49:39,438 | INFO | werkzeug | [31m[1mWARNING: This is a development server. Do not use it in a production deployment. Use a production WSGI server instead.[0m
 * Running on all addresses (0.0.0.0)
 * Running on http://127.0.0.1:8080
 * Running on http://172.18.0.2:8080
2026-08-27 01:49:39,439 | INFO | werkzeug | [33mPress CTRL+C to quit[0m
2026-08-27 01:49:42,482 | INFO | Bootstrap | [Bootstrap] trading_calendar sudah berisi 365 hari trading.
2026-08-27 01:49:42,507 | INFO | Bootstrap | [Bootstrap] idx_company_list sudah berisi 941 emiten.
2026-08-27 01:49:42,544 | INFO | Bootstrap | [Bootstrap] ohlc_forecasting sudah memiliki 1011086 baris data.
2026-08-27 01:49:42,553 | INFO | Bootstrap | [Bootstrap] insider_activity sudah berisi 84 baris data.
2026-08-27 01:49:42,562 | INFO | Bootstrap | [Bootstrap] stock_forecasting sudah berisi 56 baris data.
2026-08-27 01:49:42,564 | INFO | Bootstrap | [Bootstrap] Daily Forecast Cron aktif (berjalan setiap hari pukul 02:00 WIB).
2026-08-27 01:49:42,565 | INFO | Bootstrap | [Bootstrap] Inisialisasi background selesai. Seluruh sistem siap!
2026-08-27 01:55:49,614 | INFO | Bootstrap | [Bootstrap] Memulai inisialisasi otomatis StockVision di background...
2026-08-27 01:55:49,621 | INFO | werkzeug | [31m[1mWARNING: This is a development server. Do not use it in a production deployment. Use a production WSGI server instead.[0m
 * Running on all addresses (0.0.0.0)
 * Running on http://127.0.0.1:8080
 * Running on http://172.18.0.3:8080
2026-08-27 01:55:49,622 | INFO | werkzeug | [33mPress CTRL+C to quit[0m
2026-08-27 01:55:52,625 | INFO | Bootstrap | [Bootstrap] trading_calendar sudah berisi 365 hari trading.
2026-08-27 01:55:52,640 | INFO | Bootstrap | [Bootstrap] idx_company_list sudah berisi 941 emiten.
2026-08-27 01:55:52,778 | INFO | Bootstrap | [Bootstrap] ohlc_forecasting sudah memiliki 1011086 baris data.
2026-08-27 01:55:52,788 | INFO | Bootstrap | [Bootstrap] insider_activity sudah berisi 84 baris data.
2026-08-27 01:55:52,797 | INFO | Bootstrap | [Bootstrap] stock_forecasting sudah berisi 56 baris data.
2026-08-27 01:55:52,799 | INFO | Bootstrap | [Bootstrap] Daily Forecast Cron aktif (berjalan setiap hari pukul 02:00 WIB).
2026-08-27 01:55:52,803 | INFO | Bootstrap | [Bootstrap] Inisialisasi background selesai. Seluruh sistem siap!
2026-08-27 02:57:33,186 | INFO | werkzeug | 172.18.0.1 - - [27/Aug/2026 02:57:33] "GET /users/5/watchlists HTTP/1.1" 200 -
2026-08-27 02:57:33,191 | INFO | werkzeug | 172.18.0.1 - - [27/Aug/2026 02:57:33] "GET /users/2/watchlists HTTP/1.1" 200 -
2026-08-27 02:57:33,379 | INFO | werkzeug | 172.18.0.1 - - [27/Aug/2026 02:57:33] "GET /api/data/tickers HTTP/1.1" 200 -
2026-08-27 02:57:33,382 | INFO | werkzeug | 172.18.0.1 - - [27/Aug/2026 02:57:33] "GET /api/data/tickers HTTP/1.1" 200 -
2026-08-27 02:57:33,484 | INFO | werkzeug | 172.18.0.1 - - [27/Aug/2026 02:57:33] "GET /api/data/tickers HTTP/1.1" 200 -
2026-08-27 02:57:33,534 | INFO | werkzeug | 172.18.0.1 - - [27/Aug/2026 02:57:33] "GET /api/data/tickers HTTP/1.1" 200 -
2026-08-27 02:57:33,566 | INFO | werkzeug | 172.18.0.1 - - [27/Aug/2026 02:57:33] "GET /users/5/watchlists HTTP/1.1" 200 -
2026-08-27 02:57:33,611 | INFO | werkzeug | 172.18.0.1 - - [27/Aug/2026 02:57:33] "GET /users/5/watchlists HTTP/1.1" 200 -
2026-08-27 02:57:34,380 | INFO | werkzeug | 172.18.0.1 - - [27/Aug/2026 02:57:34] "GET /api/data/ohlc?symbol=BBRI HTTP/1.1" 200 -
2026-08-27 02:57:34,386 | INFO | werkzeug | 172.18.0.1 - - [27/Aug/2026 02:57:34] "GET /api/data/ohlc?symbol=BJBR HTTP/1.1" 200 -
2026-08-27 02:57:34,409 | INFO | werkzeug | 172.18.0.1 - - [27/Aug/2026 02:57:34] "GET /api/data/ohlc?symbol=BBNI HTTP/1.1" 200 -
2026-08-27 02:57:34,416 | INFO | werkzeug | 172.18.0.1 - - [27/Aug/2026 02:57:34] "GET /api/data/ohlc?symbol=BBCA HTTP/1.1" 200 -
2026-08-27 02:57:34,417 | INFO | werkzeug | 172.18.0.1 - - [27/Aug/2026 02:57:34] "GET /api/data/ohlc?symbol=ASII HTTP/1.1" 200 -
2026-08-27 02:57:34,441 | INFO | werkzeug | 172.18.0.1 - - [27/Aug/2026 02:57:34] "GET /api/data/ohlc?symbol=BJBR HTTP/1.1" 200 -
2026-08-27 02:57:34,452 | INFO | werkzeug | 172.18.0.1 - - [27/Aug/2026 02:57:34] "GET /api/data/ohlc?symbol=BBCA HTTP/1.1" 200 -
2026-08-27 02:57:34,466 | INFO | werkzeug | 172.18.0.1 - - [27/Aug/2026 02:57:34] "GET /api/data/ohlc?symbol=BBRI HTTP/1.1" 200 -
2026-08-27 02:57:34,466 | INFO | werkzeug | 172.18.0.1 - - [27/Aug/2026 02:57:34] "GET /api/data/ohlc?symbol=BBNI HTTP/1.1" 200 -
2026-08-27 02:57:34,467 | INFO | werkzeug | 172.18.0.1 - - [27/Aug/2026 02:57:34] "GET /api/data/ohlc?symbol=BMRI HTTP/1.1" 200 -
2026-08-27 02:57:34,468 | INFO | werkzeug | 172.18.0.1 - - [27/Aug/2026 02:57:34] "GET /api/data/ohlc?symbol=BMRI HTTP/1.1" 200 -
2026-08-27 02:57:34,506 | INFO | werkzeug | 172.18.0.1 - - [27/Aug/2026 02:57:34] "GET /api/data/ohlc?symbol=TLKM HTTP/1.1" 200 -
2026-08-27 02:57:34,522 | INFO | werkzeug | 172.18.0.1 - - [27/Aug/2026 02:57:34] "GET /api/data/ohlc?symbol=ANTM HTTP/1.1" 200 -
2026-08-27 02:57:34,524 | INFO | werkzeug | 172.18.0.1 - - [27/Aug/2026 02:57:34] "GET /api/data/ohlc?symbol=TLKM HTTP/1.1" 200 -
2026-08-27 02:57:34,530 | INFO | werkzeug | 172.18.0.1 - - [27/Aug/2026 02:57:34] "GET /api/data/ohlc?symbol=GOTO HTTP/1.1" 200 -
2026-08-27 02:57:34,564 | INFO | werkzeug | 172.18.0.1 - - [27/Aug/2026 02:57:34] "GET /api/data/ohlc?symbol=GOTO HTTP/1.1" 200 -
2026-08-27 02:57:34,565 | INFO | werkzeug | 172.18.0.1 - - [27/Aug/2026 02:57:34] "GET /api/data/ohlc?symbol=ASII HTTP/1.1" 200 -
2026-08-27 02:57:34,579 | INFO | werkzeug | 172.18.0.1 - - [27/Aug/2026 02:57:34] "GET /api/data/ohlc?symbol=ANTM HTTP/1.1" 200 -
2026-08-27 02:57:34,580 | INFO | werkzeug | 172.18.0.1 - - [27/Aug/2026 02:57:34] "GET /api/data/ohlc?symbol=BJBR HTTP/1.1" 200 -
2026-08-27 02:57:34,596 | INFO | werkzeug | 172.18.0.1 - - [27/Aug/2026 02:57:34] "GET /api/data/ohlc?symbol=BBRI HTTP/1.1" 200 -
2026-08-27 02:57:34,597 | INFO | werkzeug | 172.18.0.1 - - [27/Aug/2026 02:57:34] "GET /api/data/ohlc?symbol=BBCA HTTP/1.1" 200 -
2026-08-27 02:57:34,621 | INFO | werkzeug | 172.18.0.1 - - [27/Aug/2026 02:57:34] "GET /api/data/ohlc?symbol=BBNI HTTP/1.1" 200 -
2026-08-27 02:57:34,627 | INFO | werkzeug | 172.18.0.1 - - [27/Aug/2026 02:57:34] "GET /api/data/ohlc?symbol=BMRI HTTP/1.1" 200 -
2026-08-27 02:57:34,660 | INFO | werkzeug | 172.18.0.1 - - [27/Aug/2026 02:57:34] "GET /api/data/ohlc?symbol=ASII HTTP/1.1" 200 -
2026-08-27 02:57:34,665 | INFO | werkzeug | 172.18.0.1 - - [27/Aug/2026 02:57:34] "GET /api/data/ohlc?symbol=GOTO HTTP/1.1" 200 -
2026-08-27 02:57:34,665 | INFO | werkzeug | 172.18.0.1 - - [27/Aug/2026 02:57:34] "GET /api/data/ohlc?symbol=TLKM HTTP/1.1" 200 -
2026-08-27 02:57:34,682 | INFO | werkzeug | 172.18.0.1 - - [27/Aug/2026 02:57:34] "GET /api/data/ohlc?symbol=BJBR HTTP/1.1" 200 -
2026-08-27 02:57:34,683 | INFO | werkzeug | 172.18.0.1 - - [27/Aug/2026 02:57:34] "GET /api/data/ohlc?symbol=ANTM HTTP/1.1" 200 -
2026-08-27 02:57:34,697 | INFO | werkzeug | 172.18.0.1 - - [27/Aug/2026 02:57:34] "GET /api/data/ohlc?symbol=BBRI HTTP/1.1" 200 -
2026-08-27 02:57:34,705 | INFO | werkzeug | 172.18.0.1 - - [27/Aug/2026 02:57:34] "GET /api/data/ohlc?symbol=BBCA HTTP/1.1" 200 -
2026-08-27 02:57:34,738 | INFO | werkzeug | 172.18.0.1 - - [27/Aug/2026 02:57:34] "GET /api/data/ohlc?symbol=BMRI HTTP/1.1" 200 -
2026-08-27 02:57:34,738 | INFO | werkzeug | 172.18.0.1 - - [27/Aug/2026 02:57:34] "GET /api/data/ohlc?symbol=ASII HTTP/1.1" 200 -
2026-08-27 02:57:34,746 | INFO | werkzeug | 172.18.0.1 - - [27/Aug/2026 02:57:34] "GET /api/data/ohlc?symbol=GOTO HTTP/1.1" 200 -
2026-08-27 02:57:34,751 | INFO | werkzeug | 172.18.0.1 - - [27/Aug/2026 02:57:34] "GET /api/data/ohlc?symbol=BBNI HTTP/1.1" 200 -
2026-08-27 02:57:34,759 | INFO | werkzeug | 172.18.0.1 - - [27/Aug/2026 02:57:34] "GET /api/data/ohlc?symbol=TLKM HTTP/1.1" 200 -
2026-08-27 02:57:34,766 | INFO | werkzeug | 172.18.0.1 - - [27/Aug/2026 02:57:34] "GET /api/data/ohlc?symbol=ANTM HTTP/1.1" 200 -
2026-08-27 02:57:42,236 | INFO | werkzeug | 172.18.0.1 - - [27/Aug/2026 02:57:42] "GET /api/data/ohlc?symbol=BBCA HTTP/1.1" 200 -
2026-08-27 02:57:42,253 | INFO | werkzeug | 172.18.0.1 - - [27/Aug/2026 02:57:42] "GET /api/data/ohlc?symbol=BBNI HTTP/1.1" 200 -
2026-08-27 02:57:42,254 | INFO | werkzeug | 172.18.0.1 - - [27/Aug/2026 02:57:42] "GET /api/data/ohlc?symbol=BBRI HTTP/1.1" 200 -
2026-08-27 02:57:42,259 | INFO | werkzeug | 172.18.0.1 - - [27/Aug/2026 02:57:42] "GET /api/data/ohlc?symbol=BMRI HTTP/1.1" 200 -
2026-08-27 02:57:42,268 | INFO | werkzeug | 172.18.0.1 - - [27/Aug/2026 02:57:42] "GET /api/data/ohlc?symbol=TLKM HTTP/1.1" 200 -
2026-08-27 02:57:42,276 | INFO | werkzeug | 172.18.0.1 - - [27/Aug/2026 02:57:42] "GET /api/data/ohlc?symbol=BJBR HTTP/1.1" 200 -
2026-08-27 02:57:42,298 | INFO | werkzeug | 172.18.0.1 - - [27/Aug/2026 02:57:42] "GET /api/data/ohlc?symbol=ASII HTTP/1.1" 200 -
2026-08-27 02:57:42,313 | INFO | werkzeug | 172.18.0.1 - - [27/Aug/2026 02:57:42] "GET /api/data/ohlc?symbol=GOTO HTTP/1.1" 200 -
2026-08-27 02:57:42,314 | INFO | werkzeug | 172.18.0.1 - - [27/Aug/2026 02:57:42] "GET /api/data/ohlc?symbol=ANTM HTTP/1.1" 200 -
2026-08-27 02:57:42,339 | INFO | werkzeug | 172.18.0.1 - - [27/Aug/2026 02:57:42] "GET /api/data/ohlc?symbol=BBCA HTTP/1.1" 200 -
2026-08-27 02:57:42,340 | INFO | werkzeug | 172.18.0.1 - - [27/Aug/2026 02:57:42] "GET /api/data/stock-info?symbol=BBCA HTTP/1.1" 200 -
2026-08-27 02:57:42,341 | INFO | werkzeug | 172.18.0.1 - - [27/Aug/2026 02:57:42] "GET /api/data/majorholder?symbol=BBCA HTTP/1.1" 200 -
2026-08-27 02:57:42,349 | INFO | werkzeug | 172.18.0.1 - - [27/Aug/2026 02:57:42] "GET /api/data/broker-activity?symbol=BBCA HTTP/1.1" 200 -
2026-08-27 02:57:42,362 | INFO | werkzeug | 172.18.0.1 - - [27/Aug/2026 02:57:42] "GET /api/data/technical?symbol=BBCA HTTP/1.1" 200 -
2026-08-27 02:57:42,389 | INFO | werkzeug | 172.18.0.1 - - [27/Aug/2026 02:57:42] "GET /api/prescriptive/results?symbol=BBCA HTTP/1.1" 200 -
2026-08-27 02:57:42,624 | INFO | werkzeug | 172.18.0.1 - - [27/Aug/2026 02:57:42] "GET /api/data/forecast?symbol=BBCA HTTP/1.1" 200 -
2026-08-27 02:57:49,362 | INFO | werkzeug | 172.18.0.1 - - [27/Aug/2026 02:57:49] "GET /api/data/ohlc?symbol=BBNI HTTP/1.1" 200 -
2026-08-27 02:57:49,368 | INFO | werkzeug | 172.18.0.1 - - [27/Aug/2026 02:57:49] "GET /api/data/ohlc?symbol=BBCA HTTP/1.1" 200 -
2026-08-27 02:57:49,380 | INFO | werkzeug | 172.18.0.1 - - [27/Aug/2026 02:57:49] "GET /api/data/ohlc?symbol=BMRI HTTP/1.1" 200 -
2026-08-27 02:57:49,400 | INFO | werkzeug | 172.18.0.1 - - [27/Aug/2026 02:57:49] "GET /api/data/ohlc?symbol=TLKM HTTP/1.1" 200 -
2026-08-27 02:57:49,401 | INFO | werkzeug | 172.18.0.1 - - [27/Aug/2026 02:57:49] "GET /api/data/ohlc?symbol=BBRI HTTP/1.1" 200 -
2026-08-27 02:57:49,402 | INFO | werkzeug | 172.18.0.1 - - [27/Aug/2026 02:57:49] "GET /api/data/ohlc?symbol=BJBR HTTP/1.1" 200 -
2026-08-27 02:57:49,440 | INFO | werkzeug | 172.18.0.1 - - [27/Aug/2026 02:57:49] "GET /api/data/ohlc?symbol=ANTM HTTP/1.1" 200 -
2026-08-27 02:57:49,441 | INFO | werkzeug | 172.18.0.1 - - [27/Aug/2026 02:57:49] "GET /api/data/ohlc?symbol=ASII HTTP/1.1" 200 -
2026-08-27 02:57:49,447 | INFO | werkzeug | 172.18.0.1 - - [27/Aug/2026 02:57:49] "GET /api/data/ohlc?symbol=GOTO HTTP/1.1" 200 -
2026-08-27 02:57:49,652 | INFO | werkzeug | 172.18.0.1 - - [27/Aug/2026 02:57:49] "GET /scheduler/status HTTP/1.1" 200 -
2026-08-27 02:57:54,489 | INFO | werkzeug | 172.18.0.1 - - [27/Aug/2026 02:57:54] "GET /scheduler/status HTTP/1.1" 200 -
2026-08-27 02:57:57,295 | INFO | werkzeug | 172.18.0.1 - - [27/Aug/2026 02:57:57] "OPTIONS /admin/users HTTP/1.1" 200 -
2026-08-27 02:57:57,298 | INFO | werkzeug | 172.18.0.1 - - [27/Aug/2026 02:57:57] "OPTIONS /admin/activity HTTP/1.1" 200 -
2026-08-27 02:57:57,409 | ERROR | app | Exception on /admin/activity [GET]
Traceback (most recent call last):
  File "/usr/local/lib/python3.12/site-packages/flask/app.py", line 1511, in wsgi_app
    response = self.full_dispatch_request()
               ^^^^^^^^^^^^^^^^^^^^^^^^^^^^
  File "/usr/local/lib/python3.12/site-packages/flask/app.py", line 919, in full_dispatch_request
    rv = self.handle_user_exception(e)
         ^^^^^^^^^^^^^^^^^^^^^^^^^^^^^
  File "/usr/local/lib/python3.12/site-packages/flask_cors/extension.py", line 206, in wrapped_function
    return cors_after_request(app_any.make_response(f(*args, **kwargs)))
                                                    ^^^^^^^^^^^^^^^^^^
  File "/usr/local/lib/python3.12/site-packages/flask/app.py", line 917, in full_dispatch_request
    rv = self.dispatch_request()
         ^^^^^^^^^^^^^^^^^^^^^^^
  File "/usr/local/lib/python3.12/site-packages/flask/app.py", line 902, in dispatch_request
    return self.ensure_sync(self.view_functions[rule.endpoint])(**view_args)  # type: ignore[no-any-return]
           ^^^^^^^^^^^^^^^^^^^^^^^^^^^^^^^^^^^^^^^^^^^^^^^^^^^^^^^^^^^^^^^^^
  File "/app/admin_routes.py", line 936, in admin_get_activity
    ensure_admin_tables()
  File "/app/admin_routes.py", line 63, in ensure_admin_tables
    cur.execute("""
psycopg2.errors.UndefinedColumn: column "role" does not exist
LINE 3:         SELECT DISTINCT role
                                ^

2026-08-27 02:57:57,432 | ERROR | app | Exception on /admin/users [GET]
Traceback (most recent call last):
  File "/usr/local/lib/python3.12/site-packages/flask/app.py", line 1511, in wsgi_app
    response = self.full_dispatch_request()
               ^^^^^^^^^^^^^^^^^^^^^^^^^^^^
  File "/usr/local/lib/python3.12/site-packages/flask/app.py", line 919, in full_dispatch_request
    rv = self.handle_user_exception(e)
         ^^^^^^^^^^^^^^^^^^^^^^^^^^^^^
  File "/usr/local/lib/python3.12/site-packages/flask_cors/extension.py", line 206, in wrapped_function
    return cors_after_request(app_any.make_response(f(*args, **kwargs)))
                                                    ^^^^^^^^^^^^^^^^^^
  File "/usr/local/lib/python3.12/site-packages/flask/app.py", line 917, in full_dispatch_request
    rv = self.dispatch_request()
         ^^^^^^^^^^^^^^^^^^^^^^^
  File "/usr/local/lib/python3.12/site-packages/flask/app.py", line 902, in dispatch_request
    return self.ensure_sync(self.view_functions[rule.endpoint])(**view_args)  # type: ignore[no-any-return]
           ^^^^^^^^^^^^^^^^^^^^^^^^^^^^^^^^^^^^^^^^^^^^^^^^^^^^^^^^^^^^^^^^^
  File "/app/admin_routes.py", line 230, in admin_get_users
    ensure_admin_tables()
  File "/app/admin_routes.py", line 63, in ensure_admin_tables
    cur.execute("""
psycopg2.errors.UndefinedColumn: column "role" does not exist
LINE 3:         SELECT DISTINCT role
                                ^

2026-08-27 02:57:57,512 | INFO | werkzeug | 172.18.0.1 - - [27/Aug/2026 02:57:57] "[35m[1mGET /admin/activity HTTP/1.1[0m" 500 -
2026-08-27 02:57:57,516 | INFO | werkzeug | 172.18.0.1 - - [27/Aug/2026 02:57:57] "[35m[1mGET /admin/users HTTP/1.1[0m" 500 -
2026-08-27 02:58:02,298 | ERROR | app | Exception on /admin/users [GET]
Traceback (most recent call last):
  File "/usr/local/lib/python3.12/site-packages/flask/app.py", line 1511, in wsgi_app
    response = self.full_dispatch_request()
               ^^^^^^^^^^^^^^^^^^^^^^^^^^^^
  File "/usr/local/lib/python3.12/site-packages/flask/app.py", line 919, in full_dispatch_request
    rv = self.handle_user_exception(e)
         ^^^^^^^^^^^^^^^^^^^^^^^^^^^^^
  File "/usr/local/lib/python3.12/site-packages/flask_cors/extension.py", line 206, in wrapped_function
    return cors_after_request(app_any.make_response(f(*args, **kwargs)))
                                                    ^^^^^^^^^^^^^^^^^^
  File "/usr/local/lib/python3.12/site-packages/flask/app.py", line 917, in full_dispatch_request
    rv = self.dispatch_request()
         ^^^^^^^^^^^^^^^^^^^^^^^
  File "/usr/local/lib/python3.12/site-packages/flask/app.py", line 902, in dispatch_request
    return self.ensure_sync(self.view_functions[rule.endpoint])(**view_args)  # type: ignore[no-any-return]
           ^^^^^^^^^^^^^^^^^^^^^^^^^^^^^^^^^^^^^^^^^^^^^^^^^^^^^^^^^^^^^^^^^
  File "/app/admin_routes.py", line 230, in admin_get_users
    ensure_admin_tables()
  File "/app/admin_routes.py", line 63, in ensure_admin_tables
    cur.execute("""
psycopg2.errors.UndefinedColumn: column "role" does not exist
LINE 3:         SELECT DISTINCT role
                                ^

2026-08-27 02:58:02,306 | INFO | werkzeug | 172.18.0.1 - - [27/Aug/2026 02:58:02] "[35m[1mGET /admin/users HTTP/1.1[0m" 500 -
2026-08-27 02:58:02,309 | ERROR | app | Exception on /admin/activity [GET]
Traceback (most recent call last):
  File "/usr/local/lib/python3.12/site-packages/flask/app.py", line 1511, in wsgi_app
    response = self.full_dispatch_request()
               ^^^^^^^^^^^^^^^^^^^^^^^^^^^^
  File "/usr/local/lib/python3.12/site-packages/flask/app.py", line 919, in full_dispatch_request
    rv = self.handle_user_exception(e)
         ^^^^^^^^^^^^^^^^^^^^^^^^^^^^^
  File "/usr/local/lib/python3.12/site-packages/flask_cors/extension.py", line 206, in wrapped_function
    return cors_after_request(app_any.make_response(f(*args, **kwargs)))
                                                    ^^^^^^^^^^^^^^^^^^
  File "/usr/local/lib/python3.12/site-packages/flask/app.py", line 917, in full_dispatch_request
    rv = self.dispatch_request()
         ^^^^^^^^^^^^^^^^^^^^^^^
  File "/usr/local/lib/python3.12/site-packages/flask/app.py", line 902, in dispatch_request
    return self.ensure_sync(self.view_functions[rule.endpoint])(**view_args)  # type: ignore[no-any-return]
           ^^^^^^^^^^^^^^^^^^^^^^^^^^^^^^^^^^^^^^^^^^^^^^^^^^^^^^^^^^^^^^^^^
  File "/app/admin_routes.py", line 936, in admin_get_activity
    ensure_admin_tables()
  File "/app/admin_routes.py", line 63, in ensure_admin_tables
    cur.execute("""
psycopg2.errors.UndefinedColumn: column "role" does not exist
LINE 3:         SELECT DISTINCT role
                                ^

2026-08-27 02:58:02,325 | INFO | werkzeug | 172.18.0.1 - - [27/Aug/2026 02:58:02] "[35m[1mGET /admin/activity HTTP/1.1[0m" 500 -
2026-08-27 02:58:07,281 | INFO | werkzeug | 172.18.0.1 - - [27/Aug/2026 02:58:07] "OPTIONS /admin/users HTTP/1.1" 200 -
2026-08-27 02:58:07,282 | INFO | werkzeug | 172.18.0.1 - - [27/Aug/2026 02:58:07] "OPTIONS /admin/activity HTTP/1.1" 200 -
2026-08-27 02:58:07,309 | ERROR | app | Exception on /admin/users [GET]
Traceback (most recent call last):
  File "/usr/local/lib/python3.12/site-packages/flask/app.py", line 1511, in wsgi_app
    response = self.full_dispatch_request()
               ^^^^^^^^^^^^^^^^^^^^^^^^^^^^
  File "/usr/local/lib/python3.12/site-packages/flask/app.py", line 919, in full_dispatch_request
    rv = self.handle_user_exception(e)
         ^^^^^^^^^^^^^^^^^^^^^^^^^^^^^
  File "/usr/local/lib/python3.12/site-packages/flask_cors/extension.py", line 206, in wrapped_function
    return cors_after_request(app_any.make_response(f(*args, **kwargs)))
                                                    ^^^^^^^^^^^^^^^^^^
  File "/usr/local/lib/python3.12/site-packages/flask/app.py", line 917, in full_dispatch_request
    rv = self.dispatch_request()
         ^^^^^^^^^^^^^^^^^^^^^^^
  File "/usr/local/lib/python3.12/site-packages/flask/app.py", line 902, in dispatch_request
    return self.ensure_sync(self.view_functions[rule.endpoint])(**view_args)  # type: ignore[no-any-return]
           ^^^^^^^^^^^^^^^^^^^^^^^^^^^^^^^^^^^^^^^^^^^^^^^^^^^^^^^^^^^^^^^^^
  File "/app/admin_routes.py", line 230, in admin_get_users
    ensure_admin_tables()
  File "/app/admin_routes.py", line 63, in ensure_admin_tables
    cur.execute("""
psycopg2.errors.UndefinedColumn: column "role" does not exist
LINE 3:         SELECT DISTINCT role
                                ^

2026-08-27 02:58:07,314 | INFO | werkzeug | 172.18.0.1 - - [27/Aug/2026 02:58:07] "[35m[1mGET /admin/users HTTP/1.1[0m" 500 -
2026-08-27 02:58:07,324 | ERROR | app | Exception on /admin/activity [GET]
Traceback (most recent call last):
  File "/usr/local/lib/python3.12/site-packages/flask/app.py", line 1511, in wsgi_app
    response = self.full_dispatch_request()
               ^^^^^^^^^^^^^^^^^^^^^^^^^^^^
  File "/usr/local/lib/python3.12/site-packages/flask/app.py", line 919, in full_dispatch_request
    rv = self.handle_user_exception(e)
         ^^^^^^^^^^^^^^^^^^^^^^^^^^^^^
  File "/usr/local/lib/python3.12/site-packages/flask_cors/extension.py", line 206, in wrapped_function
    return cors_after_request(app_any.make_response(f(*args, **kwargs)))
                                                    ^^^^^^^^^^^^^^^^^^
  File "/usr/local/lib/python3.12/site-packages/flask/app.py", line 917, in full_dispatch_request
    rv = self.dispatch_request()
         ^^^^^^^^^^^^^^^^^^^^^^^
  File "/usr/local/lib/python3.12/site-packages/flask/app.py", line 902, in dispatch_request
    return self.ensure_sync(self.view_functions[rule.endpoint])(**view_args)  # type: ignore[no-any-return]
           ^^^^^^^^^^^^^^^^^^^^^^^^^^^^^^^^^^^^^^^^^^^^^^^^^^^^^^^^^^^^^^^^^
  File "/app/admin_routes.py", line 936, in admin_get_activity
    ensure_admin_tables()
  File "/app/admin_routes.py", line 63, in ensure_admin_tables
    cur.execute("""
psycopg2.errors.UndefinedColumn: column "role" does not exist
LINE 3:         SELECT DISTINCT role
                                ^

2026-08-27 02:58:07,328 | INFO | werkzeug | 172.18.0.1 - - [27/Aug/2026 02:58:07] "[35m[1mGET /admin/activity HTTP/1.1[0m" 500 -
2026-08-27 02:58:12,311 | ERROR | app | Exception on /admin/users [GET]
Traceback (most recent call last):
  File "/usr/local/lib/python3.12/site-packages/flask/app.py", line 1511, in wsgi_app
    response = self.full_dispatch_request()
               ^^^^^^^^^^^^^^^^^^^^^^^^^^^^
  File "/usr/local/lib/python3.12/site-packages/flask/app.py", line 919, in full_dispatch_request
    rv = self.handle_user_exception(e)
         ^^^^^^^^^^^^^^^^^^^^^^^^^^^^^
  File "/usr/local/lib/python3.12/site-packages/flask_cors/extension.py", line 206, in wrapped_function
    return cors_after_request(app_any.make_response(f(*args, **kwargs)))
                                                    ^^^^^^^^^^^^^^^^^^
  File "/usr/local/lib/python3.12/site-packages/flask/app.py", line 917, in full_dispatch_request
    rv = self.dispatch_request()
         ^^^^^^^^^^^^^^^^^^^^^^^
  File "/usr/local/lib/python3.12/site-packages/flask/app.py", line 902, in dispatch_request
    return self.ensure_sync(self.view_functions[rule.endpoint])(**view_args)  # type: ignore[no-any-return]
           ^^^^^^^^^^^^^^^^^^^^^^^^^^^^^^^^^^^^^^^^^^^^^^^^^^^^^^^^^^^^^^^^^
  File "/app/admin_routes.py", line 230, in admin_get_users
    ensure_admin_tables()
  File "/app/admin_routes.py", line 63, in ensure_admin_tables
    cur.execute("""
psycopg2.errors.UndefinedColumn: column "role" does not exist
LINE 3:         SELECT DISTINCT role
                                ^

2026-08-27 02:58:12,315 | INFO | werkzeug | 172.18.0.1 - - [27/Aug/2026 02:58:12] "[35m[1mGET /admin/users HTTP/1.1[0m" 500 -
2026-08-27 02:58:12,325 | ERROR | app | Exception on /admin/activity [GET]
Traceback (most recent call last):
  File "/usr/local/lib/python3.12/site-packages/flask/app.py", line 1511, in wsgi_app
    response = self.full_dispatch_request()
               ^^^^^^^^^^^^^^^^^^^^^^^^^^^^
  File "/usr/local/lib/python3.12/site-packages/flask/app.py", line 919, in full_dispatch_request
    rv = self.handle_user_exception(e)
         ^^^^^^^^^^^^^^^^^^^^^^^^^^^^^
  File "/usr/local/lib/python3.12/site-packages/flask_cors/extension.py", line 206, in wrapped_function
    return cors_after_request(app_any.make_response(f(*args, **kwargs)))
                                                    ^^^^^^^^^^^^^^^^^^
  File "/usr/local/lib/python3.12/site-packages/flask/app.py", line 917, in full_dispatch_request
    rv = self.dispatch_request()
         ^^^^^^^^^^^^^^^^^^^^^^^
  File "/usr/local/lib/python3.12/site-packages/flask/app.py", line 902, in dispatch_request
    return self.ensure_sync(self.view_functions[rule.endpoint])(**view_args)  # type: ignore[no-any-return]
           ^^^^^^^^^^^^^^^^^^^^^^^^^^^^^^^^^^^^^^^^^^^^^^^^^^^^^^^^^^^^^^^^^
  File "/app/admin_routes.py", line 936, in admin_get_activity
    ensure_admin_tables()
  File "/app/admin_routes.py", line 63, in ensure_admin_tables
    cur.execute("""
psycopg2.errors.UndefinedColumn: column "role" does not exist
LINE 3:         SELECT DISTINCT role
                                ^

2026-08-27 02:58:12,329 | INFO | werkzeug | 172.18.0.1 - - [27/Aug/2026 02:58:12] "[35m[1mGET /admin/activity HTTP/1.1[0m" 500 -
2026-08-27 02:58:17,315 | INFO | werkzeug | 172.18.0.1 - - [27/Aug/2026 02:58:17] "OPTIONS /admin/users HTTP/1.1" 200 -
2026-08-27 02:58:17,320 | INFO | werkzeug | 172.18.0.1 - - [27/Aug/2026 02:58:17] "OPTIONS /admin/activity HTTP/1.1" 200 -
2026-08-27 02:58:17,378 | ERROR | app | Exception on /admin/users [GET]
Traceback (most recent call last):
  File "/usr/local/lib/python3.12/site-packages/flask/app.py", line 1511, in wsgi_app
    response = self.full_dispatch_request()
               ^^^^^^^^^^^^^^^^^^^^^^^^^^^^
  File "/usr/local/lib/python3.12/site-packages/flask/app.py", line 919, in full_dispatch_request
    rv = self.handle_user_exception(e)
         ^^^^^^^^^^^^^^^^^^^^^^^^^^^^^
  File "/usr/local/lib/python3.12/site-packages/flask_cors/extension.py", line 206, in wrapped_function
    return cors_after_request(app_any.make_response(f(*args, **kwargs)))
                                                    ^^^^^^^^^^^^^^^^^^
  File "/usr/local/lib/python3.12/site-packages/flask/app.py", line 917, in full_dispatch_request
    rv = self.dispatch_request()
         ^^^^^^^^^^^^^^^^^^^^^^^
  File "/usr/local/lib/python3.12/site-packages/flask/app.py", line 902, in dispatch_request
    return self.ensure_sync(self.view_functions[rule.endpoint])(**view_args)  # type: ignore[no-any-return]
           ^^^^^^^^^^^^^^^^^^^^^^^^^^^^^^^^^^^^^^^^^^^^^^^^^^^^^^^^^^^^^^^^^
  File "/app/admin_routes.py", line 230, in admin_get_users
    ensure_admin_tables()
  File "/app/admin_routes.py", line 63, in ensure_admin_tables
    cur.execute("""
psycopg2.errors.UndefinedColumn: column "role" does not exist
LINE 3:         SELECT DISTINCT role
                                ^

2026-08-27 02:58:17,382 | INFO | werkzeug | 172.18.0.1 - - [27/Aug/2026 02:58:17] "[35m[1mGET /admin/users HTTP/1.1[0m" 500 -
2026-08-27 02:58:17,394 | ERROR | app | Exception on /admin/activity [GET]
Traceback (most recent call last):
  File "/usr/local/lib/python3.12/site-packages/flask/app.py", line 1511, in wsgi_app
    response = self.full_dispatch_request()
               ^^^^^^^^^^^^^^^^^^^^^^^^^^^^
  File "/usr/local/lib/python3.12/site-packages/flask/app.py", line 919, in full_dispatch_request
    rv = self.handle_user_exception(e)
         ^^^^^^^^^^^^^^^^^^^^^^^^^^^^^
  File "/usr/local/lib/python3.12/site-packages/flask_cors/extension.py", line 206, in wrapped_function
    return cors_after_request(app_any.make_response(f(*args, **kwargs)))
                                                    ^^^^^^^^^^^^^^^^^^
  File "/usr/local/lib/python3.12/site-packages/flask/app.py", line 917, in full_dispatch_request
    rv = self.dispatch_request()
         ^^^^^^^^^^^^^^^^^^^^^^^
  File "/usr/local/lib/python3.12/site-packages/flask/app.py", line 902, in dispatch_request
    return self.ensure_sync(self.view_functions[rule.endpoint])(**view_args)  # type: ignore[no-any-return]
           ^^^^^^^^^^^^^^^^^^^^^^^^^^^^^^^^^^^^^^^^^^^^^^^^^^^^^^^^^^^^^^^^^
  File "/app/admin_routes.py", line 936, in admin_get_activity
    ensure_admin_tables()
  File "/app/admin_routes.py", line 63, in ensure_admin_tables
    cur.execute("""
psycopg2.errors.UndefinedColumn: column "role" does not exist
LINE 3:         SELECT DISTINCT role
                                ^

2026-08-27 02:58:17,399 | INFO | werkzeug | 172.18.0.1 - - [27/Aug/2026 02:58:17] "[35m[1mGET /admin/activity HTTP/1.1[0m" 500 -
2026-08-27 02:58:22,377 | ERROR | app | Exception on /admin/users [GET]
Traceback (most recent call last):
  File "/usr/local/lib/python3.12/site-packages/flask/app.py", line 1511, in wsgi_app
    response = self.full_dispatch_request()
               ^^^^^^^^^^^^^^^^^^^^^^^^^^^^
  File "/usr/local/lib/python3.12/site-packages/flask/app.py", line 919, in full_dispatch_request
    rv = self.handle_user_exception(e)
         ^^^^^^^^^^^^^^^^^^^^^^^^^^^^^
  File "/usr/local/lib/python3.12/site-packages/flask_cors/extension.py", line 206, in wrapped_function
    return cors_after_request(app_any.make_response(f(*args, **kwargs)))
                                                    ^^^^^^^^^^^^^^^^^^
  File "/usr/local/lib/python3.12/site-packages/flask/app.py", line 917, in full_dispatch_request
    rv = self.dispatch_request()
         ^^^^^^^^^^^^^^^^^^^^^^^
  File "/usr/local/lib/python3.12/site-packages/flask/app.py", line 902, in dispatch_request
    return self.ensure_sync(self.view_functions[rule.endpoint])(**view_args)  # type: ignore[no-any-return]
           ^^^^^^^^^^^^^^^^^^^^^^^^^^^^^^^^^^^^^^^^^^^^^^^^^^^^^^^^^^^^^^^^^
  File "/app/admin_routes.py", line 230, in admin_get_users
    ensure_admin_tables()
  File "/app/admin_routes.py", line 63, in ensure_admin_tables
    cur.execute("""
psycopg2.errors.UndefinedColumn: column "role" does not exist
LINE 3:         SELECT DISTINCT role
                                ^

2026-08-27 02:58:22,391 | INFO | werkzeug | 172.18.0.1 - - [27/Aug/2026 02:58:22] "[35m[1mGET /admin/users HTTP/1.1[0m" 500 -
2026-08-27 02:58:22,435 | ERROR | app | Exception on /admin/activity [GET]
Traceback (most recent call last):
  File "/usr/local/lib/python3.12/site-packages/flask/app.py", line 1511, in wsgi_app
    response = self.full_dispatch_request()
               ^^^^^^^^^^^^^^^^^^^^^^^^^^^^
  File "/usr/local/lib/python3.12/site-packages/flask/app.py", line 919, in full_dispatch_request
    rv = self.handle_user_exception(e)
         ^^^^^^^^^^^^^^^^^^^^^^^^^^^^^
  File "/usr/local/lib/python3.12/site-packages/flask_cors/extension.py", line 206, in wrapped_function
    return cors_after_request(app_any.make_response(f(*args, **kwargs)))
                                                    ^^^^^^^^^^^^^^^^^^
  File "/usr/local/lib/python3.12/site-packages/flask/app.py", line 917, in full_dispatch_request
    rv = self.dispatch_request()
         ^^^^^^^^^^^^^^^^^^^^^^^
  File "/usr/local/lib/python3.12/site-packages/flask/app.py", line 902, in dispatch_request
    return self.ensure_sync(self.view_functions[rule.endpoint])(**view_args)  # type: ignore[no-any-return]
           ^^^^^^^^^^^^^^^^^^^^^^^^^^^^^^^^^^^^^^^^^^^^^^^^^^^^^^^^^^^^^^^^^
  File "/app/admin_routes.py", line 936, in admin_get_activity
    ensure_admin_tables()
  File "/app/admin_routes.py", line 63, in ensure_admin_tables
    cur.execute("""
psycopg2.errors.UndefinedColumn: column "role" does not exist
LINE 3:         SELECT DISTINCT role
                                ^

2026-08-27 02:58:22,443 | INFO | werkzeug | 172.18.0.1 - - [27/Aug/2026 02:58:22] "[35m[1mGET /admin/activity HTTP/1.1[0m" 500 -
2026-08-27 02:58:27,279 | INFO | werkzeug | 172.18.0.1 - - [27/Aug/2026 02:58:27] "OPTIONS /admin/users HTTP/1.1" 200 -
2026-08-27 02:58:27,280 | INFO | werkzeug | 172.18.0.1 - - [27/Aug/2026 02:58:27] "OPTIONS /admin/activity HTTP/1.1" 200 -
2026-08-27 02:58:27,307 | ERROR | app | Exception on /admin/users [GET]
Traceback (most recent call last):
  File "/usr/local/lib/python3.12/site-packages/flask/app.py", line 1511, in wsgi_app
    response = self.full_dispatch_request()
               ^^^^^^^^^^^^^^^^^^^^^^^^^^^^
  File "/usr/local/lib/python3.12/site-packages/flask/app.py", line 919, in full_dispatch_request
    rv = self.handle_user_exception(e)
         ^^^^^^^^^^^^^^^^^^^^^^^^^^^^^
  File "/usr/local/lib/python3.12/site-packages/flask_cors/extension.py", line 206, in wrapped_function
    return cors_after_request(app_any.make_response(f(*args, **kwargs)))
                                                    ^^^^^^^^^^^^^^^^^^
  File "/usr/local/lib/python3.12/site-packages/flask/app.py", line 917, in full_dispatch_request
    rv = self.dispatch_request()
         ^^^^^^^^^^^^^^^^^^^^^^^
  File "/usr/local/lib/python3.12/site-packages/flask/app.py", line 902, in dispatch_request
    return self.ensure_sync(self.view_functions[rule.endpoint])(**view_args)  # type: ignore[no-any-return]
           ^^^^^^^^^^^^^^^^^^^^^^^^^^^^^^^^^^^^^^^^^^^^^^^^^^^^^^^^^^^^^^^^^
  File "/app/admin_routes.py", line 230, in admin_get_users
    ensure_admin_tables()
  File "/app/admin_routes.py", line 63, in ensure_admin_tables
    cur.execute("""
psycopg2.errors.UndefinedColumn: column "role" does not exist
LINE 3:         SELECT DISTINCT role
                                ^

2026-08-27 02:58:27,311 | INFO | werkzeug | 172.18.0.1 - - [27/Aug/2026 02:58:27] "[35m[1mGET /admin/users HTTP/1.1[0m" 500 -
2026-08-27 02:58:27,323 | ERROR | app | Exception on /admin/activity [GET]
Traceback (most recent call last):
  File "/usr/local/lib/python3.12/site-packages/flask/app.py", line 1511, in wsgi_app
    response = self.full_dispatch_request()
               ^^^^^^^^^^^^^^^^^^^^^^^^^^^^
  File "/usr/local/lib/python3.12/site-packages/flask/app.py", line 919, in full_dispatch_request
    rv = self.handle_user_exception(e)
         ^^^^^^^^^^^^^^^^^^^^^^^^^^^^^
  File "/usr/local/lib/python3.12/site-packages/flask_cors/extension.py", line 206, in wrapped_function
    return cors_after_request(app_any.make_response(f(*args, **kwargs)))
                                                    ^^^^^^^^^^^^^^^^^^
  File "/usr/local/lib/python3.12/site-packages/flask/app.py", line 917, in full_dispatch_request
    rv = self.dispatch_request()
         ^^^^^^^^^^^^^^^^^^^^^^^
  File "/usr/local/lib/python3.12/site-packages/flask/app.py", line 902, in dispatch_request
    return self.ensure_sync(self.view_functions[rule.endpoint])(**view_args)  # type: ignore[no-any-return]
           ^^^^^^^^^^^^^^^^^^^^^^^^^^^^^^^^^^^^^^^^^^^^^^^^^^^^^^^^^^^^^^^^^
  File "/app/admin_routes.py", line 936, in admin_get_activity
    ensure_admin_tables()
  File "/app/admin_routes.py", line 63, in ensure_admin_tables
    cur.execute("""
psycopg2.errors.UndefinedColumn: column "role" does not exist
LINE 3:         SELECT DISTINCT role
                                ^

2026-08-27 02:58:27,326 | INFO | werkzeug | 172.18.0.1 - - [27/Aug/2026 02:58:27] "[35m[1mGET /admin/activity HTTP/1.1[0m" 500 -
2026-08-27 03:41:12,397 | INFO | werkzeug | 172.18.0.1 - - [27/Aug/2026 03:41:12] "GET /api/data/ohlc?symbol=BBRI HTTP/1.1" 200 -
2026-08-27 03:41:12,409 | INFO | werkzeug | 172.18.0.1 - - [27/Aug/2026 03:41:12] "GET /api/data/ohlc?symbol=BJBR HTTP/1.1" 200 -
2026-08-27 03:41:12,410 | INFO | werkzeug | 172.18.0.1 - - [27/Aug/2026 03:41:12] "GET /api/data/ohlc?symbol=BBNI HTTP/1.1" 200 -
2026-08-27 03:41:12,410 | INFO | werkzeug | 172.18.0.1 - - [27/Aug/2026 03:41:12] "GET /api/data/ohlc?symbol=BBCA HTTP/1.1" 200 -
2026-08-27 03:41:12,413 | INFO | werkzeug | 172.18.0.1 - - [27/Aug/2026 03:41:12] "GET /api/data/ohlc?symbol=BMRI HTTP/1.1" 200 -
2026-08-27 03:41:12,414 | INFO | werkzeug | 172.18.0.1 - - [27/Aug/2026 03:41:12] "GET /api/data/ohlc?symbol=TLKM HTTP/1.1" 200 -
2026-08-27 03:41:12,455 | INFO | werkzeug | 172.18.0.1 - - [27/Aug/2026 03:41:12] "GET /api/data/ohlc?symbol=ASII HTTP/1.1" 200 -
2026-08-27 03:41:12,460 | INFO | werkzeug | 172.18.0.1 - - [27/Aug/2026 03:41:12] "GET /api/data/ohlc?symbol=ANTM HTTP/1.1" 200 -
2026-08-27 03:41:12,465 | INFO | werkzeug | 172.18.0.1 - - [27/Aug/2026 03:41:12] "GET /api/data/ohlc?symbol=GOTO HTTP/1.1" 200 -
2026-08-27 03:41:15,300 | INFO | werkzeug | 172.18.0.1 - - [27/Aug/2026 03:41:15] "GET /api/data/ohlc?symbol=BBCA HTTP/1.1" 200 -
2026-08-27 03:41:15,302 | INFO | werkzeug | 172.18.0.1 - - [27/Aug/2026 03:41:15] "GET /api/data/ohlc?symbol=BBNI HTTP/1.1" 200 -
2026-08-27 03:41:15,309 | INFO | werkzeug | 172.18.0.1 - - [27/Aug/2026 03:41:15] "GET /api/data/ohlc?symbol=BBRI HTTP/1.1" 200 -
2026-08-27 03:41:15,318 | INFO | werkzeug | 172.18.0.1 - - [27/Aug/2026 03:41:15] "GET /api/data/ohlc?symbol=TLKM HTTP/1.1" 200 -
2026-08-27 03:41:15,338 | INFO | werkzeug | 172.18.0.1 - - [27/Aug/2026 03:41:15] "GET /api/data/ohlc?symbol=BJBR HTTP/1.1" 200 -
2026-08-27 03:41:15,339 | INFO | werkzeug | 172.18.0.1 - - [27/Aug/2026 03:41:15] "GET /api/data/ohlc?symbol=BMRI HTTP/1.1" 200 -
2026-08-27 03:41:15,368 | INFO | werkzeug | 172.18.0.1 - - [27/Aug/2026 03:41:15] "GET /api/data/ohlc?symbol=ASII HTTP/1.1" 200 -
2026-08-27 03:41:15,375 | INFO | werkzeug | 172.18.0.1 - - [27/Aug/2026 03:41:15] "GET /api/data/ohlc?symbol=ANTM HTTP/1.1" 200 -
2026-08-27 03:41:15,381 | INFO | werkzeug | 172.18.0.1 - - [27/Aug/2026 03:41:15] "GET /api/data/ohlc?symbol=GOTO HTTP/1.1" 200 -
2026-08-27 03:41:23,333 | INFO | werkzeug | 172.18.0.1 - - [27/Aug/2026 03:41:23] "OPTIONS /users/login HTTP/1.1" 200 -
2026-08-27 03:41:23,694 | INFO | werkzeug | 172.18.0.1 - - [27/Aug/2026 03:41:23] "POST /users/login HTTP/1.1" 200 -
2026-08-27 03:41:23,743 | INFO | werkzeug | 172.18.0.1 - - [27/Aug/2026 03:41:23] "GET /users/1/watchlists HTTP/1.1" 200 -
2026-08-27 03:41:23,834 | INFO | werkzeug | 172.18.0.1 - - [27/Aug/2026 03:41:23] "GET /api/data/ohlc?symbol=BBCA HTTP/1.1" 200 -
2026-08-27 03:41:23,856 | INFO | werkzeug | 172.18.0.1 - - [27/Aug/2026 03:41:23] "GET /api/data/ohlc?symbol=BBRI HTTP/1.1" 200 -
2026-08-27 03:41:23,857 | INFO | werkzeug | 172.18.0.1 - - [27/Aug/2026 03:41:23] "GET /api/data/ohlc?symbol=TLKM HTTP/1.1" 200 -
2026-08-27 03:41:23,875 | INFO | werkzeug | 172.18.0.1 - - [27/Aug/2026 03:41:23] "GET /api/data/ohlc?symbol=ANTM HTTP/1.1" 200 -
2026-08-27 03:41:23,875 | INFO | werkzeug | 172.18.0.1 - - [27/Aug/2026 03:41:23] "GET /api/data/ohlc?symbol=BMRI HTTP/1.1" 200 -
2026-08-27 03:41:23,882 | INFO | werkzeug | 172.18.0.1 - - [27/Aug/2026 03:41:23] "GET /api/data/ohlc?symbol=PTBA HTTP/1.1" 200 -
2026-08-27 03:41:23,902 | INFO | werkzeug | 172.18.0.1 - - [27/Aug/2026 03:41:23] "GET /api/data/ohlc?symbol=NSSS HTTP/1.1" 200 -
2026-08-27 03:41:23,918 | INFO | werkzeug | 172.18.0.1 - - [27/Aug/2026 03:41:23] "GET /api/data/ohlc?symbol=BBNI HTTP/1.1" 200 -
2026-08-27 03:41:23,924 | INFO | werkzeug | 172.18.0.1 - - [27/Aug/2026 03:41:23] "GET /api/data/stock-info?symbol=BBNI HTTP/1.1" 200 -
2026-08-27 03:41:23,926 | INFO | werkzeug | 172.18.0.1 - - [27/Aug/2026 03:41:23] "GET /api/data/majorholder?symbol=BBNI HTTP/1.1" 200 -
2026-08-27 03:41:23,929 | INFO | werkzeug | 172.18.0.1 - - [27/Aug/2026 03:41:23] "GET /api/data/broker-activity?symbol=BBNI HTTP/1.1" 200 -
2026-08-27 03:41:23,955 | INFO | werkzeug | 172.18.0.1 - - [27/Aug/2026 03:41:23] "GET /api/prescriptive/results?symbol=BBNI HTTP/1.1" 200 -
2026-08-27 03:41:23,992 | INFO | werkzeug | 172.18.0.1 - - [27/Aug/2026 03:41:23] "GET /api/data/technical?symbol=BBNI HTTP/1.1" 200 -
2026-08-27 03:41:24,035 | INFO | werkzeug | 172.18.0.1 - - [27/Aug/2026 03:41:24] "GET /api/data/forecast?symbol=BBNI HTTP/1.1" 200 -
2026-08-27 05:16:37,213 | INFO | werkzeug | 172.18.0.1 - - [27/Aug/2026 05:16:37] "GET /api/data/tickers HTTP/1.1" 200 -
2026-08-27 05:16:37,219 | INFO | werkzeug | 172.18.0.1 - - [27/Aug/2026 05:16:37] "GET /api/data/ohlc?symbol=BBNI HTTP/1.1" 200 -
2026-08-27 05:16:37,221 | INFO | werkzeug | 172.18.0.1 - - [27/Aug/2026 05:16:37] "GET /api/data/ohlc?symbol=BJBR HTTP/1.1" 200 -
2026-08-27 05:16:37,234 | INFO | werkzeug | 172.18.0.1 - - [27/Aug/2026 05:16:37] "GET /api/data/ohlc?symbol=BMRI HTTP/1.1" 200 -
2026-08-27 05:16:37,245 | INFO | werkzeug | 172.18.0.1 - - [27/Aug/2026 05:16:37] "GET /api/data/ohlc?symbol=BBCA HTTP/1.1" 200 -
2026-08-27 05:16:37,246 | INFO | werkzeug | 172.18.0.1 - - [27/Aug/2026 05:16:37] "GET /users/5/watchlists HTTP/1.1" 200 -
2026-08-27 05:16:37,319 | INFO | werkzeug | 172.18.0.1 - - [27/Aug/2026 05:16:37] "GET /api/data/ohlc?symbol=BBRI HTTP/1.1" 200 -
2026-08-27 05:16:37,332 | INFO | werkzeug | 172.18.0.1 - - [27/Aug/2026 05:16:37] "GET /api/data/ohlc?symbol=TLKM HTTP/1.1" 200 -
2026-08-27 05:16:37,348 | INFO | werkzeug | 172.18.0.1 - - [27/Aug/2026 05:16:37] "GET /api/data/ohlc?symbol=ASII HTTP/1.1" 200 -
2026-08-27 05:16:37,362 | INFO | werkzeug | 172.18.0.1 - - [27/Aug/2026 05:16:37] "GET /api/data/ohlc?symbol=ANTM HTTP/1.1" 200 -
2026-08-27 05:16:37,369 | INFO | werkzeug | 172.18.0.1 - - [27/Aug/2026 05:16:37] "GET /api/data/ohlc?symbol=GOTO HTTP/1.1" 200 -
2026-08-27 05:59:29,990 | INFO | werkzeug | 172.18.0.1 - - [27/Aug/2026 05:59:29] "GET /api/data/tickers HTTP/1.1" 200 -
2026-08-27 05:59:30,000 | INFO | werkzeug | 172.18.0.1 - - [27/Aug/2026 05:59:30] "GET /users/5/watchlists HTTP/1.1" 200 -
2026-08-27 05:59:30,099 | INFO | werkzeug | 172.18.0.1 - - [27/Aug/2026 05:59:30] "GET /api/data/ohlc?symbol=BBRI HTTP/1.1" 200 -
2026-08-27 05:59:30,100 | INFO | werkzeug | 172.18.0.1 - - [27/Aug/2026 05:59:30] "GET /api/data/ohlc?symbol=BBCA HTTP/1.1" 200 -
2026-08-27 05:59:30,104 | INFO | werkzeug | 172.18.0.1 - - [27/Aug/2026 05:59:30] "GET /api/data/ohlc?symbol=BBNI HTTP/1.1" 200 -
2026-08-27 05:59:30,115 | INFO | werkzeug | 172.18.0.1 - - [27/Aug/2026 05:59:30] "GET /api/data/ohlc?symbol=BMRI HTTP/1.1" 200 -
2026-08-27 05:59:30,120 | INFO | werkzeug | 172.18.0.1 - - [27/Aug/2026 05:59:30] "GET /api/data/ohlc?symbol=BJBR HTTP/1.1" 200 -
2026-08-27 05:59:30,126 | INFO | werkzeug | 172.18.0.1 - - [27/Aug/2026 05:59:30] "GET /api/data/ohlc?symbol=TLKM HTTP/1.1" 200 -
2026-08-27 05:59:30,154 | INFO | werkzeug | 172.18.0.1 - - [27/Aug/2026 05:59:30] "GET /api/data/ohlc?symbol=ASII HTTP/1.1" 200 -
2026-08-27 05:59:30,159 | INFO | werkzeug | 172.18.0.1 - - [27/Aug/2026 05:59:30] "GET /api/data/ohlc?symbol=ANTM HTTP/1.1" 200 -
2026-08-27 05:59:30,163 | INFO | werkzeug | 172.18.0.1 - - [27/Aug/2026 05:59:30] "GET /api/data/ohlc?symbol=GOTO HTTP/1.1" 200 -
2026-08-27 06:03:17,859 | INFO | werkzeug | 172.18.0.1 - - [27/Aug/2026 06:03:17] "GET /api/data/tickers HTTP/1.1" 200 -
2026-08-27 06:03:17,905 | INFO | werkzeug | 172.18.0.1 - - [27/Aug/2026 06:03:17] "GET /users/5/watchlists HTTP/1.1" 200 -
2026-08-27 06:03:18,080 | INFO | werkzeug | 172.18.0.1 - - [27/Aug/2026 06:03:18] "GET /api/data/ohlc?symbol=BBCA HTTP/1.1" 200 -
2026-08-27 06:03:18,088 | INFO | werkzeug | 172.18.0.1 - - [27/Aug/2026 06:03:18] "GET /api/data/ohlc?symbol=BMRI HTTP/1.1" 200 -
2026-08-27 06:03:18,099 | INFO | werkzeug | 172.18.0.1 - - [27/Aug/2026 06:03:18] "GET /api/data/ohlc?symbol=BBNI HTTP/1.1" 200 -
2026-08-27 06:03:18,108 | INFO | werkzeug | 172.18.0.1 - - [27/Aug/2026 06:03:18] "GET /api/data/ohlc?symbol=TLKM HTTP/1.1" 200 -
2026-08-27 06:03:18,115 | INFO | werkzeug | 172.18.0.1 - - [27/Aug/2026 06:03:18] "GET /api/data/ohlc?symbol=BJBR HTTP/1.1" 200 -
2026-08-27 06:03:18,116 | INFO | werkzeug | 172.18.0.1 - - [27/Aug/2026 06:03:18] "GET /api/data/ohlc?symbol=BBRI HTTP/1.1" 200 -
2026-08-27 06:03:18,148 | INFO | werkzeug | 172.18.0.1 - - [27/Aug/2026 06:03:18] "GET /api/data/ohlc?symbol=ASII HTTP/1.1" 200 -
2026-08-27 06:03:18,154 | INFO | werkzeug | 172.18.0.1 - - [27/Aug/2026 06:03:18] "GET /api/data/ohlc?symbol=GOTO HTTP/1.1" 200 -
2026-08-27 06:03:18,164 | INFO | werkzeug | 172.18.0.1 - - [27/Aug/2026 06:03:18] "GET /api/data/ohlc?symbol=ANTM HTTP/1.1" 200 -
2026-08-27 06:03:24,073 | INFO | werkzeug | 172.18.0.1 - - [27/Aug/2026 06:03:24] "GET /api/data/tickers HTTP/1.1" 200 -
2026-08-27 06:03:24,154 | INFO | werkzeug | 172.18.0.1 - - [27/Aug/2026 06:03:24] "GET /users/5/watchlists HTTP/1.1" 200 -
2026-08-27 06:03:24,459 | INFO | werkzeug | 172.18.0.1 - - [27/Aug/2026 06:03:24] "GET /api/data/ohlc?symbol=BBCA HTTP/1.1" 200 -
2026-08-27 06:03:24,469 | INFO | werkzeug | 172.18.0.1 - - [27/Aug/2026 06:03:24] "GET /api/data/ohlc?symbol=BBNI HTTP/1.1" 200 -
2026-08-27 06:03:24,526 | INFO | werkzeug | 172.18.0.1 - - [27/Aug/2026 06:03:24] "GET /api/data/ohlc?symbol=BBRI HTTP/1.1" 200 -
2026-08-27 06:03:24,548 | INFO | werkzeug | 172.18.0.1 - - [27/Aug/2026 06:03:24] "GET /api/data/ohlc?symbol=BMRI HTTP/1.1" 200 -
2026-08-27 06:03:24,684 | INFO | werkzeug | 172.18.0.1 - - [27/Aug/2026 06:03:24] "GET /api/data/ohlc?symbol=BJBR HTTP/1.1" 200 -
2026-08-27 06:03:24,699 | INFO | werkzeug | 172.18.0.1 - - [27/Aug/2026 06:03:24] "GET /api/data/ohlc?symbol=TLKM HTTP/1.1" 200 -
2026-08-27 06:03:24,733 | INFO | werkzeug | 172.18.0.1 - - [27/Aug/2026 06:03:24] "GET /api/data/ohlc?symbol=ASII HTTP/1.1" 200 -
2026-08-27 06:03:24,747 | INFO | werkzeug | 172.18.0.1 - - [27/Aug/2026 06:03:24] "GET /api/data/ohlc?symbol=GOTO HTTP/1.1" 200 -
2026-08-27 06:03:24,756 | INFO | werkzeug | 172.18.0.1 - - [27/Aug/2026 06:03:24] "GET /api/data/ohlc?symbol=ANTM HTTP/1.1" 200 -
2026-08-27 06:03:39,653 | INFO | werkzeug | 172.18.0.1 - - [27/Aug/2026 06:03:39] "GET /api/data/tickers HTTP/1.1" 200 -
2026-08-27 06:03:39,687 | INFO | werkzeug | 172.18.0.1 - - [27/Aug/2026 06:03:39] "GET /users/5/watchlists HTTP/1.1" 200 -
2026-08-27 06:03:39,830 | INFO | werkzeug | 172.18.0.1 - - [27/Aug/2026 06:03:39] "GET /api/data/ohlc?symbol=BBCA HTTP/1.1" 200 -
2026-08-27 06:03:39,853 | INFO | werkzeug | 172.18.0.1 - - [27/Aug/2026 06:03:39] "GET /api/data/ohlc?symbol=BBNI HTTP/1.1" 200 -
2026-08-27 06:03:39,855 | INFO | werkzeug | 172.18.0.1 - - [27/Aug/2026 06:03:39] "GET /api/data/ohlc?symbol=BBRI HTTP/1.1" 200 -
2026-08-27 06:03:39,861 | INFO | werkzeug | 172.18.0.1 - - [27/Aug/2026 06:03:39] "GET /api/data/ohlc?symbol=BMRI HTTP/1.1" 200 -
2026-08-27 06:03:39,878 | INFO | werkzeug | 172.18.0.1 - - [27/Aug/2026 06:03:39] "GET /api/data/ohlc?symbol=TLKM HTTP/1.1" 200 -
2026-08-27 06:03:39,880 | INFO | werkzeug | 172.18.0.1 - - [27/Aug/2026 06:03:39] "GET /api/data/ohlc?symbol=BJBR HTTP/1.1" 200 -
2026-08-27 06:03:39,897 | INFO | werkzeug | 172.18.0.1 - - [27/Aug/2026 06:03:39] "GET /api/data/ohlc?symbol=ASII HTTP/1.1" 200 -
2026-08-27 06:03:39,932 | INFO | werkzeug | 172.18.0.1 - - [27/Aug/2026 06:03:39] "GET /api/data/ohlc?symbol=GOTO HTTP/1.1" 200 -
2026-08-27 06:03:39,934 | INFO | werkzeug | 172.18.0.1 - - [27/Aug/2026 06:03:39] "GET /api/data/ohlc?symbol=ANTM HTTP/1.1" 200 -
2026-08-27 06:03:43,682 | INFO | werkzeug | 172.18.0.1 - - [27/Aug/2026 06:03:43] "GET /api/data/tickers HTTP/1.1" 200 -
2026-08-27 06:03:43,728 | INFO | werkzeug | 172.18.0.1 - - [27/Aug/2026 06:03:43] "GET /users/5/watchlists HTTP/1.1" 200 -
2026-08-27 06:03:43,862 | INFO | werkzeug | 172.18.0.1 - - [27/Aug/2026 06:03:43] "GET /api/data/ohlc?symbol=BBNI HTTP/1.1" 200 -
2026-08-27 06:03:43,863 | INFO | werkzeug | 172.18.0.1 - - [27/Aug/2026 06:03:43] "GET /api/data/ohlc?symbol=BBRI HTTP/1.1" 200 -
2026-08-27 06:03:43,884 | INFO | werkzeug | 172.18.0.1 - - [27/Aug/2026 06:03:43] "GET /api/data/ohlc?symbol=BBCA HTTP/1.1" 200 -
2026-08-27 06:03:43,891 | INFO | werkzeug | 172.18.0.1 - - [27/Aug/2026 06:03:43] "GET /api/data/ohlc?symbol=BMRI HTTP/1.1" 200 -
2026-08-27 06:03:43,892 | INFO | werkzeug | 172.18.0.1 - - [27/Aug/2026 06:03:43] "GET /api/data/ohlc?symbol=BJBR HTTP/1.1" 200 -
2026-08-27 06:03:43,897 | INFO | werkzeug | 172.18.0.1 - - [27/Aug/2026 06:03:43] "GET /api/data/ohlc?symbol=TLKM HTTP/1.1" 200 -
2026-08-27 06:03:43,936 | INFO | werkzeug | 172.18.0.1 - - [27/Aug/2026 06:03:43] "GET /api/data/ohlc?symbol=ANTM HTTP/1.1" 200 -
2026-08-27 06:03:43,944 | INFO | werkzeug | 172.18.0.1 - - [27/Aug/2026 06:03:43] "GET /api/data/ohlc?symbol=ASII HTTP/1.1" 200 -
2026-08-27 06:03:43,949 | INFO | werkzeug | 172.18.0.1 - - [27/Aug/2026 06:03:43] "GET /api/data/ohlc?symbol=GOTO HTTP/1.1" 200 -
2026-08-27 06:03:49,159 | INFO | werkzeug | 172.18.0.1 - - [27/Aug/2026 06:03:49] "GET /api/data/tickers HTTP/1.1" 200 -
2026-08-27 06:03:49,184 | INFO | werkzeug | 172.18.0.1 - - [27/Aug/2026 06:03:49] "GET /users/5/watchlists HTTP/1.1" 200 -
2026-08-27 06:03:49,211 | INFO | werkzeug | 172.18.0.1 - - [27/Aug/2026 06:03:49] "GET /api/data/ohlc?symbol=BBCA HTTP/1.1" 200 -
2026-08-27 06:03:49,220 | INFO | werkzeug | 172.18.0.1 - - [27/Aug/2026 06:03:49] "GET /api/data/ohlc?symbol=BBRI HTTP/1.1" 200 -
2026-08-27 06:03:49,243 | INFO | werkzeug | 172.18.0.1 - - [27/Aug/2026 06:03:49] "GET /api/data/ohlc?symbol=BMRI HTTP/1.1" 200 -
2026-08-27 06:03:49,249 | INFO | werkzeug | 172.18.0.1 - - [27/Aug/2026 06:03:49] "GET /api/data/ohlc?symbol=TLKM HTTP/1.1" 200 -
2026-08-27 06:03:49,250 | INFO | werkzeug | 172.18.0.1 - - [27/Aug/2026 06:03:49] "GET /api/data/ohlc?symbol=BBNI HTTP/1.1" 200 -
2026-08-27 06:03:49,255 | INFO | werkzeug | 172.18.0.1 - - [27/Aug/2026 06:03:49] "GET /api/data/ohlc?symbol=BJBR HTTP/1.1" 200 -
2026-08-27 06:03:49,290 | INFO | werkzeug | 172.18.0.1 - - [27/Aug/2026 06:03:49] "GET /api/data/ohlc?symbol=ASII HTTP/1.1" 200 -
2026-08-27 06:03:49,296 | INFO | werkzeug | 172.18.0.1 - - [27/Aug/2026 06:03:49] "GET /api/data/ohlc?symbol=GOTO HTTP/1.1" 200 -
2026-08-27 06:03:49,302 | INFO | werkzeug | 172.18.0.1 - - [27/Aug/2026 06:03:49] "GET /api/data/ohlc?symbol=ANTM HTTP/1.1" 200 -
2026-08-27 06:03:52,083 | INFO | werkzeug | 172.18.0.1 - - [27/Aug/2026 06:03:52] "GET /api/data/ohlc?symbol=BMRI HTTP/1.1" 200 -
2026-08-27 06:03:52,088 | INFO | werkzeug | 172.18.0.1 - - [27/Aug/2026 06:03:52] "GET /api/data/ohlc?symbol=BBRI HTTP/1.1" 200 -
2026-08-27 06:03:52,095 | INFO | werkzeug | 172.18.0.1 - - [27/Aug/2026 06:03:52] "GET /api/data/ohlc?symbol=BJBR HTTP/1.1" 200 -
2026-08-27 06:03:52,101 | INFO | werkzeug | 172.18.0.1 - - [27/Aug/2026 06:03:52] "GET /api/data/ohlc?symbol=TLKM HTTP/1.1" 200 -
2026-08-27 06:03:52,101 | INFO | werkzeug | 172.18.0.1 - - [27/Aug/2026 06:03:52] "GET /api/data/ohlc?symbol=BBNI HTTP/1.1" 200 -
2026-08-27 06:03:52,108 | INFO | werkzeug | 172.18.0.1 - - [27/Aug/2026 06:03:52] "GET /api/data/ohlc?symbol=BBCA HTTP/1.1" 200 -
2026-08-27 06:03:52,150 | INFO | werkzeug | 172.18.0.1 - - [27/Aug/2026 06:03:52] "GET /api/data/ohlc?symbol=GOTO HTTP/1.1" 200 -
2026-08-27 06:03:52,153 | INFO | werkzeug | 172.18.0.1 - - [27/Aug/2026 06:03:52] "GET /api/data/ohlc?symbol=ASII HTTP/1.1" 200 -
2026-08-27 06:03:52,168 | INFO | werkzeug | 172.18.0.1 - - [27/Aug/2026 06:03:52] "GET /api/data/ohlc?symbol=ANTM HTTP/1.1" 200 -
2026-08-27 06:03:52,176 | INFO | werkzeug | 172.18.0.1 - - [27/Aug/2026 06:03:52] "GET /api/data/stock-info?symbol=TLKM HTTP/1.1" 200 -
2026-08-27 06:03:52,189 | INFO | werkzeug | 172.18.0.1 - - [27/Aug/2026 06:03:52] "GET /api/data/majorholder?symbol=TLKM HTTP/1.1" 200 -
2026-08-27 06:03:52,236 | INFO | werkzeug | 172.18.0.1 - - [27/Aug/2026 06:03:52] "GET /api/data/broker-activity?symbol=TLKM HTTP/1.1" 200 -
2026-08-27 06:03:52,245 | INFO | werkzeug | 172.18.0.1 - - [27/Aug/2026 06:03:52] "GET /api/data/technical?symbol=TLKM HTTP/1.1" 200 -
2026-08-27 06:03:52,259 | INFO | werkzeug | 172.18.0.1 - - [27/Aug/2026 06:03:52] "GET /api/prescriptive/results?symbol=TLKM HTTP/1.1" 200 -
2026-08-27 06:03:52,276 | INFO | werkzeug | 172.18.0.1 - - [27/Aug/2026 06:03:52] "GET /api/data/ohlc?symbol=TLKM HTTP/1.1" 200 -
2026-08-27 06:03:52,303 | INFO | werkzeug | 172.18.0.1 - - [27/Aug/2026 06:03:52] "GET /api/data/forecast?symbol=TLKM HTTP/1.1" 200 -
2026-08-27 06:04:02,313 | INFO | werkzeug | 172.18.0.1 - - [27/Aug/2026 06:04:02] "GET /api/data/ohlc?symbol=BBCA HTTP/1.1" 200 -
2026-08-27 06:04:02,351 | INFO | werkzeug | 172.18.0.1 - - [27/Aug/2026 06:04:02] "GET /api/data/ohlc?symbol=BBRI HTTP/1.1" 200 -
2026-08-27 06:04:02,358 | INFO | werkzeug | 172.18.0.1 - - [27/Aug/2026 06:04:02] "GET /api/data/ohlc?symbol=BJBR HTTP/1.1" 200 -
2026-08-27 06:04:02,360 | INFO | werkzeug | 172.18.0.1 - - [27/Aug/2026 06:04:02] "GET /api/data/ohlc?symbol=BBNI HTTP/1.1" 200 -
2026-08-27 06:04:02,368 | INFO | werkzeug | 172.18.0.1 - - [27/Aug/2026 06:04:02] "GET /api/data/ohlc?symbol=BMRI HTTP/1.1" 200 -
2026-08-27 06:04:02,376 | INFO | werkzeug | 172.18.0.1 - - [27/Aug/2026 06:04:02] "GET /api/data/ohlc?symbol=TLKM HTTP/1.1" 200 -
2026-08-27 06:04:02,385 | INFO | werkzeug | 172.18.0.1 - - [27/Aug/2026 06:04:02] "GET /api/data/ohlc?symbol=ASII HTTP/1.1" 200 -
2026-08-27 06:04:02,400 | INFO | werkzeug | 172.18.0.1 - - [27/Aug/2026 06:04:02] "GET /api/data/ohlc?symbol=ANTM HTTP/1.1" 200 -
2026-08-27 06:04:02,420 | INFO | werkzeug | 172.18.0.1 - - [27/Aug/2026 06:04:02] "GET /api/data/ohlc?symbol=GOTO HTTP/1.1" 200 -
2026-08-27 06:04:02,428 | INFO | werkzeug | 172.18.0.1 - - [27/Aug/2026 06:04:02] "GET /api/data/ohlc?symbol=BBCA HTTP/1.1" 200 -
2026-08-27 06:06:14,689 | INFO | Bootstrap | [Bootstrap] Memulai inisialisasi otomatis StockVision di background...
2026-08-27 06:06:14,698 | INFO | werkzeug | [31m[1mWARNING: This is a development server. Do not use it in a production deployment. Use a production WSGI server instead.[0m
 * Running on all addresses (0.0.0.0)
 * Running on http://127.0.0.1:8080
 * Running on http://172.18.0.3:8080
2026-08-27 06:06:14,699 | INFO | werkzeug | [33mPress CTRL+C to quit[0m
2026-08-27 06:06:17,712 | INFO | Bootstrap | [Bootstrap] trading_calendar sudah berisi 365 hari trading.
2026-08-27 06:06:17,724 | INFO | Bootstrap | [Bootstrap] idx_company_list sudah berisi 941 emiten.
2026-08-27 06:06:17,855 | INFO | Bootstrap | [Bootstrap] ohlc_forecasting sudah memiliki 1011086 baris data.
2026-08-27 06:06:17,869 | INFO | Bootstrap | [Bootstrap] insider_activity sudah berisi 84 baris data.
2026-08-27 06:06:17,883 | INFO | Bootstrap | [Bootstrap] stock_forecasting sudah berisi 56 baris data.
2026-08-27 06:06:17,885 | INFO | Bootstrap | [Bootstrap] Daily Forecast Cron aktif (berjalan setiap hari pukul 02:00 WIB).
2026-08-27 06:06:17,886 | INFO | Bootstrap | [Bootstrap] Inisialisasi background selesai. Seluruh sistem siap!
2026-08-27 06:06:17,964 | INFO | werkzeug | 172.18.0.1 - - [27/Aug/2026 06:06:17] "GET /api/data/tickers HTTP/1.1" 200 -
2026-08-27 06:06:18,274 | INFO | werkzeug | 172.18.0.1 - - [27/Aug/2026 06:06:18] "GET /api/data/ohlc?symbol=TLKM HTTP/1.1" 200 -
2026-08-27 06:06:18,293 | INFO | werkzeug | 172.18.0.1 - - [27/Aug/2026 06:06:18] "GET /api/data/ohlc?symbol=BBNI HTTP/1.1" 200 -
2026-08-27 06:06:18,294 | INFO | werkzeug | 172.18.0.1 - - [27/Aug/2026 06:06:18] "GET /api/data/ohlc?symbol=BMRI HTTP/1.1" 200 -
2026-08-27 06:06:18,294 | INFO | werkzeug | 172.18.0.1 - - [27/Aug/2026 06:06:18] "GET /api/data/ohlc?symbol=BJBR HTTP/1.1" 200 -
2026-08-27 06:06:18,301 | INFO | werkzeug | 172.18.0.1 - - [27/Aug/2026 06:06:18] "GET /api/data/ohlc?symbol=BBCA HTTP/1.1" 200 -
2026-08-27 06:06:18,302 | INFO | werkzeug | 172.18.0.1 - - [27/Aug/2026 06:06:18] "GET /api/data/ohlc?symbol=BBRI HTTP/1.1" 200 -
2026-08-27 06:06:18,351 | INFO | werkzeug | 172.18.0.1 - - [27/Aug/2026 06:06:18] "GET /api/data/ohlc?symbol=ASII HTTP/1.1" 200 -
2026-08-27 06:06:18,364 | INFO | werkzeug | 172.18.0.1 - - [27/Aug/2026 06:06:18] "GET /api/data/ohlc?symbol=GOTO HTTP/1.1" 200 -
2026-08-27 06:06:18,365 | INFO | werkzeug | 172.18.0.1 - - [27/Aug/2026 06:06:18] "GET /api/data/ohlc?symbol=ANTM HTTP/1.1" 200 -
2026-08-27 06:06:20,903 | INFO | werkzeug | 172.18.0.1 - - [27/Aug/2026 06:06:20] "GET / HTTP/1.1" 200 -
2026-08-27 06:12:19,963 | INFO | werkzeug | 172.18.0.1 - - [27/Aug/2026 06:12:19] "GET /api/data/tickers HTTP/1.1" 200 -
2026-08-27 06:12:20,005 | INFO | werkzeug | 172.18.0.1 - - [27/Aug/2026 06:12:20] "GET /users/1/watchlists HTTP/1.1" 200 -
2026-08-27 06:12:20,121 | INFO | werkzeug | 172.18.0.1 - - [27/Aug/2026 06:12:20] "GET /api/data/ohlc?symbol=BBCA HTTP/1.1" 200 -
2026-08-27 06:12:20,131 | INFO | werkzeug | 172.18.0.1 - - [27/Aug/2026 06:12:20] "GET /api/data/ohlc?symbol=BBRI HTTP/1.1" 200 -
2026-08-27 06:12:20,137 | INFO | werkzeug | 172.18.0.1 - - [27/Aug/2026 06:12:20] "GET /api/data/ohlc?symbol=BJBR HTTP/1.1" 200 -
2026-08-27 06:12:20,137 | INFO | werkzeug | 172.18.0.1 - - [27/Aug/2026 06:12:20] "GET /api/data/ohlc?symbol=TLKM HTTP/1.1" 200 -
2026-08-27 06:12:20,138 | INFO | werkzeug | 172.18.0.1 - - [27/Aug/2026 06:12:20] "GET /api/data/ohlc?symbol=BBNI HTTP/1.1" 200 -
2026-08-27 06:12:20,148 | INFO | werkzeug | 172.18.0.1 - - [27/Aug/2026 06:12:20] "GET /api/data/ohlc?symbol=BMRI HTTP/1.1" 200 -
2026-08-27 06:12:20,175 | INFO | werkzeug | 172.18.0.1 - - [27/Aug/2026 06:12:20] "GET /api/data/ohlc?symbol=ASII HTTP/1.1" 200 -
2026-08-27 06:12:20,182 | INFO | werkzeug | 172.18.0.1 - - [27/Aug/2026 06:12:20] "GET /api/data/ohlc?symbol=GOTO HTTP/1.1" 200 -
2026-08-27 06:12:20,190 | INFO | werkzeug | 172.18.0.1 - - [27/Aug/2026 06:12:20] "GET /api/data/ohlc?symbol=ANTM HTTP/1.1" 200 -
2026-08-27 06:13:01,143 | INFO | werkzeug | 172.18.0.1 - - [27/Aug/2026 06:13:01] "GET /api/data/tickers HTTP/1.1" 200 -
2026-08-27 06:13:01,358 | INFO | werkzeug | 172.18.0.1 - - [27/Aug/2026 06:13:01] "GET /api/data/ohlc?symbol=BBNI HTTP/1.1" 200 -
2026-08-27 06:13:01,361 | INFO | werkzeug | 172.18.0.1 - - [27/Aug/2026 06:13:01] "GET /api/data/ohlc?symbol=BBCA HTTP/1.1" 200 -
2026-08-27 06:13:01,362 | INFO | werkzeug | 172.18.0.1 - - [27/Aug/2026 06:13:01] "GET /api/data/ohlc?symbol=BBRI HTTP/1.1" 200 -
2026-08-27 06:13:01,363 | INFO | werkzeug | 172.18.0.1 - - [27/Aug/2026 06:13:01] "GET /api/data/ohlc?symbol=BJBR HTTP/1.1" 200 -
2026-08-27 06:13:01,363 | INFO | werkzeug | 172.18.0.1 - - [27/Aug/2026 06:13:01] "GET /api/data/ohlc?symbol=BMRI HTTP/1.1" 200 -
2026-08-27 06:13:01,370 | INFO | werkzeug | 172.18.0.1 - - [27/Aug/2026 06:13:01] "GET /api/data/ohlc?symbol=TLKM HTTP/1.1" 200 -
2026-08-27 06:13:01,410 | INFO | werkzeug | 172.18.0.1 - - [27/Aug/2026 06:13:01] "GET /api/data/ohlc?symbol=ASII HTTP/1.1" 200 -
2026-08-27 06:13:01,411 | INFO | werkzeug | 172.18.0.1 - - [27/Aug/2026 06:13:01] "GET /api/data/ohlc?symbol=ANTM HTTP/1.1" 200 -
2026-08-27 06:13:01,419 | INFO | werkzeug | 172.18.0.1 - - [27/Aug/2026 06:13:01] "GET /api/data/ohlc?symbol=GOTO HTTP/1.1" 200 -
2026-08-27 06:13:11,337 | INFO | werkzeug | 172.18.0.1 - - [27/Aug/2026 06:13:11] "GET /api/data/tickers HTTP/1.1" 200 -
2026-08-27 06:13:11,367 | INFO | werkzeug | 172.18.0.1 - - [27/Aug/2026 06:13:11] "GET /users/1/watchlists HTTP/1.1" 200 -
2026-08-27 06:13:11,487 | INFO | werkzeug | 172.18.0.1 - - [27/Aug/2026 06:13:11] "GET /api/data/ohlc?symbol=BBCA HTTP/1.1" 200 -
2026-08-27 06:13:11,501 | INFO | werkzeug | 172.18.0.1 - - [27/Aug/2026 06:13:11] "GET /api/data/ohlc?symbol=BBNI HTTP/1.1" 200 -
2026-08-27 06:13:11,505 | INFO | werkzeug | 172.18.0.1 - - [27/Aug/2026 06:13:11] "GET /api/data/ohlc?symbol=BBRI HTTP/1.1" 200 -
2026-08-27 06:13:11,511 | INFO | werkzeug | 172.18.0.1 - - [27/Aug/2026 06:13:11] "GET /api/data/ohlc?symbol=BMRI HTTP/1.1" 200 -
2026-08-27 06:13:11,516 | INFO | werkzeug | 172.18.0.1 - - [27/Aug/2026 06:13:11] "GET /api/data/ohlc?symbol=BJBR HTTP/1.1" 200 -
2026-08-27 06:13:11,525 | INFO | werkzeug | 172.18.0.1 - - [27/Aug/2026 06:13:11] "GET /api/data/ohlc?symbol=TLKM HTTP/1.1" 200 -
2026-08-27 06:13:11,550 | INFO | werkzeug | 172.18.0.1 - - [27/Aug/2026 06:13:11] "GET /api/data/ohlc?symbol=ASII HTTP/1.1" 200 -
2026-08-27 06:13:11,561 | INFO | werkzeug | 172.18.0.1 - - [27/Aug/2026 06:13:11] "GET /api/data/ohlc?symbol=ANTM HTTP/1.1" 200 -
2026-08-27 06:13:11,567 | INFO | werkzeug | 172.18.0.1 - - [27/Aug/2026 06:13:11] "GET /api/data/ohlc?symbol=GOTO HTTP/1.1" 200 -
2026-08-27 06:13:18,617 | INFO | werkzeug | 172.18.0.1 - - [27/Aug/2026 06:13:18] "GET /api/data/ohlc?symbol=BBCA HTTP/1.1" 200 -
2026-08-27 06:13:18,630 | INFO | werkzeug | 172.18.0.1 - - [27/Aug/2026 06:13:18] "GET /api/data/ohlc?symbol=BMRI HTTP/1.1" 200 -
2026-08-27 06:13:18,655 | INFO | werkzeug | 172.18.0.1 - - [27/Aug/2026 06:13:18] "GET /api/data/ohlc?symbol=TLKM HTTP/1.1" 200 -
2026-08-27 06:13:18,647 | INFO | werkzeug | 172.18.0.1 - - [27/Aug/2026 06:13:18] "GET /api/data/ohlc?symbol=BBRI HTTP/1.1" 200 -
2026-08-27 06:13:18,637 | INFO | werkzeug | 172.18.0.1 - - [27/Aug/2026 06:13:18] "GET /api/data/ohlc?symbol=PTBA HTTP/1.1" 200 -
2026-08-27 06:13:18,656 | INFO | werkzeug | 172.18.0.1 - - [27/Aug/2026 06:13:18] "GET /api/data/ohlc?symbol=ANTM HTTP/1.1" 200 -
2026-08-27 06:13:18,692 | INFO | werkzeug | 172.18.0.1 - - [27/Aug/2026 06:13:18] "GET /api/data/ohlc?symbol=NSSS HTTP/1.1" 200 -
2026-08-27 06:13:18,706 | INFO | werkzeug | 172.18.0.1 - - [27/Aug/2026 06:13:18] "GET /api/data/ohlc?symbol=BBNI HTTP/1.1" 200 -
2026-08-27 06:13:18,706 | INFO | werkzeug | 172.18.0.1 - - [27/Aug/2026 06:13:18] "GET /api/data/majorholder?symbol=BBNI HTTP/1.1" 200 -
2026-08-27 06:13:18,713 | INFO | werkzeug | 172.18.0.1 - - [27/Aug/2026 06:13:18] "GET /api/data/stock-info?symbol=BBNI HTTP/1.1" 200 -
2026-08-27 06:13:18,714 | INFO | werkzeug | 172.18.0.1 - - [27/Aug/2026 06:13:18] "GET /api/data/broker-activity?symbol=BBNI HTTP/1.1" 200 -
2026-08-27 06:13:18,740 | INFO | werkzeug | 172.18.0.1 - - [27/Aug/2026 06:13:18] "GET /api/data/technical?symbol=BBNI HTTP/1.1" 200 -
2026-08-27 06:13:18,741 | INFO | werkzeug | 172.18.0.1 - - [27/Aug/2026 06:13:18] "GET /api/prescriptive/results?symbol=BBNI HTTP/1.1" 200 -
2026-08-27 06:13:18,810 | INFO | werkzeug | 172.18.0.1 - - [27/Aug/2026 06:13:18] "GET /api/data/forecast?symbol=BBNI HTTP/1.1" 200 -
2026-08-27 06:13:44,445 | INFO | werkzeug | 172.18.0.1 - - [27/Aug/2026 06:13:44] "GET /api/data/tickers HTTP/1.1" 200 -
2026-08-27 06:13:44,469 | INFO | werkzeug | 172.18.0.1 - - [27/Aug/2026 06:13:44] "GET /users/1/watchlists HTTP/1.1" 200 -
2026-08-27 06:13:44,547 | INFO | werkzeug | 172.18.0.1 - - [27/Aug/2026 06:13:44] "GET /api/data/ohlc?symbol=BMRI HTTP/1.1" 200 -
2026-08-27 06:13:44,553 | INFO | werkzeug | 172.18.0.1 - - [27/Aug/2026 06:13:44] "GET /api/data/ohlc?symbol=BBNI HTTP/1.1" 200 -
2026-08-27 06:13:44,555 | INFO | werkzeug | 172.18.0.1 - - [27/Aug/2026 06:13:44] "GET /api/data/ohlc?symbol=BBRI HTTP/1.1" 200 -
2026-08-27 06:13:44,555 | INFO | werkzeug | 172.18.0.1 - - [27/Aug/2026 06:13:44] "GET /api/data/ohlc?symbol=TLKM HTTP/1.1" 200 -
2026-08-27 06:13:44,561 | INFO | werkzeug | 172.18.0.1 - - [27/Aug/2026 06:13:44] "GET /api/data/ohlc?symbol=BBCA HTTP/1.1" 200 -
2026-08-27 06:13:44,569 | INFO | werkzeug | 172.18.0.1 - - [27/Aug/2026 06:13:44] "GET /api/data/ohlc?symbol=BJBR HTTP/1.1" 200 -
2026-08-27 06:13:44,595 | INFO | werkzeug | 172.18.0.1 - - [27/Aug/2026 06:13:44] "GET /api/data/ohlc?symbol=ASII HTTP/1.1" 200 -
2026-08-27 06:13:44,601 | INFO | werkzeug | 172.18.0.1 - - [27/Aug/2026 06:13:44] "GET /api/data/ohlc?symbol=ANTM HTTP/1.1" 200 -
2026-08-27 06:13:44,607 | INFO | werkzeug | 172.18.0.1 - - [27/Aug/2026 06:13:44] "GET /api/data/ohlc?symbol=GOTO HTTP/1.1" 200 -
2026-08-27 06:13:48,560 | INFO | werkzeug | 172.18.0.1 - - [27/Aug/2026 06:13:48] "GET /api/data/ohlc?symbol=BBCA HTTP/1.1" 200 -
2026-08-27 06:13:48,577 | INFO | werkzeug | 172.18.0.1 - - [27/Aug/2026 06:13:48] "GET /api/data/ohlc?symbol=BMRI HTTP/1.1" 200 -
2026-08-27 06:13:48,578 | INFO | werkzeug | 172.18.0.1 - - [27/Aug/2026 06:13:48] "GET /api/data/ohlc?symbol=BBRI HTTP/1.1" 200 -
2026-08-27 06:13:48,596 | INFO | werkzeug | 172.18.0.1 - - [27/Aug/2026 06:13:48] "GET /api/data/ohlc?symbol=PTBA HTTP/1.1" 200 -
2026-08-27 06:13:48,597 | INFO | werkzeug | 172.18.0.1 - - [27/Aug/2026 06:13:48] "GET /api/data/ohlc?symbol=ANTM HTTP/1.1" 200 -
2026-08-27 06:13:48,598 | INFO | werkzeug | 172.18.0.1 - - [27/Aug/2026 06:13:48] "GET /api/data/ohlc?symbol=TLKM HTTP/1.1" 200 -
2026-08-27 06:13:48,623 | INFO | werkzeug | 172.18.0.1 - - [27/Aug/2026 06:13:48] "GET /api/data/ohlc?symbol=NSSS HTTP/1.1" 200 -
2026-08-27 06:13:48,628 | INFO | werkzeug | 172.18.0.1 - - [27/Aug/2026 06:13:48] "GET /api/data/majorholder?symbol=BBNI HTTP/1.1" 200 -
2026-08-27 06:13:48,642 | INFO | werkzeug | 172.18.0.1 - - [27/Aug/2026 06:13:48] "GET /api/data/ohlc?symbol=BBNI HTTP/1.1" 200 -
2026-08-27 06:13:48,646 | INFO | werkzeug | 172.18.0.1 - - [27/Aug/2026 06:13:48] "GET /api/data/stock-info?symbol=BBNI HTTP/1.1" 200 -
2026-08-27 06:13:48,665 | INFO | werkzeug | 172.18.0.1 - - [27/Aug/2026 06:13:48] "GET /api/data/broker-activity?symbol=BBNI HTTP/1.1" 200 -
2026-08-27 06:13:48,666 | INFO | werkzeug | 172.18.0.1 - - [27/Aug/2026 06:13:48] "GET /api/data/technical?symbol=BBNI HTTP/1.1" 200 -
2026-08-27 06:13:48,676 | INFO | werkzeug | 172.18.0.1 - - [27/Aug/2026 06:13:48] "GET /api/prescriptive/results?symbol=BBNI HTTP/1.1" 200 -
2026-08-27 06:13:48,697 | INFO | werkzeug | 172.18.0.1 - - [27/Aug/2026 06:13:48] "GET /api/data/forecast?symbol=BBNI HTTP/1.1" 200 -
2026-08-27 06:13:52,192 | INFO | werkzeug | 172.18.0.1 - - [27/Aug/2026 06:13:52] "GET /api/data/ohlc?symbol=BBCA HTTP/1.1" 200 -
2026-08-27 06:13:52,240 | INFO | werkzeug | 172.18.0.1 - - [27/Aug/2026 06:13:52] "GET /api/data/ohlc?symbol=BMRI HTTP/1.1" 200 -
2026-08-27 06:13:52,241 | INFO | werkzeug | 172.18.0.1 - - [27/Aug/2026 06:13:52] "GET /api/data/ohlc?symbol=BBNI HTTP/1.1" 200 -
2026-08-27 06:13:52,256 | INFO | werkzeug | 172.18.0.1 - - [27/Aug/2026 06:13:52] "GET /api/data/ohlc?symbol=BJBR HTTP/1.1" 200 -
2026-08-27 06:13:52,274 | INFO | werkzeug | 172.18.0.1 - - [27/Aug/2026 06:13:52] "GET /api/data/ohlc?symbol=ASII HTTP/1.1" 200 -
2026-08-27 06:13:52,274 | INFO | werkzeug | 172.18.0.1 - - [27/Aug/2026 06:13:52] "GET /api/data/ohlc?symbol=TLKM HTTP/1.1" 200 -
2026-08-27 06:13:52,275 | INFO | werkzeug | 172.18.0.1 - - [27/Aug/2026 06:13:52] "GET /api/data/ohlc?symbol=BBRI HTTP/1.1" 200 -
2026-08-27 06:13:52,300 | INFO | werkzeug | 172.18.0.1 - - [27/Aug/2026 06:13:52] "GET /api/data/ohlc?symbol=GOTO HTTP/1.1" 200 -
2026-08-27 06:13:52,306 | INFO | werkzeug | 172.18.0.1 - - [27/Aug/2026 06:13:52] "GET /api/data/ohlc?symbol=ANTM HTTP/1.1" 200 -
2026-08-27 06:13:52,319 | INFO | werkzeug | 172.18.0.1 - - [27/Aug/2026 06:13:52] "GET /api/data/ohlc?symbol=BBCA HTTP/1.1" 200 -
2026-08-27 06:13:55,535 | INFO | werkzeug | 172.18.0.1 - - [27/Aug/2026 06:13:55] "GET /api/data/ohlc?symbol=BBCA HTTP/1.1" 200 -
2026-08-27 06:13:55,576 | INFO | werkzeug | 172.18.0.1 - - [27/Aug/2026 06:13:55] "GET /api/data/ohlc?symbol=BBRI HTTP/1.1" 200 -
2026-08-27 06:13:55,579 | INFO | werkzeug | 172.18.0.1 - - [27/Aug/2026 06:13:55] "GET /api/data/ohlc?symbol=BBNI HTTP/1.1" 200 -
2026-08-27 06:13:55,580 | INFO | werkzeug | 172.18.0.1 - - [27/Aug/2026 06:13:55] "GET /api/data/ohlc?symbol=BJBR HTTP/1.1" 200 -
2026-08-27 06:13:55,588 | INFO | werkzeug | 172.18.0.1 - - [27/Aug/2026 06:13:55] "GET /api/data/ohlc?symbol=TLKM HTTP/1.1" 200 -
2026-08-27 06:13:55,589 | INFO | werkzeug | 172.18.0.1 - - [27/Aug/2026 06:13:55] "GET /api/data/ohlc?symbol=BMRI HTTP/1.1" 200 -
2026-08-27 06:13:55,606 | INFO | werkzeug | 172.18.0.1 - - [27/Aug/2026 06:13:55] "GET /api/data/ohlc?symbol=ASII HTTP/1.1" 200 -
2026-08-27 06:13:55,621 | INFO | werkzeug | 172.18.0.1 - - [27/Aug/2026 06:13:55] "GET /api/data/ohlc?symbol=ANTM HTTP/1.1" 200 -
2026-08-27 06:13:55,633 | INFO | werkzeug | 172.18.0.1 - - [27/Aug/2026 06:13:55] "GET /api/data/ohlc?symbol=GOTO HTTP/1.1" 200 -
2026-08-27 06:14:08,890 | INFO | werkzeug | 172.18.0.1 - - [27/Aug/2026 06:14:08] "OPTIONS /users/login HTTP/1.1" 200 -
2026-08-27 06:14:09,171 | INFO | werkzeug | 172.18.0.1 - - [27/Aug/2026 06:14:09] "POST /users/login HTTP/1.1" 200 -
2026-08-27 06:14:09,206 | INFO | werkzeug | 172.18.0.1 - - [27/Aug/2026 06:14:09] "GET /users/1/watchlists HTTP/1.1" 200 -
2026-08-27 06:14:09,344 | INFO | werkzeug | 172.18.0.1 - - [27/Aug/2026 06:14:09] "GET /api/data/ohlc?symbol=BMRI HTTP/1.1" 200 -
2026-08-27 06:14:09,346 | INFO | werkzeug | 172.18.0.1 - - [27/Aug/2026 06:14:09] "GET /api/data/ohlc?symbol=BBRI HTTP/1.1" 200 -
2026-08-27 06:14:09,346 | INFO | werkzeug | 172.18.0.1 - - [27/Aug/2026 06:14:09] "GET /api/data/ohlc?symbol=ANTM HTTP/1.1" 200 -
2026-08-27 06:14:09,371 | INFO | werkzeug | 172.18.0.1 - - [27/Aug/2026 06:14:09] "GET /api/data/ohlc?symbol=BBCA HTTP/1.1" 200 -
2026-08-27 06:14:09,372 | INFO | werkzeug | 172.18.0.1 - - [27/Aug/2026 06:14:09] "GET /api/data/ohlc?symbol=PTBA HTTP/1.1" 200 -
2026-08-27 06:14:09,372 | INFO | werkzeug | 172.18.0.1 - - [27/Aug/2026 06:14:09] "GET /api/data/ohlc?symbol=TLKM HTTP/1.1" 200 -
2026-08-27 06:14:09,399 | INFO | werkzeug | 172.18.0.1 - - [27/Aug/2026 06:14:09] "GET /api/data/ohlc?symbol=NSSS HTTP/1.1" 200 -
2026-08-27 06:14:09,406 | INFO | werkzeug | 172.18.0.1 - - [27/Aug/2026 06:14:09] "GET /api/data/majorholder?symbol=BBNI HTTP/1.1" 200 -
2026-08-27 06:14:09,418 | INFO | werkzeug | 172.18.0.1 - - [27/Aug/2026 06:14:09] "GET /api/data/ohlc?symbol=BBNI HTTP/1.1" 200 -
2026-08-27 06:14:09,420 | INFO | werkzeug | 172.18.0.1 - - [27/Aug/2026 06:14:09] "GET /api/data/stock-info?symbol=BBNI HTTP/1.1" 200 -
2026-08-27 06:14:09,428 | INFO | werkzeug | 172.18.0.1 - - [27/Aug/2026 06:14:09] "GET /api/data/broker-activity?symbol=BBNI HTTP/1.1" 200 -
2026-08-27 06:14:09,441 | INFO | werkzeug | 172.18.0.1 - - [27/Aug/2026 06:14:09] "GET /api/prescriptive/results?symbol=BBNI HTTP/1.1" 200 -
2026-08-27 06:14:09,449 | INFO | werkzeug | 172.18.0.1 - - [27/Aug/2026 06:14:09] "GET /api/data/technical?symbol=BBNI HTTP/1.1" 200 -
2026-08-27 06:14:09,466 | INFO | werkzeug | 172.18.0.1 - - [27/Aug/2026 06:14:09] "GET /api/data/forecast?symbol=BBNI HTTP/1.1" 200 -
2026-08-27 06:14:28,637 | INFO | werkzeug | 172.18.0.1 - - [27/Aug/2026 06:14:28] "GET /api/data/tickers HTTP/1.1" 200 -
2026-08-27 06:14:28,665 | INFO | werkzeug | 172.18.0.1 - - [27/Aug/2026 06:14:28] "GET /users/1/watchlists HTTP/1.1" 200 -
2026-08-27 06:14:28,788 | INFO | werkzeug | 172.18.0.1 - - [27/Aug/2026 06:14:28] "GET /api/data/ohlc?symbol=BBNI HTTP/1.1" 200 -
2026-08-27 06:14:28,806 | INFO | werkzeug | 172.18.0.1 - - [27/Aug/2026 06:14:28] "GET /api/data/ohlc?symbol=BBCA HTTP/1.1" 200 -
2026-08-27 06:14:28,806 | INFO | werkzeug | 172.18.0.1 - - [27/Aug/2026 06:14:28] "GET /api/data/ohlc?symbol=TLKM HTTP/1.1" 200 -
2026-08-27 06:14:28,815 | INFO | werkzeug | 172.18.0.1 - - [27/Aug/2026 06:14:28] "GET /api/data/ohlc?symbol=BBRI HTTP/1.1" 200 -
2026-08-27 06:14:28,821 | INFO | werkzeug | 172.18.0.1 - - [27/Aug/2026 06:14:28] "GET /api/data/ohlc?symbol=BJBR HTTP/1.1" 200 -
2026-08-27 06:14:28,822 | INFO | werkzeug | 172.18.0.1 - - [27/Aug/2026 06:14:28] "GET /api/data/ohlc?symbol=BMRI HTTP/1.1" 200 -
2026-08-27 06:14:28,864 | INFO | werkzeug | 172.18.0.1 - - [27/Aug/2026 06:14:28] "GET /api/data/ohlc?symbol=ANTM HTTP/1.1" 200 -
2026-08-27 06:14:28,870 | INFO | werkzeug | 172.18.0.1 - - [27/Aug/2026 06:14:28] "GET /api/data/ohlc?symbol=GOTO HTTP/1.1" 200 -
2026-08-27 06:14:28,871 | INFO | werkzeug | 172.18.0.1 - - [27/Aug/2026 06:14:28] "GET /api/data/ohlc?symbol=ASII HTTP/1.1" 200 -
2026-08-27 06:14:57,182 | INFO | werkzeug | 172.18.0.1 - - [27/Aug/2026 06:14:57] "GET /api/data/tickers HTTP/1.1" 200 -
2026-08-27 06:14:57,213 | INFO | werkzeug | 172.18.0.1 - - [27/Aug/2026 06:14:57] "GET /users/1/watchlists HTTP/1.1" 200 -
2026-08-27 06:14:57,322 | INFO | werkzeug | 172.18.0.1 - - [27/Aug/2026 06:14:57] "GET /api/data/ohlc?symbol=BBCA HTTP/1.1" 200 -
2026-08-27 06:14:57,341 | INFO | werkzeug | 172.18.0.1 - - [27/Aug/2026 06:14:57] "GET /api/data/ohlc?symbol=BBNI HTTP/1.1" 200 -
2026-08-27 06:14:57,347 | INFO | werkzeug | 172.18.0.1 - - [27/Aug/2026 06:14:57] "GET /api/data/ohlc?symbol=BMRI HTTP/1.1" 200 -
2026-08-27 06:14:57,349 | INFO | werkzeug | 172.18.0.1 - - [27/Aug/2026 06:14:57] "GET /api/data/ohlc?symbol=BBRI HTTP/1.1" 200 -
2026-08-27 06:14:57,365 | INFO | werkzeug | 172.18.0.1 - - [27/Aug/2026 06:14:57] "GET /api/data/ohlc?symbol=BJBR HTTP/1.1" 200 -
2026-08-27 06:14:57,366 | INFO | werkzeug | 172.18.0.1 - - [27/Aug/2026 06:14:57] "GET /api/data/ohlc?symbol=TLKM HTTP/1.1" 200 -
2026-08-27 06:14:57,381 | INFO | werkzeug | 172.18.0.1 - - [27/Aug/2026 06:14:57] "GET /api/data/ohlc?symbol=ASII HTTP/1.1" 200 -
2026-08-27 06:14:57,397 | INFO | werkzeug | 172.18.0.1 - - [27/Aug/2026 06:14:57] "GET /api/data/ohlc?symbol=ANTM HTTP/1.1" 200 -
2026-08-27 06:14:57,403 | INFO | werkzeug | 172.18.0.1 - - [27/Aug/2026 06:14:57] "GET /api/data/ohlc?symbol=GOTO HTTP/1.1" 200 -
2026-08-27 06:15:00,182 | INFO | werkzeug | 172.18.0.1 - - [27/Aug/2026 06:15:00] "GET /api/data/ohlc?symbol=BBRI HTTP/1.1" 200 -
2026-08-27 06:15:00,184 | INFO | werkzeug | 172.18.0.1 - - [27/Aug/2026 06:15:00] "GET /api/data/ohlc?symbol=BMRI HTTP/1.1" 200 -
2026-08-27 06:15:00,186 | INFO | werkzeug | 172.18.0.1 - - [27/Aug/2026 06:15:00] "GET /api/data/ohlc?symbol=BBCA HTTP/1.1" 200 -
2026-08-27 06:15:00,194 | INFO | werkzeug | 172.18.0.1 - - [27/Aug/2026 06:15:00] "GET /api/data/ohlc?symbol=ANTM HTTP/1.1" 200 -
2026-08-27 06:15:00,210 | INFO | werkzeug | 172.18.0.1 - - [27/Aug/2026 06:15:00] "GET /api/data/ohlc?symbol=TLKM HTTP/1.1" 200 -
2026-08-27 06:15:00,211 | INFO | werkzeug | 172.18.0.1 - - [27/Aug/2026 06:15:00] "GET /api/data/ohlc?symbol=PTBA HTTP/1.1" 200 -
2026-08-27 06:15:00,241 | INFO | werkzeug | 172.18.0.1 - - [27/Aug/2026 06:15:00] "GET /api/data/ohlc?symbol=NSSS HTTP/1.1" 200 -
2026-08-27 06:15:00,254 | INFO | werkzeug | 172.18.0.1 - - [27/Aug/2026 06:15:00] "GET /api/data/ohlc?symbol=BBNI HTTP/1.1" 200 -
2026-08-27 06:15:00,256 | INFO | werkzeug | 172.18.0.1 - - [27/Aug/2026 06:15:00] "GET /api/data/majorholder?symbol=BBNI HTTP/1.1" 200 -
2026-08-27 06:15:00,257 | INFO | werkzeug | 172.18.0.1 - - [27/Aug/2026 06:15:00] "GET /api/data/broker-activity?symbol=BBNI HTTP/1.1" 200 -
2026-08-27 06:15:00,262 | INFO | werkzeug | 172.18.0.1 - - [27/Aug/2026 06:15:00] "GET /api/data/stock-info?symbol=BBNI HTTP/1.1" 200 -
2026-08-27 06:15:00,282 | INFO | werkzeug | 172.18.0.1 - - [27/Aug/2026 06:15:00] "GET /api/data/technical?symbol=BBNI HTTP/1.1" 200 -
2026-08-27 06:15:00,283 | INFO | werkzeug | 172.18.0.1 - - [27/Aug/2026 06:15:00] "GET /api/prescriptive/results?symbol=BBNI HTTP/1.1" 200 -
2026-08-27 06:15:00,307 | INFO | werkzeug | 172.18.0.1 - - [27/Aug/2026 06:15:00] "GET /api/data/forecast?symbol=BBNI HTTP/1.1" 200 -
2026-08-27 06:15:03,567 | INFO | werkzeug | 172.18.0.1 - - [27/Aug/2026 06:15:03] "GET /api/data/ohlc?symbol=BBCA HTTP/1.1" 200 -
2026-08-27 06:15:03,610 | INFO | werkzeug | 172.18.0.1 - - [27/Aug/2026 06:15:03] "GET /api/data/ohlc?symbol=BBNI HTTP/1.1" 200 -
2026-08-27 06:15:03,630 | INFO | werkzeug | 172.18.0.1 - - [27/Aug/2026 06:15:03] "GET /api/data/ohlc?symbol=BBRI HTTP/1.1" 200 -
2026-08-27 06:15:03,642 | INFO | werkzeug | 172.18.0.1 - - [27/Aug/2026 06:15:03] "GET /api/data/ohlc?symbol=BJBR HTTP/1.1" 200 -
2026-08-27 06:15:03,648 | INFO | werkzeug | 172.18.0.1 - - [27/Aug/2026 06:15:03] "GET /api/data/ohlc?symbol=TLKM HTTP/1.1" 200 -
2026-08-27 06:15:03,654 | INFO | werkzeug | 172.18.0.1 - - [27/Aug/2026 06:15:03] "GET /api/data/ohlc?symbol=BBCA HTTP/1.1" 200 -
2026-08-27 06:15:03,655 | INFO | werkzeug | 172.18.0.1 - - [27/Aug/2026 06:15:03] "GET /api/data/ohlc?symbol=BMRI HTTP/1.1" 200 -
2026-08-27 06:15:03,671 | INFO | werkzeug | 172.18.0.1 - - [27/Aug/2026 06:15:03] "GET /api/data/ohlc?symbol=ASII HTTP/1.1" 200 -
2026-08-27 06:15:03,687 | INFO | werkzeug | 172.18.0.1 - - [27/Aug/2026 06:15:03] "GET /api/data/ohlc?symbol=ANTM HTTP/1.1" 200 -
2026-08-27 06:15:03,692 | INFO | werkzeug | 172.18.0.1 - - [27/Aug/2026 06:15:03] "GET /api/data/ohlc?symbol=GOTO HTTP/1.1" 200 -
2026-08-27 06:15:05,967 | INFO | werkzeug | 172.18.0.1 - - [27/Aug/2026 06:15:05] "GET /api/data/ohlc?symbol=BBRI HTTP/1.1" 200 -
2026-08-27 06:15:05,973 | INFO | werkzeug | 172.18.0.1 - - [27/Aug/2026 06:15:05] "GET /api/data/ohlc?symbol=BBCA HTTP/1.1" 200 -
2026-08-27 06:15:05,982 | INFO | werkzeug | 172.18.0.1 - - [27/Aug/2026 06:15:05] "GET /api/data/ohlc?symbol=BMRI HTTP/1.1" 200 -
2026-08-27 06:15:05,996 | INFO | werkzeug | 172.18.0.1 - - [27/Aug/2026 06:15:05] "GET /api/data/ohlc?symbol=BBNI HTTP/1.1" 200 -
2026-08-27 06:15:05,997 | INFO | werkzeug | 172.18.0.1 - - [27/Aug/2026 06:15:05] "GET /api/data/ohlc?symbol=TLKM HTTP/1.1" 200 -
2026-08-27 06:15:06,006 | INFO | werkzeug | 172.18.0.1 - - [27/Aug/2026 06:15:06] "GET /api/data/ohlc?symbol=BJBR HTTP/1.1" 200 -
2026-08-27 06:15:06,021 | INFO | werkzeug | 172.18.0.1 - - [27/Aug/2026 06:15:06] "GET /api/data/ohlc?symbol=ASII HTTP/1.1" 200 -
2026-08-27 06:15:06,045 | INFO | werkzeug | 172.18.0.1 - - [27/Aug/2026 06:15:06] "GET /api/data/ohlc?symbol=GOTO HTTP/1.1" 200 -
2026-08-27 06:15:06,046 | INFO | werkzeug | 172.18.0.1 - - [27/Aug/2026 06:15:06] "GET /api/data/ohlc?symbol=ANTM HTTP/1.1" 200 -
2026-08-27 06:15:15,602 | INFO | werkzeug | 172.18.0.1 - - [27/Aug/2026 06:15:15] "OPTIONS /users/login HTTP/1.1" 200 -
2026-08-27 06:15:15,847 | INFO | werkzeug | 172.18.0.1 - - [27/Aug/2026 06:15:15] "POST /users/login HTTP/1.1" 200 -
2026-08-27 06:15:15,882 | INFO | werkzeug | 172.18.0.1 - - [27/Aug/2026 06:15:15] "GET /users/1/watchlists HTTP/1.1" 200 -
2026-08-27 06:15:16,000 | INFO | werkzeug | 172.18.0.1 - - [27/Aug/2026 06:15:16] "GET /api/data/ohlc?symbol=BBCA HTTP/1.1" 200 -
2026-08-27 06:15:16,004 | INFO | werkzeug | 172.18.0.1 - - [27/Aug/2026 06:15:16] "GET /api/data/ohlc?symbol=TLKM HTTP/1.1" 200 -
2026-08-27 06:15:16,023 | INFO | werkzeug | 172.18.0.1 - - [27/Aug/2026 06:15:16] "GET /api/data/ohlc?symbol=BMRI HTTP/1.1" 200 -
2026-08-27 06:15:16,029 | INFO | werkzeug | 172.18.0.1 - - [27/Aug/2026 06:15:16] "GET /api/data/ohlc?symbol=PTBA HTTP/1.1" 200 -
2026-08-27 06:15:16,030 | INFO | werkzeug | 172.18.0.1 - - [27/Aug/2026 06:15:16] "GET /api/data/ohlc?symbol=BBRI HTTP/1.1" 200 -
2026-08-27 06:15:16,038 | INFO | werkzeug | 172.18.0.1 - - [27/Aug/2026 06:15:16] "GET /api/data/ohlc?symbol=ANTM HTTP/1.1" 200 -
2026-08-27 06:15:16,059 | INFO | werkzeug | 172.18.0.1 - - [27/Aug/2026 06:15:16] "GET /api/data/ohlc?symbol=NSSS HTTP/1.1" 200 -
2026-08-27 06:15:16,064 | INFO | werkzeug | 172.18.0.1 - - [27/Aug/2026 06:15:16] "GET /api/data/majorholder?symbol=BBNI HTTP/1.1" 200 -
2026-08-27 06:15:16,065 | INFO | werkzeug | 172.18.0.1 - - [27/Aug/2026 06:15:16] "GET /api/data/broker-activity?symbol=BBNI HTTP/1.1" 200 -
2026-08-27 06:15:16,078 | INFO | werkzeug | 172.18.0.1 - - [27/Aug/2026 06:15:16] "GET /api/data/ohlc?symbol=BBNI HTTP/1.1" 200 -
2026-08-27 06:15:16,095 | INFO | werkzeug | 172.18.0.1 - - [27/Aug/2026 06:15:16] "GET /api/data/technical?symbol=BBNI HTTP/1.1" 200 -
2026-08-27 06:15:16,096 | INFO | werkzeug | 172.18.0.1 - - [27/Aug/2026 06:15:16] "GET /api/data/stock-info?symbol=BBNI HTTP/1.1" 200 -
2026-08-27 06:15:16,111 | INFO | werkzeug | 172.18.0.1 - - [27/Aug/2026 06:15:16] "GET /api/prescriptive/results?symbol=BBNI HTTP/1.1" 200 -
2026-08-27 06:15:16,116 | INFO | werkzeug | 172.18.0.1 - - [27/Aug/2026 06:15:16] "GET /api/data/forecast?symbol=BBNI HTTP/1.1" 200 -
2026-08-27 06:15:52,513 | INFO | Bootstrap | [Bootstrap] Memulai inisialisasi otomatis StockVision di background...
2026-08-27 06:15:52,519 | INFO | werkzeug | [31m[1mWARNING: This is a development server. Do not use it in a production deployment. Use a production WSGI server instead.[0m
 * Running on all addresses (0.0.0.0)
 * Running on http://127.0.0.1:8080
 * Running on http://172.18.0.3:8080
2026-08-27 06:15:52,520 | INFO | werkzeug | [33mPress CTRL+C to quit[0m
2026-08-27 06:15:55,522 | INFO | Bootstrap | [Bootstrap] trading_calendar sudah berisi 365 hari trading.
2026-08-27 06:15:55,532 | INFO | Bootstrap | [Bootstrap] idx_company_list sudah berisi 941 emiten.
2026-08-27 06:15:55,630 | INFO | Bootstrap | [Bootstrap] ohlc_forecasting sudah memiliki 1011086 baris data.
2026-08-27 06:15:55,640 | INFO | Bootstrap | [Bootstrap] insider_activity sudah berisi 84 baris data.
2026-08-27 06:15:55,650 | INFO | Bootstrap | [Bootstrap] stock_forecasting sudah berisi 56 baris data.
2026-08-27 06:15:55,652 | INFO | Bootstrap | [Bootstrap] Daily Forecast Cron aktif (berjalan setiap hari pukul 02:00 WIB).
2026-08-27 06:15:55,653 | INFO | Bootstrap | [Bootstrap] Inisialisasi background selesai. Seluruh sistem siap!
=======
2026-08-27 02:38:35,467 | INFO | Bootstrap | [Bootstrap] Memulai inisialisasi otomatis StockVision di background...
2026-08-27 02:38:35,472 | INFO | werkzeug | [31m[1mWARNING: This is a development server. Do not use it in a production deployment. Use a production WSGI server instead.[0m
 * Running on all addresses (0.0.0.0)
 * Running on http://127.0.0.1:8080
 * Running on http://172.18.0.2:8080
2026-08-27 02:38:35,473 | INFO | werkzeug | [33mPress CTRL+C to quit[0m
2026-08-27 02:38:38,480 | INFO | Bootstrap | [Bootstrap] trading_calendar sudah berisi 365 hari trading.
2026-08-27 02:38:38,492 | INFO | Bootstrap | [Bootstrap] idx_company_list sudah berisi 941 emiten.
2026-08-27 02:38:38,606 | INFO | Bootstrap | [Bootstrap] ohlc_forecasting sudah memiliki 1011087 baris data.
2026-08-27 02:38:38,620 | INFO | Bootstrap | [Bootstrap] insider_activity sudah berisi 84 baris data.
2026-08-27 02:38:38,629 | INFO | Bootstrap | [Bootstrap] stock_forecasting sudah berisi 14 baris data.
2026-08-27 02:38:38,630 | INFO | Bootstrap | [Bootstrap] Daily Forecast Cron aktif (berjalan setiap hari pukul 02:00 WIB).
2026-08-27 02:38:38,631 | INFO | Bootstrap | [Bootstrap] Inisialisasi background selesai. Seluruh sistem siap!
>>>>>>> 6c857de814db9495ac77329af1e62990bf2d0e78
2026-08-27 06:25:31,067 | INFO | Bootstrap | [Bootstrap] Memulai inisialisasi otomatis StockVision di background...
2026-08-27 06:25:31,076 | INFO | werkzeug | [31m[1mWARNING: This is a development server. Do not use it in a production deployment. Use a production WSGI server instead.[0m
 * Running on all addresses (0.0.0.0)
 * Running on http://127.0.0.1:8080
 * Running on http://172.18.0.3:8080
2026-08-27 06:25:31,078 | INFO | werkzeug | [33mPress CTRL+C to quit[0m
2026-08-27 06:25:33,962 | INFO | diagnostic.pipeline | Starting Diagnostic Pipeline execution...
2026-08-27 06:25:34,038 | INFO | diagnostic.data_loader | Memuat data OHLC...
2026-08-27 06:25:34,077 | INFO | Bootstrap | [Bootstrap] trading_calendar sudah berisi 365 hari trading.
2026-08-27 06:25:34,086 | INFO | Bootstrap | [Bootstrap] idx_company_list sudah berisi 941 emiten.
2026-08-27 06:25:34,132 | INFO | Bootstrap | [Bootstrap] ohlc_forecasting sudah memiliki 1011086 baris data.
2026-08-27 06:25:34,143 | INFO | Bootstrap | [Bootstrap] insider_activity sudah berisi 84 baris data.
2026-08-27 06:25:34,151 | INFO | Bootstrap | [Bootstrap] stock_forecasting sudah berisi 56 baris data.
2026-08-27 06:25:34,153 | INFO | Bootstrap | [Bootstrap] Daily Forecast Cron aktif (berjalan setiap hari pukul 02:00 WIB).
2026-08-27 06:25:34,154 | INFO | Bootstrap | [Bootstrap] Inisialisasi background selesai. Seluruh sistem siap!
2026-08-27 06:25:40,329 | INFO | diagnostic.data_loader | Memuat data aktivitas broker...
2026-08-27 06:25:40,428 | INFO | diagnostic.data_loader | Memuat data aktivitas insider...
2026-08-27 06:25:40,450 | INFO | diagnostic.data_loader | Memuat data fundamental & company info...
2026-08-27 06:25:40,477 | INFO | diagnostic.diagnostic_engine | Menjalankan kalkulasi Diagnostic Analytics...
2026-08-27 06:25:46,877 | INFO | diagnostic.diagnostic_engine | Menghasilkan narasi AI Diagnostic Summary (Google Gemini)...
2026-08-27 06:25:46,985 | WARNING | diagnostic.llm | Paket google-generativeai tidak terpasang. Modul Diagnostik memakai narasi deterministik.
2026-08-27 06:25:47,393 | INFO | diagnostic.pipeline | Diagnostic Pipeline completed successfully: 888 records updated in 13.43s
2026-08-27 06:25:47,488 | INFO | werkzeug | 172.18.0.1 - - [27/Aug/2026 06:25:47] "POST /api/diagnostic/run HTTP/1.1" 200 -
2026-08-27 06:25:52,105 | INFO | werkzeug | 172.18.0.1 - - [27/Aug/2026 06:25:52] "GET /api/diagnostic/results?symbol=GOTO HTTP/1.1" 200 -
2026-08-27 06:26:24,358 | INFO | werkzeug | 172.18.0.1 - - [27/Aug/2026 06:26:24] "GET /api/data/tickers HTTP/1.1" 200 -
2026-08-27 06:26:24,364 | INFO | werkzeug | 172.18.0.1 - - [27/Aug/2026 06:26:24] "GET /api/data/tickers HTTP/1.1" 200 -
2026-08-27 06:26:24,397 | INFO | werkzeug | 172.18.0.1 - - [27/Aug/2026 06:26:24] "GET /api/data/ohlc?symbol=BBCA HTTP/1.1" 200 -
2026-08-27 06:26:24,416 | INFO | werkzeug | 172.18.0.1 - - [27/Aug/2026 06:26:24] "GET /api/data/ohlc?symbol=BBNI HTTP/1.1" 200 -
2026-08-27 06:26:24,431 | INFO | werkzeug | 172.18.0.1 - - [27/Aug/2026 06:26:24] "GET /api/data/ohlc?symbol=BBRI HTTP/1.1" 200 -
2026-08-27 06:26:24,457 | INFO | werkzeug | 172.18.0.1 - - [27/Aug/2026 06:26:24] "GET /api/data/ohlc?symbol=BMRI HTTP/1.1" 200 -
2026-08-27 06:26:24,466 | INFO | werkzeug | 172.18.0.1 - - [27/Aug/2026 06:26:24] "GET /api/data/ohlc?symbol=BJBR HTTP/1.1" 200 -
2026-08-27 06:26:24,468 | INFO | werkzeug | 172.18.0.1 - - [27/Aug/2026 06:26:24] "GET /api/data/ohlc?symbol=TLKM HTTP/1.1" 200 -
2026-08-27 06:26:24,469 | INFO | werkzeug | 172.18.0.1 - - [27/Aug/2026 06:26:24] "GET /users/1/watchlists HTTP/1.1" 200 -
2026-08-27 06:26:24,512 | INFO | werkzeug | 172.18.0.1 - - [27/Aug/2026 06:26:24] "GET /api/data/ohlc?symbol=ASII HTTP/1.1" 200 -
2026-08-27 06:26:24,536 | INFO | werkzeug | 172.18.0.1 - - [27/Aug/2026 06:26:24] "GET /api/data/ohlc?symbol=GOTO HTTP/1.1" 200 -
2026-08-27 06:26:24,544 | INFO | werkzeug | 172.18.0.1 - - [27/Aug/2026 06:26:24] "GET /api/data/ohlc?symbol=ANTM HTTP/1.1" 200 -
2026-08-27 06:26:24,595 | INFO | werkzeug | 172.18.0.1 - - [27/Aug/2026 06:26:24] "GET /api/data/tickers HTTP/1.1" 200 -
2026-08-27 06:26:24,620 | INFO | werkzeug | 172.18.0.1 - - [27/Aug/2026 06:26:24] "GET /api/data/ohlc?symbol=BBCA HTTP/1.1" 200 -
2026-08-27 06:26:24,623 | INFO | werkzeug | 172.18.0.1 - - [27/Aug/2026 06:26:24] "GET /api/data/ohlc?symbol=BMRI HTTP/1.1" 200 -
2026-08-27 06:26:24,624 | INFO | werkzeug | 172.18.0.1 - - [27/Aug/2026 06:26:24] "GET /api/data/ohlc?symbol=BBRI HTTP/1.1" 200 -
2026-08-27 06:26:24,643 | INFO | werkzeug | 172.18.0.1 - - [27/Aug/2026 06:26:24] "GET /api/data/ohlc?symbol=ANTM HTTP/1.1" 200 -
2026-08-27 06:26:24,649 | INFO | werkzeug | 172.18.0.1 - - [27/Aug/2026 06:26:24] "GET /api/data/ohlc?symbol=PTBA HTTP/1.1" 200 -
2026-08-27 06:26:24,650 | INFO | werkzeug | 172.18.0.1 - - [27/Aug/2026 06:26:24] "GET /api/data/ohlc?symbol=TLKM HTTP/1.1" 200 -
2026-08-27 06:26:24,684 | INFO | werkzeug | 172.18.0.1 - - [27/Aug/2026 06:26:24] "GET /api/data/ohlc?symbol=NSSS HTTP/1.1" 200 -
2026-08-27 06:26:24,691 | INFO | werkzeug | 172.18.0.1 - - [27/Aug/2026 06:26:24] "GET /api/data/ohlc?symbol=GOTO HTTP/1.1" 200 -
2026-08-27 06:26:24,694 | INFO | werkzeug | 172.18.0.1 - - [27/Aug/2026 06:26:24] "GET /api/data/majorholder?symbol=BBNI HTTP/1.1" 200 -
2026-08-27 06:26:24,703 | INFO | werkzeug | 172.18.0.1 - - [27/Aug/2026 06:26:24] "GET /api/data/ohlc?symbol=BBNI HTTP/1.1" 200 -
2026-08-27 06:26:24,704 | INFO | werkzeug | 172.18.0.1 - - [27/Aug/2026 06:26:24] "GET /api/data/broker-activity?symbol=BBNI HTTP/1.1" 200 -
2026-08-27 06:26:24,708 | INFO | werkzeug | 172.18.0.1 - - [27/Aug/2026 06:26:24] "GET /api/data/stock-info?symbol=BBNI HTTP/1.1" 200 -
2026-08-27 06:26:24,733 | INFO | werkzeug | 172.18.0.1 - - [27/Aug/2026 06:26:24] "GET /api/data/technical?symbol=BBNI HTTP/1.1" 200 -
2026-08-27 06:26:24,734 | INFO | werkzeug | 172.18.0.1 - - [27/Aug/2026 06:26:24] "GET /api/prescriptive/results?symbol=BBNI HTTP/1.1" 200 -
2026-08-27 06:26:24,799 | INFO | werkzeug | 172.18.0.1 - - [27/Aug/2026 06:26:24] "GET /api/data/forecast?symbol=BBNI HTTP/1.1" 200 -
2026-08-27 06:26:24,873 | INFO | werkzeug | 172.18.0.1 - - [27/Aug/2026 06:26:24] "GET /api/data/ohlc?symbol=BBCA HTTP/1.1" 200 -
2026-08-27 06:26:24,901 | INFO | werkzeug | 172.18.0.1 - - [27/Aug/2026 06:26:24] "GET /api/data/ohlc?symbol=BJBR HTTP/1.1" 200 -
2026-08-27 06:26:24,903 | INFO | werkzeug | 172.18.0.1 - - [27/Aug/2026 06:26:24] "GET /api/data/ohlc?symbol=BBNI HTTP/1.1" 200 -
2026-08-27 06:26:24,920 | INFO | werkzeug | 172.18.0.1 - - [27/Aug/2026 06:26:24] "GET /api/data/ohlc?symbol=BMRI HTTP/1.1" 200 -
2026-08-27 06:26:24,921 | INFO | werkzeug | 172.18.0.1 - - [27/Aug/2026 06:26:24] "GET /api/data/ohlc?symbol=BBRI HTTP/1.1" 200 -
2026-08-27 06:26:24,927 | INFO | werkzeug | 172.18.0.1 - - [27/Aug/2026 06:26:24] "GET /api/data/ohlc?symbol=TLKM HTTP/1.1" 200 -
2026-08-27 06:26:24,939 | INFO | werkzeug | 172.18.0.1 - - [27/Aug/2026 06:26:24] "GET /api/data/ohlc?symbol=ASII HTTP/1.1" 200 -
2026-08-27 06:26:24,952 | INFO | werkzeug | 172.18.0.1 - - [27/Aug/2026 06:26:24] "GET /api/data/ohlc?symbol=ANTM HTTP/1.1" 200 -
2026-08-27 06:26:24,965 | INFO | werkzeug | 172.18.0.1 - - [27/Aug/2026 06:26:24] "GET /api/data/ohlc?symbol=GOTO HTTP/1.1" 200 -
2026-08-27 06:28:19,035 | INFO | werkzeug | 172.18.0.1 - - [27/Aug/2026 06:28:19] "GET /api/data/ohlc?symbol=BBRI HTTP/1.1" 200 -
2026-08-27 06:28:19,044 | INFO | werkzeug | 172.18.0.1 - - [27/Aug/2026 06:28:19] "GET /api/data/ohlc?symbol=BBCA HTTP/1.1" 200 -
2026-08-27 06:28:19,051 | INFO | werkzeug | 172.18.0.1 - - [27/Aug/2026 06:28:19] "GET /api/data/ohlc?symbol=BMRI HTTP/1.1" 200 -
2026-08-27 06:28:19,058 | INFO | werkzeug | 172.18.0.1 - - [27/Aug/2026 06:28:19] "GET /api/data/ohlc?symbol=ANTM HTTP/1.1" 200 -
2026-08-27 06:28:19,061 | INFO | werkzeug | 172.18.0.1 - - [27/Aug/2026 06:28:19] "GET /api/data/ohlc?symbol=PTBA HTTP/1.1" 200 -
2026-08-27 06:28:19,071 | INFO | werkzeug | 172.18.0.1 - - [27/Aug/2026 06:28:19] "GET /api/data/ohlc?symbol=TLKM HTTP/1.1" 200 -
2026-08-27 06:28:19,100 | INFO | werkzeug | 172.18.0.1 - - [27/Aug/2026 06:28:19] "GET /api/data/ohlc?symbol=NSSS HTTP/1.1" 200 -
2026-08-27 06:28:19,107 | INFO | werkzeug | 172.18.0.1 - - [27/Aug/2026 06:28:19] "GET /api/data/ohlc?symbol=GOTO HTTP/1.1" 200 -
2026-08-27 06:28:19,117 | INFO | werkzeug | 172.18.0.1 - - [27/Aug/2026 06:28:19] "GET /api/data/ohlc?symbol=BBNI HTTP/1.1" 200 -
2026-08-27 06:28:19,117 | INFO | werkzeug | 172.18.0.1 - - [27/Aug/2026 06:28:19] "GET /api/data/majorholder?symbol=BBNI HTTP/1.1" 200 -
2026-08-27 06:28:19,120 | INFO | werkzeug | 172.18.0.1 - - [27/Aug/2026 06:28:19] "GET /api/data/broker-activity?symbol=BBNI HTTP/1.1" 200 -
2026-08-27 06:28:19,132 | INFO | werkzeug | 172.18.0.1 - - [27/Aug/2026 06:28:19] "GET /api/data/stock-info?symbol=BBNI HTTP/1.1" 200 -
2026-08-27 06:28:19,152 | INFO | werkzeug | 172.18.0.1 - - [27/Aug/2026 06:28:19] "GET /api/diagnostic/results?symbol=BBNI HTTP/1.1" 200 -
2026-08-27 06:28:19,153 | INFO | werkzeug | 172.18.0.1 - - [27/Aug/2026 06:28:19] "GET /api/prescriptive/results?symbol=BBNI HTTP/1.1" 200 -
2026-08-27 06:28:19,154 | INFO | werkzeug | 172.18.0.1 - - [27/Aug/2026 06:28:19] "GET /api/data/technical?symbol=BBNI HTTP/1.1" 200 -
2026-08-27 06:28:19,175 | INFO | werkzeug | 172.18.0.1 - - [27/Aug/2026 06:28:19] "GET /api/data/forecast?symbol=BBNI HTTP/1.1" 200 -
2026-08-27 06:29:08,213 | INFO | werkzeug | 172.18.0.1 - - [27/Aug/2026 06:29:08] "GET /api/diagnostic/results?symbol=BBCA HTTP/1.1" 200 -
2026-08-27 06:29:08,706 | INFO | werkzeug | 172.18.0.1 - - [27/Aug/2026 06:29:08] "GET /api/diagnostic/results?symbol=BBRI HTTP/1.1" 200 -
2026-08-27 06:29:09,219 | INFO | werkzeug | 172.18.0.1 - - [27/Aug/2026 06:29:09] "GET /api/diagnostic/results?symbol=ASII HTTP/1.1" 200 -
2026-08-27 06:29:09,730 | INFO | werkzeug | 172.18.0.1 - - [27/Aug/2026 06:29:09] "GET /api/diagnostic/results?symbol=ZZZZ HTTP/1.1" 200 -
2026-08-27 06:30:34,300 | INFO | werkzeug | 172.18.0.1 - - [27/Aug/2026 06:30:34] "GET /api/diagnostic/results?symbol=BBCA HTTP/1.1" 200 -
2026-08-27 06:30:34,307 | INFO | werkzeug | 172.18.0.1 - - [27/Aug/2026 06:30:34] "GET /api/data/broker-activity?symbol=BBCA HTTP/1.1" 200 -
2026-08-27 06:30:34,309 | INFO | werkzeug | 172.18.0.1 - - [27/Aug/2026 06:30:34] "GET /api/data/ohlc?symbol=BBCA HTTP/1.1" 200 -
2026-08-27 06:30:34,313 | INFO | werkzeug | 172.18.0.1 - - [27/Aug/2026 06:30:34] "GET /api/data/majorholder?symbol=BBCA HTTP/1.1" 200 -
2026-08-27 06:30:34,325 | INFO | werkzeug | 172.18.0.1 - - [27/Aug/2026 06:30:34] "GET /api/data/stock-info?symbol=BBCA HTTP/1.1" 200 -
2026-08-27 06:30:34,346 | INFO | werkzeug | 172.18.0.1 - - [27/Aug/2026 06:30:34] "GET /api/data/technical?symbol=BBCA HTTP/1.1" 200 -
2026-08-27 06:30:34,347 | INFO | werkzeug | 172.18.0.1 - - [27/Aug/2026 06:30:34] "GET /api/prescriptive/results?symbol=BBCA HTTP/1.1" 200 -
2026-08-27 06:30:34,353 | INFO | werkzeug | 172.18.0.1 - - [27/Aug/2026 06:30:34] "GET /api/data/forecast?symbol=BBCA HTTP/1.1" 200 -
2026-08-27 06:30:43,685 | INFO | werkzeug | 172.18.0.1 - - [27/Aug/2026 06:30:43] "GET /api/data/technical?symbol=BMRI HTTP/1.1" 200 -
2026-08-27 06:30:43,686 | INFO | werkzeug | 172.18.0.1 - - [27/Aug/2026 06:30:43] "GET /api/data/ohlc?symbol=BMRI HTTP/1.1" 200 -
2026-08-27 06:30:43,686 | INFO | werkzeug | 172.18.0.1 - - [27/Aug/2026 06:30:43] "GET /api/diagnostic/results?symbol=BMRI HTTP/1.1" 200 -
2026-08-27 06:30:43,693 | INFO | werkzeug | 172.18.0.1 - - [27/Aug/2026 06:30:43] "GET /api/prescriptive/results?symbol=BMRI HTTP/1.1" 200 -
2026-08-27 06:30:43,697 | INFO | werkzeug | 172.18.0.1 - - [27/Aug/2026 06:30:43] "GET /api/data/stock-info?symbol=BMRI HTTP/1.1" 200 -
2026-08-27 06:30:43,711 | INFO | werkzeug | 172.18.0.1 - - [27/Aug/2026 06:30:43] "GET /api/data/majorholder?symbol=BMRI HTTP/1.1" 200 -
2026-08-27 06:30:43,716 | INFO | werkzeug | 172.18.0.1 - - [27/Aug/2026 06:30:43] "GET /api/data/broker-activity?symbol=BMRI HTTP/1.1" 200 -
2026-08-27 06:30:43,721 | INFO | werkzeug | 172.18.0.1 - - [27/Aug/2026 06:30:43] "GET /api/data/forecast?symbol=BMRI HTTP/1.1" 200 -
2026-08-27 06:38:17,751 | INFO | werkzeug | 172.18.0.1 - - [27/Aug/2026 06:38:17] "GET /api/prescriptive/results?symbol=BMRI HTTP/1.1" 200 -
2026-08-27 06:39:57,829 | INFO | werkzeug | 172.18.0.1 - - [27/Aug/2026 06:39:57] "GET /api/data/tickers HTTP/1.1" 200 -
2026-08-27 06:39:57,854 | INFO | werkzeug | 172.18.0.1 - - [27/Aug/2026 06:39:57] "GET /users/1/watchlists HTTP/1.1" 200 -
2026-08-27 06:39:57,999 | INFO | werkzeug | 172.18.0.1 - - [27/Aug/2026 06:39:57] "GET /api/data/ohlc?symbol=BBRI HTTP/1.1" 200 -
2026-08-27 06:39:58,019 | INFO | werkzeug | 172.18.0.1 - - [27/Aug/2026 06:39:58] "GET /api/data/ohlc?symbol=BMRI HTTP/1.1" 200 -
2026-08-27 06:39:58,027 | INFO | werkzeug | 172.18.0.1 - - [27/Aug/2026 06:39:58] "GET /api/data/ohlc?symbol=TLKM HTTP/1.1" 200 -
2026-08-27 06:39:58,034 | INFO | werkzeug | 172.18.0.1 - - [27/Aug/2026 06:39:58] "GET /api/data/ohlc?symbol=PTBA HTTP/1.1" 200 -
2026-08-27 06:39:58,039 | INFO | werkzeug | 172.18.0.1 - - [27/Aug/2026 06:39:58] "GET /api/data/ohlc?symbol=BBCA HTTP/1.1" 200 -
2026-08-27 06:39:58,040 | INFO | werkzeug | 172.18.0.1 - - [27/Aug/2026 06:39:58] "GET /api/data/ohlc?symbol=ANTM HTTP/1.1" 200 -
2026-08-27 06:39:58,072 | INFO | werkzeug | 172.18.0.1 - - [27/Aug/2026 06:39:58] "GET /api/data/ohlc?symbol=NSSS HTTP/1.1" 200 -
2026-08-27 06:39:58,088 | INFO | werkzeug | 172.18.0.1 - - [27/Aug/2026 06:39:58] "GET /api/data/majorholder?symbol=BBNI HTTP/1.1" 200 -
2026-08-27 06:39:58,089 | INFO | werkzeug | 172.18.0.1 - - [27/Aug/2026 06:39:58] "GET /api/data/ohlc?symbol=GOTO HTTP/1.1" 200 -
2026-08-27 06:39:58,089 | INFO | werkzeug | 172.18.0.1 - - [27/Aug/2026 06:39:58] "GET /api/data/ohlc?symbol=BBNI HTTP/1.1" 200 -
2026-08-27 06:39:58,090 | INFO | werkzeug | 172.18.0.1 - - [27/Aug/2026 06:39:58] "GET /api/data/broker-activity?symbol=BBNI HTTP/1.1" 200 -
2026-08-27 06:39:58,095 | INFO | werkzeug | 172.18.0.1 - - [27/Aug/2026 06:39:58] "GET /api/data/stock-info?symbol=BBNI HTTP/1.1" 200 -
2026-08-27 06:39:58,120 | INFO | werkzeug | 172.18.0.1 - - [27/Aug/2026 06:39:58] "GET /api/prescriptive/results?symbol=BBNI HTTP/1.1" 200 -
2026-08-27 06:39:58,133 | INFO | werkzeug | 172.18.0.1 - - [27/Aug/2026 06:39:58] "GET /api/data/technical?symbol=BBNI HTTP/1.1" 200 -
2026-08-27 06:39:58,134 | INFO | werkzeug | 172.18.0.1 - - [27/Aug/2026 06:39:58] "GET /api/diagnostic/results?symbol=BBNI HTTP/1.1" 200 -
2026-08-27 06:39:58,153 | INFO | werkzeug | 172.18.0.1 - - [27/Aug/2026 06:39:58] "GET /api/data/forecast?symbol=BBNI HTTP/1.1" 200 -
2026-08-27 06:47:51,345 | INFO | werkzeug | 172.18.0.1 - - [27/Aug/2026 06:47:51] "GET /api/diagnostic/results?symbol=BMRI HTTP/1.1" 200 -
2026-08-27 06:48:46,176 | INFO | werkzeug | 172.18.0.1 - - [27/Aug/2026 06:48:46] "GET /api/data/tickers HTTP/1.1" 200 -
2026-08-27 06:48:46,178 | INFO | werkzeug | 172.18.0.1 - - [27/Aug/2026 06:48:46] "GET /api/data/tickers HTTP/1.1" 200 -
2026-08-27 06:48:46,212 | INFO | werkzeug | 172.18.0.1 - - [27/Aug/2026 06:48:46] "GET /users/1/watchlists HTTP/1.1" 200 -
2026-08-27 06:48:47,814 | INFO | werkzeug | 172.18.0.1 - - [27/Aug/2026 06:48:47] "GET /api/data/ohlc?symbol=BBCA HTTP/1.1" 200 -
2026-08-27 06:48:47,840 | INFO | werkzeug | 172.18.0.1 - - [27/Aug/2026 06:48:47] "GET /api/data/ohlc?symbol=TLKM HTTP/1.1" 200 -
2026-08-27 06:48:47,841 | INFO | werkzeug | 172.18.0.1 - - [27/Aug/2026 06:48:47] "GET /api/data/ohlc?symbol=BBRI HTTP/1.1" 200 -
2026-08-27 06:48:47,842 | INFO | werkzeug | 172.18.0.1 - - [27/Aug/2026 06:48:47] "GET /api/data/ohlc?symbol=ANTM HTTP/1.1" 200 -
2026-08-27 06:48:47,861 | INFO | werkzeug | 172.18.0.1 - - [27/Aug/2026 06:48:47] "GET /api/data/ohlc?symbol=BMRI HTTP/1.1" 200 -
2026-08-27 06:48:47,874 | INFO | werkzeug | 172.18.0.1 - - [27/Aug/2026 06:48:47] "GET /api/data/ohlc?symbol=BBCA HTTP/1.1" 200 -
2026-08-27 06:48:47,875 | INFO | werkzeug | 172.18.0.1 - - [27/Aug/2026 06:48:47] "GET /api/data/ohlc?symbol=PTBA HTTP/1.1" 200 -
2026-08-27 06:48:47,886 | INFO | werkzeug | 172.18.0.1 - - [27/Aug/2026 06:48:47] "GET /api/data/ohlc?symbol=BBRI HTTP/1.1" 200 -
2026-08-27 06:48:47,932 | INFO | werkzeug | 172.18.0.1 - - [27/Aug/2026 06:48:47] "GET /api/data/ohlc?symbol=BMRI HTTP/1.1" 200 -
2026-08-27 06:48:47,933 | INFO | werkzeug | 172.18.0.1 - - [27/Aug/2026 06:48:47] "GET /api/data/ohlc?symbol=BJBR HTTP/1.1" 200 -
2026-08-27 06:48:47,938 | INFO | werkzeug | 172.18.0.1 - - [27/Aug/2026 06:48:47] "GET /api/data/ohlc?symbol=BBNI HTTP/1.1" 200 -
2026-08-27 06:48:47,945 | INFO | werkzeug | 172.18.0.1 - - [27/Aug/2026 06:48:47] "GET /api/data/ohlc?symbol=NSSS HTTP/1.1" 200 -
2026-08-27 06:48:47,947 | INFO | werkzeug | 172.18.0.1 - - [27/Aug/2026 06:48:47] "GET /api/data/majorholder?symbol=BBNI HTTP/1.1" 200 -
2026-08-27 06:48:47,960 | INFO | werkzeug | 172.18.0.1 - - [27/Aug/2026 06:48:47] "GET /api/data/ohlc?symbol=TLKM HTTP/1.1" 200 -
2026-08-27 06:48:47,966 | INFO | werkzeug | 172.18.0.1 - - [27/Aug/2026 06:48:47] "GET /api/data/ohlc?symbol=GOTO HTTP/1.1" 200 -
2026-08-27 06:48:47,969 | INFO | werkzeug | 172.18.0.1 - - [27/Aug/2026 06:48:47] "GET /api/data/ohlc?symbol=BBNI HTTP/1.1" 200 -
2026-08-27 06:48:47,969 | INFO | werkzeug | 172.18.0.1 - - [27/Aug/2026 06:48:47] "GET /api/data/stock-info?symbol=BBNI HTTP/1.1" 200 -
2026-08-27 06:48:47,978 | INFO | werkzeug | 172.18.0.1 - - [27/Aug/2026 06:48:47] "GET /api/data/ohlc?symbol=ASII HTTP/1.1" 200 -
2026-08-27 06:48:47,994 | INFO | werkzeug | 172.18.0.1 - - [27/Aug/2026 06:48:47] "GET /api/data/broker-activity?symbol=BBNI HTTP/1.1" 200 -
2026-08-27 06:48:48,020 | INFO | werkzeug | 172.18.0.1 - - [27/Aug/2026 06:48:48] "GET /api/data/ohlc?symbol=ANTM HTTP/1.1" 200 -
2026-08-27 06:48:48,022 | INFO | werkzeug | 172.18.0.1 - - [27/Aug/2026 06:48:48] "GET /api/data/ohlc?symbol=GOTO HTTP/1.1" 200 -
2026-08-27 06:48:48,038 | INFO | werkzeug | 172.18.0.1 - - [27/Aug/2026 06:48:48] "GET /api/data/technical?symbol=BBNI HTTP/1.1" 200 -
2026-08-27 06:48:48,047 | INFO | werkzeug | 172.18.0.1 - - [27/Aug/2026 06:48:48] "GET /api/prescriptive/results?symbol=BBNI HTTP/1.1" 200 -
2026-08-27 06:48:48,055 | INFO | werkzeug | 172.18.0.1 - - [27/Aug/2026 06:48:48] "GET /api/diagnostic/results?symbol=BBNI HTTP/1.1" 200 -
2026-08-27 06:48:48,074 | INFO | werkzeug | 172.18.0.1 - - [27/Aug/2026 06:48:48] "GET /api/data/forecast?symbol=BBNI HTTP/1.1" 200 -
2026-08-27 06:57:34,144 | INFO | werkzeug | 172.18.0.1 - - [27/Aug/2026 06:57:34] "GET /api/data/tickers HTTP/1.1" 200 -
2026-08-27 06:57:34,559 | INFO | werkzeug | 172.18.0.1 - - [27/Aug/2026 06:57:34] "GET /api/data/ohlc?symbol=BBNI HTTP/1.1" 200 -
2026-08-27 06:57:34,571 | INFO | werkzeug | 172.18.0.1 - - [27/Aug/2026 06:57:34] "GET /api/data/ohlc?symbol=BBCA HTTP/1.1" 200 -
2026-08-27 06:57:34,576 | INFO | werkzeug | 172.18.0.1 - - [27/Aug/2026 06:57:34] "GET /api/data/ohlc?symbol=BBRI HTTP/1.1" 200 -
2026-08-27 06:57:34,592 | INFO | werkzeug | 172.18.0.1 - - [27/Aug/2026 06:57:34] "GET /api/data/ohlc?symbol=BMRI HTTP/1.1" 200 -
2026-08-27 06:57:34,600 | INFO | werkzeug | 172.18.0.1 - - [27/Aug/2026 06:57:34] "GET /api/data/ohlc?symbol=TLKM HTTP/1.1" 200 -
2026-08-27 06:57:34,602 | INFO | werkzeug | 172.18.0.1 - - [27/Aug/2026 06:57:34] "GET /api/data/ohlc?symbol=BJBR HTTP/1.1" 200 -
2026-08-27 06:57:34,631 | INFO | werkzeug | 172.18.0.1 - - [27/Aug/2026 06:57:34] "GET /api/data/ohlc?symbol=ASII HTTP/1.1" 200 -
2026-08-27 06:57:34,639 | INFO | werkzeug | 172.18.0.1 - - [27/Aug/2026 06:57:34] "GET /api/data/ohlc?symbol=ANTM HTTP/1.1" 200 -
2026-08-27 06:57:34,643 | INFO | werkzeug | 172.18.0.1 - - [27/Aug/2026 06:57:34] "GET /api/data/ohlc?symbol=GOTO HTTP/1.1" 200 -
2026-08-27 06:59:32,601 | INFO | Bootstrap | [Bootstrap] Memulai inisialisasi otomatis StockVision di background...
2026-08-27 06:59:32,610 | INFO | werkzeug | [31m[1mWARNING: This is a development server. Do not use it in a production deployment. Use a production WSGI server instead.[0m
 * Running on all addresses (0.0.0.0)
 * Running on http://127.0.0.1:8080
 * Running on http://172.18.0.3:8080
2026-08-27 06:59:32,613 | INFO | werkzeug | [33mPress CTRL+C to quit[0m
2026-08-27 06:59:35,659 | INFO | Bootstrap | [Bootstrap] trading_calendar sudah berisi 365 hari trading.
2026-08-27 06:59:35,705 | INFO | Bootstrap | [Bootstrap] idx_company_list sudah berisi 941 emiten.
2026-08-27 06:59:35,867 | INFO | Bootstrap | [Bootstrap] ohlc_forecasting sudah memiliki 1011086 baris data.
2026-08-27 06:59:35,876 | INFO | Bootstrap | [Bootstrap] insider_activity sudah berisi 84 baris data.
2026-08-27 06:59:35,885 | INFO | Bootstrap | [Bootstrap] stock_forecasting sudah berisi 56 baris data.
2026-08-27 06:59:35,887 | INFO | Bootstrap | [Bootstrap] Daily Forecast Cron aktif (berjalan setiap hari pukul 02:00 WIB).
2026-08-27 06:59:35,888 | INFO | Bootstrap | [Bootstrap] Inisialisasi background selesai. Seluruh sistem siap!
2026-08-27 06:59:51,441 | INFO | werkzeug | 172.18.0.1 - - [27/Aug/2026 06:59:51] "[33mPOST /api/users/1/change-password HTTP/1.1[0m" 404 -
2026-08-27 06:59:51,514 | INFO | werkzeug | 172.18.0.1 - - [27/Aug/2026 06:59:51] "[33mPOST /api/users/1/change-password HTTP/1.1[0m" 404 -
2026-08-27 06:59:51,596 | INFO | werkzeug | 172.18.0.1 - - [27/Aug/2026 06:59:51] "[33mPOST /api/users/1/change-password HTTP/1.1[0m" 404 -
2026-08-27 06:59:51,698 | INFO | werkzeug | 172.18.0.1 - - [27/Aug/2026 06:59:51] "[33mPOST /api/users/1/change-password HTTP/1.1[0m" 404 -
2026-08-27 06:59:51,775 | INFO | werkzeug | 172.18.0.1 - - [27/Aug/2026 06:59:51] "[33mPOST /api/users/1/change-password HTTP/1.1[0m" 404 -
2026-08-27 06:59:51,849 | INFO | werkzeug | 172.18.0.1 - - [27/Aug/2026 06:59:51] "[33mPOST /api/users/1/change-password HTTP/1.1[0m" 404 -
2026-08-27 06:59:51,932 | INFO | werkzeug | 172.18.0.1 - - [27/Aug/2026 06:59:51] "[33mPOST /api/users/1/change-password HTTP/1.1[0m" 404 -
2026-08-27 06:59:52,003 | INFO | werkzeug | 172.18.0.1 - - [27/Aug/2026 06:59:52] "[33mPOST /api/users/1/change-password HTTP/1.1[0m" 404 -
2026-08-27 06:59:52,092 | INFO | werkzeug | 172.18.0.1 - - [27/Aug/2026 06:59:52] "[33mPOST /api/users/999999/change-password HTTP/1.1[0m" 404 -
2026-08-27 06:59:52,173 | INFO | werkzeug | 172.18.0.1 - - [27/Aug/2026 06:59:52] "[33mPOST /api/users/999999/change-password HTTP/1.1[0m" 404 -
2026-08-27 07:00:15,413 | INFO | werkzeug | 172.18.0.1 - - [27/Aug/2026 07:00:15] "[33mGET /api/users/1 HTTP/1.1[0m" 404 -
2026-08-27 07:00:24,317 | INFO | werkzeug | 172.18.0.1 - - [27/Aug/2026 07:00:24] "GET /users/1 HTTP/1.1" 200 -
2026-08-27 07:00:34,076 | INFO | werkzeug | 172.18.0.1 - - [27/Aug/2026 07:00:34] "[31m[1mPOST /users/1/change-password HTTP/1.1[0m" 401 -
2026-08-27 07:00:34,325 | INFO | werkzeug | 172.18.0.1 - - [27/Aug/2026 07:00:34] "[31m[1mPOST /users/1/change-password HTTP/1.1[0m" 400 -
2026-08-27 07:00:34,462 | INFO | werkzeug | 172.18.0.1 - - [27/Aug/2026 07:00:34] "[31m[1mPOST /users/1/change-password HTTP/1.1[0m" 400 -
2026-08-27 07:00:34,630 | INFO | werkzeug | 172.18.0.1 - - [27/Aug/2026 07:00:34] "[31m[1mPOST /users/1/change-password HTTP/1.1[0m" 400 -
2026-08-27 07:00:34,880 | INFO | werkzeug | 172.18.0.1 - - [27/Aug/2026 07:00:34] "[33mPOST /users/999999/change-password HTTP/1.1[0m" 404 -
2026-08-27 07:00:48,669 | INFO | werkzeug | 172.18.0.1 - - [27/Aug/2026 07:00:48] "POST /users/1/change-password HTTP/1.1" 200 -
2026-08-27 07:00:48,983 | INFO | werkzeug | 172.18.0.1 - - [27/Aug/2026 07:00:48] "[31m[1mPOST /users/login HTTP/1.1[0m" 401 -
2026-08-27 07:00:49,289 | INFO | werkzeug | 172.18.0.1 - - [27/Aug/2026 07:00:49] "POST /users/login HTTP/1.1" 200 -
2026-08-27 07:00:56,728 | INFO | werkzeug | 172.18.0.1 - - [27/Aug/2026 07:00:56] "POST /users/1/change-password HTTP/1.1" 200 -
2026-08-27 07:00:57,050 | INFO | werkzeug | 172.18.0.1 - - [27/Aug/2026 07:00:57] "POST /users/login HTTP/1.1" 200 -
2026-08-27 07:01:15,260 | INFO | werkzeug | 172.18.0.1 - - [27/Aug/2026 07:01:15] "GET /users/1/watchlists HTTP/1.1" 200 -
2026-08-27 07:01:15,275 | INFO | werkzeug | 172.18.0.1 - - [27/Aug/2026 07:01:15] "GET /api/data/tickers HTTP/1.1" 200 -
2026-08-27 07:01:15,463 | INFO | werkzeug | 172.18.0.1 - - [27/Aug/2026 07:01:15] "GET /api/data/ohlc?symbol=BBRI HTTP/1.1" 200 -
2026-08-27 07:01:15,478 | INFO | werkzeug | 172.18.0.1 - - [27/Aug/2026 07:01:15] "GET /api/data/ohlc?symbol=BMRI HTTP/1.1" 200 -
2026-08-27 07:01:15,478 | INFO | werkzeug | 172.18.0.1 - - [27/Aug/2026 07:01:15] "GET /api/data/ohlc?symbol=BBCA HTTP/1.1" 200 -
2026-08-27 07:01:15,494 | INFO | werkzeug | 172.18.0.1 - - [27/Aug/2026 07:01:15] "GET /api/data/ohlc?symbol=ANTM HTTP/1.1" 200 -
2026-08-27 07:01:15,499 | INFO | werkzeug | 172.18.0.1 - - [27/Aug/2026 07:01:15] "GET /api/data/ohlc?symbol=TLKM HTTP/1.1" 200 -
2026-08-27 07:01:15,515 | INFO | werkzeug | 172.18.0.1 - - [27/Aug/2026 07:01:15] "GET /api/data/ohlc?symbol=PTBA HTTP/1.1" 200 -
2026-08-27 07:01:15,538 | INFO | werkzeug | 172.18.0.1 - - [27/Aug/2026 07:01:15] "GET /api/data/ohlc?symbol=NSSS HTTP/1.1" 200 -
2026-08-27 07:01:15,549 | INFO | werkzeug | 172.18.0.1 - - [27/Aug/2026 07:01:15] "GET /api/data/broker-activity?symbol=BBNI HTTP/1.1" 200 -
2026-08-27 07:01:15,561 | INFO | werkzeug | 172.18.0.1 - - [27/Aug/2026 07:01:15] "GET /api/data/ohlc?symbol=BBNI HTTP/1.1" 200 -
2026-08-27 07:01:15,564 | INFO | werkzeug | 172.18.0.1 - - [27/Aug/2026 07:01:15] "GET /api/data/tickers HTTP/1.1" 200 -
2026-08-27 07:01:15,565 | INFO | werkzeug | 172.18.0.1 - - [27/Aug/2026 07:01:15] "GET /api/data/ohlc?symbol=GOTO HTTP/1.1" 200 -
2026-08-27 07:01:15,566 | INFO | werkzeug | 172.18.0.1 - - [27/Aug/2026 07:01:15] "GET /api/data/majorholder?symbol=BBNI HTTP/1.1" 200 -
2026-08-27 07:01:15,572 | INFO | werkzeug | 172.18.0.1 - - [27/Aug/2026 07:01:15] "GET /api/data/stock-info?symbol=BBNI HTTP/1.1" 200 -
2026-08-27 07:01:15,600 | INFO | werkzeug | 172.18.0.1 - - [27/Aug/2026 07:01:15] "GET /api/data/technical?symbol=BBNI HTTP/1.1" 200 -
2026-08-27 07:01:15,601 | INFO | werkzeug | 172.18.0.1 - - [27/Aug/2026 07:01:15] "GET /api/diagnostic/results?symbol=BBNI HTTP/1.1" 200 -
2026-08-27 07:01:15,607 | INFO | werkzeug | 172.18.0.1 - - [27/Aug/2026 07:01:15] "GET /api/prescriptive/results?symbol=BBNI HTTP/1.1" 200 -
2026-08-27 07:01:15,616 | INFO | werkzeug | 172.18.0.1 - - [27/Aug/2026 07:01:15] "GET /api/data/tickers HTTP/1.1" 200 -
2026-08-27 07:01:15,659 | INFO | werkzeug | 172.18.0.1 - - [27/Aug/2026 07:01:15] "GET /api/data/forecast?symbol=BBNI HTTP/1.1" 200 -
2026-08-27 07:01:15,673 | INFO | werkzeug | 172.18.0.1 - - [27/Aug/2026 07:01:15] "GET /api/data/ohlc?symbol=BBCA HTTP/1.1" 200 -
2026-08-27 07:01:15,692 | INFO | werkzeug | 172.18.0.1 - - [27/Aug/2026 07:01:15] "GET /api/data/ohlc?symbol=BBNI HTTP/1.1" 200 -
2026-08-27 07:01:15,702 | INFO | werkzeug | 172.18.0.1 - - [27/Aug/2026 07:01:15] "GET /api/data/ohlc?symbol=BBRI HTTP/1.1" 200 -
2026-08-27 07:01:15,709 | INFO | werkzeug | 172.18.0.1 - - [27/Aug/2026 07:01:15] "GET /api/data/ohlc?symbol=BMRI HTTP/1.1" 200 -
2026-08-27 07:01:15,739 | INFO | werkzeug | 172.18.0.1 - - [27/Aug/2026 07:01:15] "GET /api/data/ohlc?symbol=BJBR HTTP/1.1" 200 -
2026-08-27 07:01:15,747 | INFO | werkzeug | 172.18.0.1 - - [27/Aug/2026 07:01:15] "GET /api/data/ohlc?symbol=ASII HTTP/1.1" 200 -
2026-08-27 07:01:15,752 | INFO | werkzeug | 172.18.0.1 - - [27/Aug/2026 07:01:15] "GET /api/data/ohlc?symbol=TLKM HTTP/1.1" 200 -
2026-08-27 07:01:15,772 | INFO | werkzeug | 172.18.0.1 - - [27/Aug/2026 07:01:15] "GET /api/data/ohlc?symbol=GOTO HTTP/1.1" 200 -
2026-08-27 07:01:15,774 | INFO | werkzeug | 172.18.0.1 - - [27/Aug/2026 07:01:15] "GET /api/data/ohlc?symbol=ANTM HTTP/1.1" 200 -
2026-08-27 07:01:15,814 | INFO | werkzeug | 172.18.0.1 - - [27/Aug/2026 07:01:15] "GET /api/data/ohlc?symbol=BBNI HTTP/1.1" 200 -
2026-08-27 07:01:15,815 | INFO | werkzeug | 172.18.0.1 - - [27/Aug/2026 07:01:15] "GET /api/data/ohlc?symbol=BBCA HTTP/1.1" 200 -
2026-08-27 07:01:15,822 | INFO | werkzeug | 172.18.0.1 - - [27/Aug/2026 07:01:15] "GET /api/data/ohlc?symbol=BBRI HTTP/1.1" 200 -
2026-08-27 07:01:15,861 | INFO | werkzeug | 172.18.0.1 - - [27/Aug/2026 07:01:15] "GET /api/data/ohlc?symbol=BMRI HTTP/1.1" 200 -
2026-08-27 07:01:15,877 | INFO | werkzeug | 172.18.0.1 - - [27/Aug/2026 07:01:15] "GET /api/data/ohlc?symbol=BJBR HTTP/1.1" 200 -
2026-08-27 07:01:15,885 | INFO | werkzeug | 172.18.0.1 - - [27/Aug/2026 07:01:15] "GET /api/data/ohlc?symbol=TLKM HTTP/1.1" 200 -
2026-08-27 07:01:15,894 | INFO | werkzeug | 172.18.0.1 - - [27/Aug/2026 07:01:15] "GET /api/data/ohlc?symbol=ASII HTTP/1.1" 200 -
2026-08-27 07:01:15,900 | INFO | werkzeug | 172.18.0.1 - - [27/Aug/2026 07:01:15] "GET /api/data/ohlc?symbol=ANTM HTTP/1.1" 200 -
2026-08-27 07:01:15,912 | INFO | werkzeug | 172.18.0.1 - - [27/Aug/2026 07:01:15] "GET /api/data/ohlc?symbol=GOTO HTTP/1.1" 200 -
2026-08-27 07:05:33,875 | INFO | werkzeug | 172.18.0.1 - - [27/Aug/2026 07:05:33] "GET /api/data/tickers HTTP/1.1" 200 -
2026-08-27 07:05:34,043 | INFO | werkzeug | 172.18.0.1 - - [27/Aug/2026 07:05:34] "GET /users/1/watchlists HTTP/1.1" 200 -
2026-08-27 07:05:34,612 | INFO | werkzeug | 172.18.0.1 - - [27/Aug/2026 07:05:34] "GET /api/data/ohlc?symbol=BBRI HTTP/1.1" 200 -
2026-08-27 07:05:34,619 | INFO | werkzeug | 172.18.0.1 - - [27/Aug/2026 07:05:34] "GET /api/data/ohlc?symbol=BMRI HTTP/1.1" 200 -
2026-08-27 07:05:34,630 | INFO | werkzeug | 172.18.0.1 - - [27/Aug/2026 07:05:34] "GET /api/data/ohlc?symbol=BBCA HTTP/1.1" 200 -
2026-08-27 07:05:34,639 | INFO | werkzeug | 172.18.0.1 - - [27/Aug/2026 07:05:34] "GET /api/data/ohlc?symbol=ANTM HTTP/1.1" 200 -
2026-08-27 07:05:34,647 | INFO | werkzeug | 172.18.0.1 - - [27/Aug/2026 07:05:34] "GET /api/data/ohlc?symbol=TLKM HTTP/1.1" 200 -
2026-08-27 07:05:34,655 | INFO | werkzeug | 172.18.0.1 - - [27/Aug/2026 07:05:34] "GET /api/data/ohlc?symbol=PTBA HTTP/1.1" 200 -
2026-08-27 07:05:34,662 | INFO | werkzeug | 172.18.0.1 - - [27/Aug/2026 07:05:34] "GET /api/data/ohlc?symbol=NSSS HTTP/1.1" 200 -
2026-08-27 07:05:34,672 | INFO | werkzeug | 172.18.0.1 - - [27/Aug/2026 07:05:34] "GET /api/data/ohlc?symbol=GOTO HTTP/1.1" 200 -
2026-08-27 07:05:34,691 | INFO | werkzeug | 172.18.0.1 - - [27/Aug/2026 07:05:34] "GET /api/data/ohlc?symbol=BBNI HTTP/1.1" 200 -
2026-08-27 07:05:34,696 | INFO | werkzeug | 172.18.0.1 - - [27/Aug/2026 07:05:34] "GET /api/data/stock-info?symbol=BBNI HTTP/1.1" 200 -
2026-08-27 07:05:34,701 | INFO | werkzeug | 172.18.0.1 - - [27/Aug/2026 07:05:34] "GET /api/data/majorholder?symbol=BBNI HTTP/1.1" 200 -
2026-08-27 07:05:34,711 | INFO | werkzeug | 172.18.0.1 - - [27/Aug/2026 07:05:34] "GET /api/data/technical?symbol=BBNI HTTP/1.1" 200 -
2026-08-27 07:05:34,723 | INFO | werkzeug | 172.18.0.1 - - [27/Aug/2026 07:05:34] "GET /api/data/broker-activity?symbol=BBNI HTTP/1.1" 200 -
2026-08-27 07:05:34,726 | INFO | werkzeug | 172.18.0.1 - - [27/Aug/2026 07:05:34] "GET /api/prescriptive/results?symbol=BBNI HTTP/1.1" 200 -
2026-08-27 07:05:34,737 | INFO | werkzeug | 172.18.0.1 - - [27/Aug/2026 07:05:34] "GET /api/diagnostic/results?symbol=BBNI HTTP/1.1" 200 -
2026-08-27 07:05:34,747 | INFO | werkzeug | 172.18.0.1 - - [27/Aug/2026 07:05:34] "GET /api/data/forecast?symbol=BBNI HTTP/1.1" 200 -
2026-08-27 07:09:56,218 | INFO | werkzeug | 172.18.0.1 - - [27/Aug/2026 07:09:56] "GET /api/data/ohlc?symbol=BBRI HTTP/1.1" 200 -
2026-08-27 07:09:56,226 | INFO | werkzeug | 172.18.0.1 - - [27/Aug/2026 07:09:56] "GET /api/data/ohlc?symbol=BBNI HTTP/1.1" 200 -
2026-08-27 07:09:56,228 | INFO | werkzeug | 172.18.0.1 - - [27/Aug/2026 07:09:56] "GET /api/data/ohlc?symbol=BMRI HTTP/1.1" 200 -
2026-08-27 07:09:56,242 | INFO | werkzeug | 172.18.0.1 - - [27/Aug/2026 07:09:56] "GET /api/data/ohlc?symbol=BBCA HTTP/1.1" 200 -
2026-08-27 07:09:56,243 | INFO | werkzeug | 172.18.0.1 - - [27/Aug/2026 07:09:56] "GET /api/data/ohlc?symbol=ASII HTTP/1.1" 200 -
2026-08-27 07:09:56,252 | INFO | werkzeug | 172.18.0.1 - - [27/Aug/2026 07:09:56] "GET /api/data/ohlc?symbol=BJBR HTTP/1.1" 200 -
2026-08-27 07:09:56,277 | INFO | werkzeug | 172.18.0.1 - - [27/Aug/2026 07:09:56] "GET /api/data/ohlc?symbol=GOTO HTTP/1.1" 200 -
2026-08-27 07:09:56,290 | INFO | werkzeug | 172.18.0.1 - - [27/Aug/2026 07:09:56] "GET /api/data/ohlc?symbol=TLKM HTTP/1.1" 200 -
2026-08-27 07:09:56,291 | INFO | werkzeug | 172.18.0.1 - - [27/Aug/2026 07:09:56] "GET /api/data/ohlc?symbol=ANTM HTTP/1.1" 200 -
2026-08-27 07:09:59,351 | INFO | werkzeug | 172.18.0.1 - - [27/Aug/2026 07:09:59] "GET /api/data/ohlc?symbol=BBNI HTTP/1.1" 200 -
2026-08-27 07:09:59,359 | INFO | werkzeug | 172.18.0.1 - - [27/Aug/2026 07:09:59] "GET /api/data/ohlc?symbol=BBRI HTTP/1.1" 200 -
2026-08-27 07:09:59,363 | INFO | werkzeug | 172.18.0.1 - - [27/Aug/2026 07:09:59] "GET /api/data/ohlc?symbol=BJBR HTTP/1.1" 200 -
2026-08-27 07:09:59,377 | INFO | werkzeug | 172.18.0.1 - - [27/Aug/2026 07:09:59] "GET /api/data/ohlc?symbol=BBCA HTTP/1.1" 200 -
2026-08-27 07:09:59,378 | INFO | werkzeug | 172.18.0.1 - - [27/Aug/2026 07:09:59] "GET /api/data/ohlc?symbol=BMRI HTTP/1.1" 200 -
2026-08-27 07:09:59,389 | INFO | werkzeug | 172.18.0.1 - - [27/Aug/2026 07:09:59] "GET /api/data/ohlc?symbol=TLKM HTTP/1.1" 200 -
2026-08-27 07:09:59,414 | INFO | werkzeug | 172.18.0.1 - - [27/Aug/2026 07:09:59] "GET /api/data/ohlc?symbol=ASII HTTP/1.1" 200 -
2026-08-27 07:09:59,427 | INFO | werkzeug | 172.18.0.1 - - [27/Aug/2026 07:09:59] "GET /api/data/ohlc?symbol=GOTO HTTP/1.1" 200 -
2026-08-27 07:09:59,428 | INFO | werkzeug | 172.18.0.1 - - [27/Aug/2026 07:09:59] "GET /api/data/ohlc?symbol=ANTM HTTP/1.1" 200 -
2026-08-27 07:10:07,150 | INFO | werkzeug | 172.18.0.1 - - [27/Aug/2026 07:10:07] "OPTIONS /users/login HTTP/1.1" 200 -
2026-08-27 07:10:07,438 | INFO | werkzeug | 172.18.0.1 - - [27/Aug/2026 07:10:07] "POST /users/login HTTP/1.1" 200 -
2026-08-27 07:10:07,474 | INFO | werkzeug | 172.18.0.1 - - [27/Aug/2026 07:10:07] "GET /users/2/watchlists HTTP/1.1" 200 -
2026-08-27 07:10:07,617 | INFO | werkzeug | 172.18.0.1 - - [27/Aug/2026 07:10:07] "GET /api/data/ohlc?symbol=BBRI HTTP/1.1" 200 -
2026-08-27 07:10:07,627 | INFO | werkzeug | 172.18.0.1 - - [27/Aug/2026 07:10:07] "GET /api/data/ohlc?symbol=BMRI HTTP/1.1" 200 -
2026-08-27 07:10:07,629 | INFO | werkzeug | 172.18.0.1 - - [27/Aug/2026 07:10:07] "GET /api/data/ohlc?symbol=BBNI HTTP/1.1" 200 -
2026-08-27 07:10:07,630 | INFO | werkzeug | 172.18.0.1 - - [27/Aug/2026 07:10:07] "GET /api/data/ohlc?symbol=BBCA HTTP/1.1" 200 -
2026-08-27 07:10:07,644 | INFO | werkzeug | 172.18.0.1 - - [27/Aug/2026 07:10:07] "GET /api/data/ohlc?symbol=BJBR HTTP/1.1" 200 -
2026-08-27 07:10:07,645 | INFO | werkzeug | 172.18.0.1 - - [27/Aug/2026 07:10:07] "GET /api/data/ohlc?symbol=TLKM HTTP/1.1" 200 -
2026-08-27 07:10:07,668 | INFO | werkzeug | 172.18.0.1 - - [27/Aug/2026 07:10:07] "GET /api/data/ohlc?symbol=ASII HTTP/1.1" 200 -
2026-08-27 07:10:07,672 | INFO | werkzeug | 172.18.0.1 - - [27/Aug/2026 07:10:07] "GET /api/data/majorholder?symbol=BBCA HTTP/1.1" 200 -
2026-08-27 07:10:07,694 | INFO | werkzeug | 172.18.0.1 - - [27/Aug/2026 07:10:07] "GET /api/data/broker-activity?symbol=BBCA HTTP/1.1" 200 -
2026-08-27 07:10:07,696 | INFO | werkzeug | 172.18.0.1 - - [27/Aug/2026 07:10:07] "GET /api/data/ohlc?symbol=GOTO HTTP/1.1" 200 -
2026-08-27 07:10:07,697 | INFO | werkzeug | 172.18.0.1 - - [27/Aug/2026 07:10:07] "GET /api/data/ohlc?symbol=ANTM HTTP/1.1" 200 -
2026-08-27 07:10:07,698 | INFO | werkzeug | 172.18.0.1 - - [27/Aug/2026 07:10:07] "GET /api/data/stock-info?symbol=BBCA HTTP/1.1" 200 -
2026-08-27 07:10:07,725 | INFO | werkzeug | 172.18.0.1 - - [27/Aug/2026 07:10:07] "GET /api/data/technical?symbol=BBCA HTTP/1.1" 200 -
2026-08-27 07:10:07,726 | INFO | werkzeug | 172.18.0.1 - - [27/Aug/2026 07:10:07] "GET /api/prescriptive/results?symbol=BBCA HTTP/1.1" 200 -
2026-08-27 07:10:07,727 | INFO | werkzeug | 172.18.0.1 - - [27/Aug/2026 07:10:07] "GET /api/diagnostic/results?symbol=BBCA HTTP/1.1" 200 -
2026-08-27 07:10:07,742 | INFO | werkzeug | 172.18.0.1 - - [27/Aug/2026 07:10:07] "GET /api/data/ohlc?symbol=BBCA HTTP/1.1" 200 -
2026-08-27 07:10:07,748 | INFO | werkzeug | 172.18.0.1 - - [27/Aug/2026 07:10:07] "GET /api/data/forecast?symbol=BBCA HTTP/1.1" 200 -
2026-08-27 07:10:12,662 | INFO | werkzeug | 172.18.0.1 - - [27/Aug/2026 07:10:12] "OPTIONS /admin/users HTTP/1.1" 200 -
2026-08-27 07:10:12,668 | INFO | werkzeug | 172.18.0.1 - - [27/Aug/2026 07:10:12] "OPTIONS /admin/activity HTTP/1.1" 200 -
2026-08-27 07:10:12,721 | ERROR | app | Exception on /admin/users [GET]
Traceback (most recent call last):
  File "/usr/local/lib/python3.12/site-packages/flask/app.py", line 1511, in wsgi_app
    response = self.full_dispatch_request()
               ^^^^^^^^^^^^^^^^^^^^^^^^^^^^
  File "/usr/local/lib/python3.12/site-packages/flask/app.py", line 919, in full_dispatch_request
    rv = self.handle_user_exception(e)
         ^^^^^^^^^^^^^^^^^^^^^^^^^^^^^
  File "/usr/local/lib/python3.12/site-packages/flask_cors/extension.py", line 206, in wrapped_function
    return cors_after_request(app_any.make_response(f(*args, **kwargs)))
                                                    ^^^^^^^^^^^^^^^^^^
  File "/usr/local/lib/python3.12/site-packages/flask/app.py", line 917, in full_dispatch_request
    rv = self.dispatch_request()
         ^^^^^^^^^^^^^^^^^^^^^^^
  File "/usr/local/lib/python3.12/site-packages/flask/app.py", line 902, in dispatch_request
    return self.ensure_sync(self.view_functions[rule.endpoint])(**view_args)  # type: ignore[no-any-return]
           ^^^^^^^^^^^^^^^^^^^^^^^^^^^^^^^^^^^^^^^^^^^^^^^^^^^^^^^^^^^^^^^^^
  File "/app/admin_routes.py", line 230, in admin_get_users
    ensure_admin_tables()
  File "/app/admin_routes.py", line 63, in ensure_admin_tables
    cur.execute("""
psycopg2.errors.UndefinedColumn: column "role" does not exist
LINE 3:         SELECT DISTINCT role
                                ^

2026-08-27 07:10:12,741 | ERROR | app | Exception on /admin/activity [GET]
Traceback (most recent call last):
  File "/usr/local/lib/python3.12/site-packages/flask/app.py", line 1511, in wsgi_app
    response = self.full_dispatch_request()
               ^^^^^^^^^^^^^^^^^^^^^^^^^^^^
  File "/usr/local/lib/python3.12/site-packages/flask/app.py", line 919, in full_dispatch_request
    rv = self.handle_user_exception(e)
         ^^^^^^^^^^^^^^^^^^^^^^^^^^^^^
  File "/usr/local/lib/python3.12/site-packages/flask_cors/extension.py", line 206, in wrapped_function
    return cors_after_request(app_any.make_response(f(*args, **kwargs)))
                                                    ^^^^^^^^^^^^^^^^^^
  File "/usr/local/lib/python3.12/site-packages/flask/app.py", line 917, in full_dispatch_request
    rv = self.dispatch_request()
         ^^^^^^^^^^^^^^^^^^^^^^^
  File "/usr/local/lib/python3.12/site-packages/flask/app.py", line 902, in dispatch_request
    return self.ensure_sync(self.view_functions[rule.endpoint])(**view_args)  # type: ignore[no-any-return]
           ^^^^^^^^^^^^^^^^^^^^^^^^^^^^^^^^^^^^^^^^^^^^^^^^^^^^^^^^^^^^^^^^^
  File "/app/admin_routes.py", line 936, in admin_get_activity
    ensure_admin_tables()
  File "/app/admin_routes.py", line 63, in ensure_admin_tables
    cur.execute("""
psycopg2.errors.UndefinedColumn: column "role" does not exist
LINE 3:         SELECT DISTINCT role
                                ^

2026-08-27 07:10:12,745 | INFO | werkzeug | 172.18.0.1 - - [27/Aug/2026 07:10:12] "[35m[1mGET /admin/users HTTP/1.1[0m" 500 -
2026-08-27 07:10:12,750 | INFO | werkzeug | 172.18.0.1 - - [27/Aug/2026 07:10:12] "[35m[1mGET /admin/activity HTTP/1.1[0m" 500 -
2026-08-27 07:10:17,742 | ERROR | app | Exception on /admin/users [GET]
Traceback (most recent call last):
  File "/usr/local/lib/python3.12/site-packages/flask/app.py", line 1511, in wsgi_app
    response = self.full_dispatch_request()
               ^^^^^^^^^^^^^^^^^^^^^^^^^^^^
  File "/usr/local/lib/python3.12/site-packages/flask/app.py", line 919, in full_dispatch_request
    rv = self.handle_user_exception(e)
         ^^^^^^^^^^^^^^^^^^^^^^^^^^^^^
  File "/usr/local/lib/python3.12/site-packages/flask_cors/extension.py", line 206, in wrapped_function
    return cors_after_request(app_any.make_response(f(*args, **kwargs)))
                                                    ^^^^^^^^^^^^^^^^^^
  File "/usr/local/lib/python3.12/site-packages/flask/app.py", line 917, in full_dispatch_request
    rv = self.dispatch_request()
         ^^^^^^^^^^^^^^^^^^^^^^^
  File "/usr/local/lib/python3.12/site-packages/flask/app.py", line 902, in dispatch_request
    return self.ensure_sync(self.view_functions[rule.endpoint])(**view_args)  # type: ignore[no-any-return]
           ^^^^^^^^^^^^^^^^^^^^^^^^^^^^^^^^^^^^^^^^^^^^^^^^^^^^^^^^^^^^^^^^^
  File "/app/admin_routes.py", line 230, in admin_get_users
    ensure_admin_tables()
  File "/app/admin_routes.py", line 63, in ensure_admin_tables
    cur.execute("""
psycopg2.errors.UndefinedColumn: column "role" does not exist
LINE 3:         SELECT DISTINCT role
                                ^

2026-08-27 07:10:17,751 | INFO | werkzeug | 172.18.0.1 - - [27/Aug/2026 07:10:17] "[35m[1mGET /admin/users HTTP/1.1[0m" 500 -
2026-08-27 07:10:17,776 | ERROR | app | Exception on /admin/activity [GET]
Traceback (most recent call last):
  File "/usr/local/lib/python3.12/site-packages/flask/app.py", line 1511, in wsgi_app
    response = self.full_dispatch_request()
               ^^^^^^^^^^^^^^^^^^^^^^^^^^^^
  File "/usr/local/lib/python3.12/site-packages/flask/app.py", line 919, in full_dispatch_request
    rv = self.handle_user_exception(e)
         ^^^^^^^^^^^^^^^^^^^^^^^^^^^^^
  File "/usr/local/lib/python3.12/site-packages/flask_cors/extension.py", line 206, in wrapped_function
    return cors_after_request(app_any.make_response(f(*args, **kwargs)))
                                                    ^^^^^^^^^^^^^^^^^^
  File "/usr/local/lib/python3.12/site-packages/flask/app.py", line 917, in full_dispatch_request
    rv = self.dispatch_request()
         ^^^^^^^^^^^^^^^^^^^^^^^
  File "/usr/local/lib/python3.12/site-packages/flask/app.py", line 902, in dispatch_request
    return self.ensure_sync(self.view_functions[rule.endpoint])(**view_args)  # type: ignore[no-any-return]
           ^^^^^^^^^^^^^^^^^^^^^^^^^^^^^^^^^^^^^^^^^^^^^^^^^^^^^^^^^^^^^^^^^
  File "/app/admin_routes.py", line 936, in admin_get_activity
    ensure_admin_tables()
  File "/app/admin_routes.py", line 63, in ensure_admin_tables
    cur.execute("""
psycopg2.errors.UndefinedColumn: column "role" does not exist
LINE 3:         SELECT DISTINCT role
                                ^

2026-08-27 07:10:17,784 | INFO | werkzeug | 172.18.0.1 - - [27/Aug/2026 07:10:17] "[35m[1mGET /admin/activity HTTP/1.1[0m" 500 -
2026-08-27 07:11:00,303 | INFO | werkzeug | 172.18.0.1 - - [27/Aug/2026 07:11:00] "OPTIONS /admin/activity HTTP/1.1" 200 -
2026-08-27 07:11:00,305 | INFO | werkzeug | 172.18.0.1 - - [27/Aug/2026 07:11:00] "OPTIONS /admin/users HTTP/1.1" 200 -
2026-08-27 07:11:00,394 | ERROR | app | Exception on /admin/activity [GET]
Traceback (most recent call last):
  File "/usr/local/lib/python3.12/site-packages/flask/app.py", line 1511, in wsgi_app
    response = self.full_dispatch_request()
               ^^^^^^^^^^^^^^^^^^^^^^^^^^^^
  File "/usr/local/lib/python3.12/site-packages/flask/app.py", line 919, in full_dispatch_request
    rv = self.handle_user_exception(e)
         ^^^^^^^^^^^^^^^^^^^^^^^^^^^^^
  File "/usr/local/lib/python3.12/site-packages/flask_cors/extension.py", line 206, in wrapped_function
    return cors_after_request(app_any.make_response(f(*args, **kwargs)))
                                                    ^^^^^^^^^^^^^^^^^^
  File "/usr/local/lib/python3.12/site-packages/flask/app.py", line 917, in full_dispatch_request
    rv = self.dispatch_request()
         ^^^^^^^^^^^^^^^^^^^^^^^
  File "/usr/local/lib/python3.12/site-packages/flask/app.py", line 902, in dispatch_request
    return self.ensure_sync(self.view_functions[rule.endpoint])(**view_args)  # type: ignore[no-any-return]
           ^^^^^^^^^^^^^^^^^^^^^^^^^^^^^^^^^^^^^^^^^^^^^^^^^^^^^^^^^^^^^^^^^
  File "/app/admin_routes.py", line 936, in admin_get_activity
    ensure_admin_tables()
  File "/app/admin_routes.py", line 63, in ensure_admin_tables
    cur.execute("""
psycopg2.errors.UndefinedColumn: column "role" does not exist
LINE 3:         SELECT DISTINCT role
                                ^

2026-08-27 07:11:00,421 | INFO | werkzeug | 172.18.0.1 - - [27/Aug/2026 07:11:00] "[35m[1mGET /admin/activity HTTP/1.1[0m" 500 -
2026-08-27 07:11:00,442 | ERROR | app | Exception on /admin/users [GET]
Traceback (most recent call last):
  File "/usr/local/lib/python3.12/site-packages/flask/app.py", line 1511, in wsgi_app
    response = self.full_dispatch_request()
               ^^^^^^^^^^^^^^^^^^^^^^^^^^^^
  File "/usr/local/lib/python3.12/site-packages/flask/app.py", line 919, in full_dispatch_request
    rv = self.handle_user_exception(e)
         ^^^^^^^^^^^^^^^^^^^^^^^^^^^^^
  File "/usr/local/lib/python3.12/site-packages/flask_cors/extension.py", line 206, in wrapped_function
    return cors_after_request(app_any.make_response(f(*args, **kwargs)))
                                                    ^^^^^^^^^^^^^^^^^^
  File "/usr/local/lib/python3.12/site-packages/flask/app.py", line 917, in full_dispatch_request
    rv = self.dispatch_request()
         ^^^^^^^^^^^^^^^^^^^^^^^
  File "/usr/local/lib/python3.12/site-packages/flask/app.py", line 902, in dispatch_request
    return self.ensure_sync(self.view_functions[rule.endpoint])(**view_args)  # type: ignore[no-any-return]
           ^^^^^^^^^^^^^^^^^^^^^^^^^^^^^^^^^^^^^^^^^^^^^^^^^^^^^^^^^^^^^^^^^
  File "/app/admin_routes.py", line 230, in admin_get_users
    ensure_admin_tables()
  File "/app/admin_routes.py", line 63, in ensure_admin_tables
    cur.execute("""
psycopg2.errors.UndefinedColumn: column "role" does not exist
LINE 3:         SELECT DISTINCT role
                                ^

2026-08-27 07:11:00,450 | INFO | werkzeug | 172.18.0.1 - - [27/Aug/2026 07:11:00] "[35m[1mGET /admin/users HTTP/1.1[0m" 500 -
2026-08-27 07:11:12,969 | INFO | werkzeug | 172.18.0.1 - - [27/Aug/2026 07:11:12] "OPTIONS /admin/activity HTTP/1.1" 200 -
2026-08-27 07:11:12,970 | INFO | werkzeug | 172.18.0.1 - - [27/Aug/2026 07:11:12] "OPTIONS /admin/users HTTP/1.1" 200 -
2026-08-27 07:11:13,010 | ERROR | app | Exception on /admin/activity [GET]
Traceback (most recent call last):
  File "/usr/local/lib/python3.12/site-packages/flask/app.py", line 1511, in wsgi_app
    response = self.full_dispatch_request()
               ^^^^^^^^^^^^^^^^^^^^^^^^^^^^
  File "/usr/local/lib/python3.12/site-packages/flask/app.py", line 919, in full_dispatch_request
    rv = self.handle_user_exception(e)
         ^^^^^^^^^^^^^^^^^^^^^^^^^^^^^
  File "/usr/local/lib/python3.12/site-packages/flask_cors/extension.py", line 206, in wrapped_function
    return cors_after_request(app_any.make_response(f(*args, **kwargs)))
                                                    ^^^^^^^^^^^^^^^^^^
  File "/usr/local/lib/python3.12/site-packages/flask/app.py", line 917, in full_dispatch_request
    rv = self.dispatch_request()
         ^^^^^^^^^^^^^^^^^^^^^^^
  File "/usr/local/lib/python3.12/site-packages/flask/app.py", line 902, in dispatch_request
    return self.ensure_sync(self.view_functions[rule.endpoint])(**view_args)  # type: ignore[no-any-return]
           ^^^^^^^^^^^^^^^^^^^^^^^^^^^^^^^^^^^^^^^^^^^^^^^^^^^^^^^^^^^^^^^^^
  File "/app/admin_routes.py", line 936, in admin_get_activity
    ensure_admin_tables()
  File "/app/admin_routes.py", line 63, in ensure_admin_tables
    cur.execute("""
psycopg2.errors.UndefinedColumn: column "role" does not exist
LINE 3:         SELECT DISTINCT role
                                ^

2026-08-27 07:11:13,024 | INFO | werkzeug | 172.18.0.1 - - [27/Aug/2026 07:11:13] "[35m[1mGET /admin/activity HTTP/1.1[0m" 500 -
2026-08-27 07:11:13,025 | ERROR | app | Exception on /admin/users [GET]
Traceback (most recent call last):
  File "/usr/local/lib/python3.12/site-packages/flask/app.py", line 1511, in wsgi_app
    response = self.full_dispatch_request()
               ^^^^^^^^^^^^^^^^^^^^^^^^^^^^
  File "/usr/local/lib/python3.12/site-packages/flask/app.py", line 919, in full_dispatch_request
    rv = self.handle_user_exception(e)
         ^^^^^^^^^^^^^^^^^^^^^^^^^^^^^
  File "/usr/local/lib/python3.12/site-packages/flask_cors/extension.py", line 206, in wrapped_function
    return cors_after_request(app_any.make_response(f(*args, **kwargs)))
                                                    ^^^^^^^^^^^^^^^^^^
  File "/usr/local/lib/python3.12/site-packages/flask/app.py", line 917, in full_dispatch_request
    rv = self.dispatch_request()
         ^^^^^^^^^^^^^^^^^^^^^^^
  File "/usr/local/lib/python3.12/site-packages/flask/app.py", line 902, in dispatch_request
    return self.ensure_sync(self.view_functions[rule.endpoint])(**view_args)  # type: ignore[no-any-return]
           ^^^^^^^^^^^^^^^^^^^^^^^^^^^^^^^^^^^^^^^^^^^^^^^^^^^^^^^^^^^^^^^^^
  File "/app/admin_routes.py", line 230, in admin_get_users
    ensure_admin_tables()
  File "/app/admin_routes.py", line 63, in ensure_admin_tables
    cur.execute("""
psycopg2.errors.UndefinedColumn: column "role" does not exist
LINE 3:         SELECT DISTINCT role
                                ^

2026-08-27 07:11:13,036 | INFO | werkzeug | 172.18.0.1 - - [27/Aug/2026 07:11:13] "[35m[1mGET /admin/users HTTP/1.1[0m" 500 -
2026-08-27 07:11:18,077 | ERROR | app | Exception on /admin/users [GET]
Traceback (most recent call last):
  File "/usr/local/lib/python3.12/site-packages/flask/app.py", line 1511, in wsgi_app
    response = self.full_dispatch_request()
               ^^^^^^^^^^^^^^^^^^^^^^^^^^^^
  File "/usr/local/lib/python3.12/site-packages/flask/app.py", line 919, in full_dispatch_request
    rv = self.handle_user_exception(e)
         ^^^^^^^^^^^^^^^^^^^^^^^^^^^^^
  File "/usr/local/lib/python3.12/site-packages/flask_cors/extension.py", line 206, in wrapped_function
    return cors_after_request(app_any.make_response(f(*args, **kwargs)))
                                                    ^^^^^^^^^^^^^^^^^^
  File "/usr/local/lib/python3.12/site-packages/flask/app.py", line 917, in full_dispatch_request
    rv = self.dispatch_request()
         ^^^^^^^^^^^^^^^^^^^^^^^
  File "/usr/local/lib/python3.12/site-packages/flask/app.py", line 902, in dispatch_request
    return self.ensure_sync(self.view_functions[rule.endpoint])(**view_args)  # type: ignore[no-any-return]
           ^^^^^^^^^^^^^^^^^^^^^^^^^^^^^^^^^^^^^^^^^^^^^^^^^^^^^^^^^^^^^^^^^
  File "/app/admin_routes.py", line 230, in admin_get_users
    ensure_admin_tables()
  File "/app/admin_routes.py", line 63, in ensure_admin_tables
    cur.execute("""
psycopg2.errors.UndefinedColumn: column "role" does not exist
LINE 3:         SELECT DISTINCT role
                                ^

2026-08-27 07:11:18,107 | INFO | werkzeug | 172.18.0.1 - - [27/Aug/2026 07:11:18] "[35m[1mGET /admin/users HTTP/1.1[0m" 500 -
2026-08-27 07:11:18,133 | ERROR | app | Exception on /admin/activity [GET]
Traceback (most recent call last):
  File "/usr/local/lib/python3.12/site-packages/flask/app.py", line 1511, in wsgi_app
    response = self.full_dispatch_request()
               ^^^^^^^^^^^^^^^^^^^^^^^^^^^^
  File "/usr/local/lib/python3.12/site-packages/flask/app.py", line 919, in full_dispatch_request
    rv = self.handle_user_exception(e)
         ^^^^^^^^^^^^^^^^^^^^^^^^^^^^^
  File "/usr/local/lib/python3.12/site-packages/flask_cors/extension.py", line 206, in wrapped_function
    return cors_after_request(app_any.make_response(f(*args, **kwargs)))
                                                    ^^^^^^^^^^^^^^^^^^
  File "/usr/local/lib/python3.12/site-packages/flask/app.py", line 917, in full_dispatch_request
    rv = self.dispatch_request()
         ^^^^^^^^^^^^^^^^^^^^^^^
  File "/usr/local/lib/python3.12/site-packages/flask/app.py", line 902, in dispatch_request
    return self.ensure_sync(self.view_functions[rule.endpoint])(**view_args)  # type: ignore[no-any-return]
           ^^^^^^^^^^^^^^^^^^^^^^^^^^^^^^^^^^^^^^^^^^^^^^^^^^^^^^^^^^^^^^^^^
  File "/app/admin_routes.py", line 936, in admin_get_activity
    ensure_admin_tables()
  File "/app/admin_routes.py", line 63, in ensure_admin_tables
    cur.execute("""
psycopg2.errors.UndefinedColumn: column "role" does not exist
LINE 3:         SELECT DISTINCT role
                                ^

2026-08-27 07:11:18,140 | INFO | werkzeug | 172.18.0.1 - - [27/Aug/2026 07:11:18] "[35m[1mGET /admin/activity HTTP/1.1[0m" 500 -
2026-08-27 07:11:22,965 | INFO | werkzeug | 172.18.0.1 - - [27/Aug/2026 07:11:22] "OPTIONS /admin/users HTTP/1.1" 200 -
2026-08-27 07:11:22,966 | INFO | werkzeug | 172.18.0.1 - - [27/Aug/2026 07:11:22] "OPTIONS /admin/activity HTTP/1.1" 200 -
2026-08-27 07:11:22,991 | ERROR | app | Exception on /admin/users [GET]
Traceback (most recent call last):
  File "/usr/local/lib/python3.12/site-packages/flask/app.py", line 1511, in wsgi_app
    response = self.full_dispatch_request()
               ^^^^^^^^^^^^^^^^^^^^^^^^^^^^
  File "/usr/local/lib/python3.12/site-packages/flask/app.py", line 919, in full_dispatch_request
    rv = self.handle_user_exception(e)
         ^^^^^^^^^^^^^^^^^^^^^^^^^^^^^
  File "/usr/local/lib/python3.12/site-packages/flask_cors/extension.py", line 206, in wrapped_function
    return cors_after_request(app_any.make_response(f(*args, **kwargs)))
                                                    ^^^^^^^^^^^^^^^^^^
  File "/usr/local/lib/python3.12/site-packages/flask/app.py", line 917, in full_dispatch_request
    rv = self.dispatch_request()
         ^^^^^^^^^^^^^^^^^^^^^^^
  File "/usr/local/lib/python3.12/site-packages/flask/app.py", line 902, in dispatch_request
    return self.ensure_sync(self.view_functions[rule.endpoint])(**view_args)  # type: ignore[no-any-return]
           ^^^^^^^^^^^^^^^^^^^^^^^^^^^^^^^^^^^^^^^^^^^^^^^^^^^^^^^^^^^^^^^^^
  File "/app/admin_routes.py", line 230, in admin_get_users
    ensure_admin_tables()
  File "/app/admin_routes.py", line 63, in ensure_admin_tables
    cur.execute("""
psycopg2.errors.UndefinedColumn: column "role" does not exist
LINE 3:         SELECT DISTINCT role
                                ^

2026-08-27 07:11:22,994 | INFO | werkzeug | 172.18.0.1 - - [27/Aug/2026 07:11:22] "[35m[1mGET /admin/users HTTP/1.1[0m" 500 -
2026-08-27 07:11:23,005 | ERROR | app | Exception on /admin/activity [GET]
Traceback (most recent call last):
  File "/usr/local/lib/python3.12/site-packages/flask/app.py", line 1511, in wsgi_app
    response = self.full_dispatch_request()
               ^^^^^^^^^^^^^^^^^^^^^^^^^^^^
  File "/usr/local/lib/python3.12/site-packages/flask/app.py", line 919, in full_dispatch_request
    rv = self.handle_user_exception(e)
         ^^^^^^^^^^^^^^^^^^^^^^^^^^^^^
  File "/usr/local/lib/python3.12/site-packages/flask_cors/extension.py", line 206, in wrapped_function
    return cors_after_request(app_any.make_response(f(*args, **kwargs)))
                                                    ^^^^^^^^^^^^^^^^^^
  File "/usr/local/lib/python3.12/site-packages/flask/app.py", line 917, in full_dispatch_request
    rv = self.dispatch_request()
         ^^^^^^^^^^^^^^^^^^^^^^^
  File "/usr/local/lib/python3.12/site-packages/flask/app.py", line 902, in dispatch_request
    return self.ensure_sync(self.view_functions[rule.endpoint])(**view_args)  # type: ignore[no-any-return]
           ^^^^^^^^^^^^^^^^^^^^^^^^^^^^^^^^^^^^^^^^^^^^^^^^^^^^^^^^^^^^^^^^^
  File "/app/admin_routes.py", line 936, in admin_get_activity
    ensure_admin_tables()
  File "/app/admin_routes.py", line 63, in ensure_admin_tables
    cur.execute("""
psycopg2.errors.UndefinedColumn: column "role" does not exist
LINE 3:         SELECT DISTINCT role
                                ^

2026-08-27 07:11:23,008 | INFO | werkzeug | 172.18.0.1 - - [27/Aug/2026 07:11:23] "[35m[1mGET /admin/activity HTTP/1.1[0m" 500 -
2026-08-27 07:11:27,994 | ERROR | app | Exception on /admin/users [GET]
Traceback (most recent call last):
  File "/usr/local/lib/python3.12/site-packages/flask/app.py", line 1511, in wsgi_app
    response = self.full_dispatch_request()
               ^^^^^^^^^^^^^^^^^^^^^^^^^^^^
  File "/usr/local/lib/python3.12/site-packages/flask/app.py", line 919, in full_dispatch_request
    rv = self.handle_user_exception(e)
         ^^^^^^^^^^^^^^^^^^^^^^^^^^^^^
  File "/usr/local/lib/python3.12/site-packages/flask_cors/extension.py", line 206, in wrapped_function
    return cors_after_request(app_any.make_response(f(*args, **kwargs)))
                                                    ^^^^^^^^^^^^^^^^^^
  File "/usr/local/lib/python3.12/site-packages/flask/app.py", line 917, in full_dispatch_request
    rv = self.dispatch_request()
         ^^^^^^^^^^^^^^^^^^^^^^^
  File "/usr/local/lib/python3.12/site-packages/flask/app.py", line 902, in dispatch_request
    return self.ensure_sync(self.view_functions[rule.endpoint])(**view_args)  # type: ignore[no-any-return]
           ^^^^^^^^^^^^^^^^^^^^^^^^^^^^^^^^^^^^^^^^^^^^^^^^^^^^^^^^^^^^^^^^^
  File "/app/admin_routes.py", line 230, in admin_get_users
    ensure_admin_tables()
  File "/app/admin_routes.py", line 63, in ensure_admin_tables
    cur.execute("""
psycopg2.errors.UndefinedColumn: column "role" does not exist
LINE 3:         SELECT DISTINCT role
                                ^

2026-08-27 07:11:27,999 | INFO | werkzeug | 172.18.0.1 - - [27/Aug/2026 07:11:27] "[35m[1mGET /admin/users HTTP/1.1[0m" 500 -
2026-08-27 07:11:28,010 | ERROR | app | Exception on /admin/activity [GET]
Traceback (most recent call last):
  File "/usr/local/lib/python3.12/site-packages/flask/app.py", line 1511, in wsgi_app
    response = self.full_dispatch_request()
               ^^^^^^^^^^^^^^^^^^^^^^^^^^^^
  File "/usr/local/lib/python3.12/site-packages/flask/app.py", line 919, in full_dispatch_request
    rv = self.handle_user_exception(e)
         ^^^^^^^^^^^^^^^^^^^^^^^^^^^^^
  File "/usr/local/lib/python3.12/site-packages/flask_cors/extension.py", line 206, in wrapped_function
    return cors_after_request(app_any.make_response(f(*args, **kwargs)))
                                                    ^^^^^^^^^^^^^^^^^^
  File "/usr/local/lib/python3.12/site-packages/flask/app.py", line 917, in full_dispatch_request
    rv = self.dispatch_request()
         ^^^^^^^^^^^^^^^^^^^^^^^
  File "/usr/local/lib/python3.12/site-packages/flask/app.py", line 902, in dispatch_request
    return self.ensure_sync(self.view_functions[rule.endpoint])(**view_args)  # type: ignore[no-any-return]
           ^^^^^^^^^^^^^^^^^^^^^^^^^^^^^^^^^^^^^^^^^^^^^^^^^^^^^^^^^^^^^^^^^
  File "/app/admin_routes.py", line 936, in admin_get_activity
    ensure_admin_tables()
  File "/app/admin_routes.py", line 63, in ensure_admin_tables
    cur.execute("""
psycopg2.errors.UndefinedColumn: column "role" does not exist
LINE 3:         SELECT DISTINCT role
                                ^

2026-08-27 07:11:28,015 | INFO | werkzeug | 172.18.0.1 - - [27/Aug/2026 07:11:28] "[35m[1mGET /admin/activity HTTP/1.1[0m" 500 -
2026-08-27 07:11:32,989 | INFO | werkzeug | 172.18.0.1 - - [27/Aug/2026 07:11:32] "OPTIONS /admin/users HTTP/1.1" 200 -
2026-08-27 07:11:32,993 | INFO | werkzeug | 172.18.0.1 - - [27/Aug/2026 07:11:32] "OPTIONS /admin/activity HTTP/1.1" 200 -
2026-08-27 07:11:33,072 | ERROR | app | Exception on /admin/users [GET]
Traceback (most recent call last):
  File "/usr/local/lib/python3.12/site-packages/flask/app.py", line 1511, in wsgi_app
    response = self.full_dispatch_request()
               ^^^^^^^^^^^^^^^^^^^^^^^^^^^^
  File "/usr/local/lib/python3.12/site-packages/flask/app.py", line 919, in full_dispatch_request
    rv = self.handle_user_exception(e)
         ^^^^^^^^^^^^^^^^^^^^^^^^^^^^^
  File "/usr/local/lib/python3.12/site-packages/flask_cors/extension.py", line 206, in wrapped_function
    return cors_after_request(app_any.make_response(f(*args, **kwargs)))
                                                    ^^^^^^^^^^^^^^^^^^
  File "/usr/local/lib/python3.12/site-packages/flask/app.py", line 917, in full_dispatch_request
    rv = self.dispatch_request()
         ^^^^^^^^^^^^^^^^^^^^^^^
  File "/usr/local/lib/python3.12/site-packages/flask/app.py", line 902, in dispatch_request
    return self.ensure_sync(self.view_functions[rule.endpoint])(**view_args)  # type: ignore[no-any-return]
           ^^^^^^^^^^^^^^^^^^^^^^^^^^^^^^^^^^^^^^^^^^^^^^^^^^^^^^^^^^^^^^^^^
  File "/app/admin_routes.py", line 230, in admin_get_users
    ensure_admin_tables()
  File "/app/admin_routes.py", line 63, in ensure_admin_tables
    cur.execute("""
psycopg2.errors.UndefinedColumn: column "role" does not exist
LINE 3:         SELECT DISTINCT role
                                ^

2026-08-27 07:11:33,076 | INFO | werkzeug | 172.18.0.1 - - [27/Aug/2026 07:11:33] "[35m[1mGET /admin/users HTTP/1.1[0m" 500 -
2026-08-27 07:11:33,087 | ERROR | app | Exception on /admin/activity [GET]
Traceback (most recent call last):
  File "/usr/local/lib/python3.12/site-packages/flask/app.py", line 1511, in wsgi_app
    response = self.full_dispatch_request()
               ^^^^^^^^^^^^^^^^^^^^^^^^^^^^
  File "/usr/local/lib/python3.12/site-packages/flask/app.py", line 919, in full_dispatch_request
    rv = self.handle_user_exception(e)
         ^^^^^^^^^^^^^^^^^^^^^^^^^^^^^
  File "/usr/local/lib/python3.12/site-packages/flask_cors/extension.py", line 206, in wrapped_function
    return cors_after_request(app_any.make_response(f(*args, **kwargs)))
                                                    ^^^^^^^^^^^^^^^^^^
  File "/usr/local/lib/python3.12/site-packages/flask/app.py", line 917, in full_dispatch_request
    rv = self.dispatch_request()
         ^^^^^^^^^^^^^^^^^^^^^^^
  File "/usr/local/lib/python3.12/site-packages/flask/app.py", line 902, in dispatch_request
    return self.ensure_sync(self.view_functions[rule.endpoint])(**view_args)  # type: ignore[no-any-return]
           ^^^^^^^^^^^^^^^^^^^^^^^^^^^^^^^^^^^^^^^^^^^^^^^^^^^^^^^^^^^^^^^^^
  File "/app/admin_routes.py", line 936, in admin_get_activity
    ensure_admin_tables()
  File "/app/admin_routes.py", line 63, in ensure_admin_tables
    cur.execute("""
psycopg2.errors.UndefinedColumn: column "role" does not exist
LINE 3:         SELECT DISTINCT role
                                ^

2026-08-27 07:11:33,090 | INFO | werkzeug | 172.18.0.1 - - [27/Aug/2026 07:11:33] "[35m[1mGET /admin/activity HTTP/1.1[0m" 500 -
2026-08-27 07:11:38,103 | ERROR | app | Exception on /admin/users [GET]
Traceback (most recent call last):
  File "/usr/local/lib/python3.12/site-packages/flask/app.py", line 1511, in wsgi_app
    response = self.full_dispatch_request()
               ^^^^^^^^^^^^^^^^^^^^^^^^^^^^
  File "/usr/local/lib/python3.12/site-packages/flask/app.py", line 919, in full_dispatch_request
    rv = self.handle_user_exception(e)
         ^^^^^^^^^^^^^^^^^^^^^^^^^^^^^
  File "/usr/local/lib/python3.12/site-packages/flask_cors/extension.py", line 206, in wrapped_function
    return cors_after_request(app_any.make_response(f(*args, **kwargs)))
                                                    ^^^^^^^^^^^^^^^^^^
  File "/usr/local/lib/python3.12/site-packages/flask/app.py", line 917, in full_dispatch_request
    rv = self.dispatch_request()
         ^^^^^^^^^^^^^^^^^^^^^^^
  File "/usr/local/lib/python3.12/site-packages/flask/app.py", line 902, in dispatch_request
    return self.ensure_sync(self.view_functions[rule.endpoint])(**view_args)  # type: ignore[no-any-return]
           ^^^^^^^^^^^^^^^^^^^^^^^^^^^^^^^^^^^^^^^^^^^^^^^^^^^^^^^^^^^^^^^^^
  File "/app/admin_routes.py", line 230, in admin_get_users
    ensure_admin_tables()
  File "/app/admin_routes.py", line 63, in ensure_admin_tables
    cur.execute("""
psycopg2.errors.UndefinedColumn: column "role" does not exist
LINE 3:         SELECT DISTINCT role
                                ^

2026-08-27 07:11:38,117 | ERROR | app | Exception on /admin/activity [GET]
Traceback (most recent call last):
  File "/usr/local/lib/python3.12/site-packages/flask/app.py", line 1511, in wsgi_app
    response = self.full_dispatch_request()
               ^^^^^^^^^^^^^^^^^^^^^^^^^^^^
  File "/usr/local/lib/python3.12/site-packages/flask/app.py", line 919, in full_dispatch_request
    rv = self.handle_user_exception(e)
         ^^^^^^^^^^^^^^^^^^^^^^^^^^^^^
  File "/usr/local/lib/python3.12/site-packages/flask_cors/extension.py", line 206, in wrapped_function
    return cors_after_request(app_any.make_response(f(*args, **kwargs)))
                                                    ^^^^^^^^^^^^^^^^^^
  File "/usr/local/lib/python3.12/site-packages/flask/app.py", line 917, in full_dispatch_request
    rv = self.dispatch_request()
         ^^^^^^^^^^^^^^^^^^^^^^^
  File "/usr/local/lib/python3.12/site-packages/flask/app.py", line 902, in dispatch_request
    return self.ensure_sync(self.view_functions[rule.endpoint])(**view_args)  # type: ignore[no-any-return]
           ^^^^^^^^^^^^^^^^^^^^^^^^^^^^^^^^^^^^^^^^^^^^^^^^^^^^^^^^^^^^^^^^^
  File "/app/admin_routes.py", line 936, in admin_get_activity
    ensure_admin_tables()
  File "/app/admin_routes.py", line 63, in ensure_admin_tables
    cur.execute("""
psycopg2.errors.UndefinedColumn: column "role" does not exist
LINE 3:         SELECT DISTINCT role
                                ^

2026-08-27 07:11:38,251 | INFO | werkzeug | 172.18.0.1 - - [27/Aug/2026 07:11:38] "[35m[1mGET /admin/users HTTP/1.1[0m" 500 -
2026-08-27 07:11:38,334 | INFO | werkzeug | 172.18.0.1 - - [27/Aug/2026 07:11:38] "[35m[1mGET /admin/activity HTTP/1.1[0m" 500 -
2026-08-27 07:11:42,980 | INFO | werkzeug | 172.18.0.1 - - [27/Aug/2026 07:11:42] "OPTIONS /admin/users HTTP/1.1" 200 -
2026-08-27 07:11:42,982 | INFO | werkzeug | 172.18.0.1 - - [27/Aug/2026 07:11:42] "OPTIONS /admin/activity HTTP/1.1" 200 -
2026-08-27 07:11:43,035 | ERROR | app | Exception on /admin/users [GET]
Traceback (most recent call last):
  File "/usr/local/lib/python3.12/site-packages/flask/app.py", line 1511, in wsgi_app
    response = self.full_dispatch_request()
               ^^^^^^^^^^^^^^^^^^^^^^^^^^^^
  File "/usr/local/lib/python3.12/site-packages/flask/app.py", line 919, in full_dispatch_request
    rv = self.handle_user_exception(e)
         ^^^^^^^^^^^^^^^^^^^^^^^^^^^^^
  File "/usr/local/lib/python3.12/site-packages/flask_cors/extension.py", line 206, in wrapped_function
    return cors_after_request(app_any.make_response(f(*args, **kwargs)))
                                                    ^^^^^^^^^^^^^^^^^^
  File "/usr/local/lib/python3.12/site-packages/flask/app.py", line 917, in full_dispatch_request
    rv = self.dispatch_request()
         ^^^^^^^^^^^^^^^^^^^^^^^
  File "/usr/local/lib/python3.12/site-packages/flask/app.py", line 902, in dispatch_request
    return self.ensure_sync(self.view_functions[rule.endpoint])(**view_args)  # type: ignore[no-any-return]
           ^^^^^^^^^^^^^^^^^^^^^^^^^^^^^^^^^^^^^^^^^^^^^^^^^^^^^^^^^^^^^^^^^
  File "/app/admin_routes.py", line 230, in admin_get_users
    ensure_admin_tables()
  File "/app/admin_routes.py", line 63, in ensure_admin_tables
    cur.execute("""
psycopg2.errors.UndefinedColumn: column "role" does not exist
LINE 3:         SELECT DISTINCT role
                                ^

2026-08-27 07:11:43,040 | INFO | werkzeug | 172.18.0.1 - - [27/Aug/2026 07:11:43] "[35m[1mGET /admin/users HTTP/1.1[0m" 500 -
2026-08-27 07:11:43,053 | ERROR | app | Exception on /admin/activity [GET]
Traceback (most recent call last):
  File "/usr/local/lib/python3.12/site-packages/flask/app.py", line 1511, in wsgi_app
    response = self.full_dispatch_request()
               ^^^^^^^^^^^^^^^^^^^^^^^^^^^^
  File "/usr/local/lib/python3.12/site-packages/flask/app.py", line 919, in full_dispatch_request
    rv = self.handle_user_exception(e)
         ^^^^^^^^^^^^^^^^^^^^^^^^^^^^^
  File "/usr/local/lib/python3.12/site-packages/flask_cors/extension.py", line 206, in wrapped_function
    return cors_after_request(app_any.make_response(f(*args, **kwargs)))
                                                    ^^^^^^^^^^^^^^^^^^
  File "/usr/local/lib/python3.12/site-packages/flask/app.py", line 917, in full_dispatch_request
    rv = self.dispatch_request()
         ^^^^^^^^^^^^^^^^^^^^^^^
  File "/usr/local/lib/python3.12/site-packages/flask/app.py", line 902, in dispatch_request
    return self.ensure_sync(self.view_functions[rule.endpoint])(**view_args)  # type: ignore[no-any-return]
           ^^^^^^^^^^^^^^^^^^^^^^^^^^^^^^^^^^^^^^^^^^^^^^^^^^^^^^^^^^^^^^^^^
  File "/app/admin_routes.py", line 936, in admin_get_activity
    ensure_admin_tables()
  File "/app/admin_routes.py", line 63, in ensure_admin_tables
    cur.execute("""
psycopg2.errors.UndefinedColumn: column "role" does not exist
LINE 3:         SELECT DISTINCT role
                                ^

2026-08-27 07:11:43,057 | INFO | werkzeug | 172.18.0.1 - - [27/Aug/2026 07:11:43] "[35m[1mGET /admin/activity HTTP/1.1[0m" 500 -
2026-08-27 07:11:47,994 | ERROR | app | Exception on /admin/activity [GET]
Traceback (most recent call last):
  File "/usr/local/lib/python3.12/site-packages/flask/app.py", line 1511, in wsgi_app
    response = self.full_dispatch_request()
               ^^^^^^^^^^^^^^^^^^^^^^^^^^^^
  File "/usr/local/lib/python3.12/site-packages/flask/app.py", line 919, in full_dispatch_request
    rv = self.handle_user_exception(e)
         ^^^^^^^^^^^^^^^^^^^^^^^^^^^^^
  File "/usr/local/lib/python3.12/site-packages/flask_cors/extension.py", line 206, in wrapped_function
    return cors_after_request(app_any.make_response(f(*args, **kwargs)))
                                                    ^^^^^^^^^^^^^^^^^^
  File "/usr/local/lib/python3.12/site-packages/flask/app.py", line 917, in full_dispatch_request
    rv = self.dispatch_request()
         ^^^^^^^^^^^^^^^^^^^^^^^
  File "/usr/local/lib/python3.12/site-packages/flask/app.py", line 902, in dispatch_request
    return self.ensure_sync(self.view_functions[rule.endpoint])(**view_args)  # type: ignore[no-any-return]
           ^^^^^^^^^^^^^^^^^^^^^^^^^^^^^^^^^^^^^^^^^^^^^^^^^^^^^^^^^^^^^^^^^
  File "/app/admin_routes.py", line 936, in admin_get_activity
    ensure_admin_tables()
  File "/app/admin_routes.py", line 63, in ensure_admin_tables
    cur.execute("""
psycopg2.errors.UndefinedColumn: column "role" does not exist
LINE 3:         SELECT DISTINCT role
                                ^

2026-08-27 07:11:47,998 | INFO | werkzeug | 172.18.0.1 - - [27/Aug/2026 07:11:47] "[35m[1mGET /admin/activity HTTP/1.1[0m" 500 -
2026-08-27 07:11:48,008 | ERROR | app | Exception on /admin/users [GET]
Traceback (most recent call last):
  File "/usr/local/lib/python3.12/site-packages/flask/app.py", line 1511, in wsgi_app
    response = self.full_dispatch_request()
               ^^^^^^^^^^^^^^^^^^^^^^^^^^^^
  File "/usr/local/lib/python3.12/site-packages/flask/app.py", line 919, in full_dispatch_request
    rv = self.handle_user_exception(e)
         ^^^^^^^^^^^^^^^^^^^^^^^^^^^^^
  File "/usr/local/lib/python3.12/site-packages/flask_cors/extension.py", line 206, in wrapped_function
    return cors_after_request(app_any.make_response(f(*args, **kwargs)))
                                                    ^^^^^^^^^^^^^^^^^^
  File "/usr/local/lib/python3.12/site-packages/flask/app.py", line 917, in full_dispatch_request
    rv = self.dispatch_request()
         ^^^^^^^^^^^^^^^^^^^^^^^
  File "/usr/local/lib/python3.12/site-packages/flask/app.py", line 902, in dispatch_request
    return self.ensure_sync(self.view_functions[rule.endpoint])(**view_args)  # type: ignore[no-any-return]
           ^^^^^^^^^^^^^^^^^^^^^^^^^^^^^^^^^^^^^^^^^^^^^^^^^^^^^^^^^^^^^^^^^
  File "/app/admin_routes.py", line 230, in admin_get_users
    ensure_admin_tables()
  File "/app/admin_routes.py", line 63, in ensure_admin_tables
    cur.execute("""
psycopg2.errors.UndefinedColumn: column "role" does not exist
LINE 3:         SELECT DISTINCT role
                                ^

2026-08-27 07:11:48,012 | INFO | werkzeug | 172.18.0.1 - - [27/Aug/2026 07:11:48] "[35m[1mGET /admin/users HTTP/1.1[0m" 500 -
2026-08-27 07:11:52,967 | INFO | werkzeug | 172.18.0.1 - - [27/Aug/2026 07:11:52] "OPTIONS /admin/users HTTP/1.1" 200 -
2026-08-27 07:11:52,967 | INFO | werkzeug | 172.18.0.1 - - [27/Aug/2026 07:11:52] "OPTIONS /admin/activity HTTP/1.1" 200 -
2026-08-27 07:11:52,997 | ERROR | app | Exception on /admin/users [GET]
Traceback (most recent call last):
  File "/usr/local/lib/python3.12/site-packages/flask/app.py", line 1511, in wsgi_app
    response = self.full_dispatch_request()
               ^^^^^^^^^^^^^^^^^^^^^^^^^^^^
  File "/usr/local/lib/python3.12/site-packages/flask/app.py", line 919, in full_dispatch_request
    rv = self.handle_user_exception(e)
         ^^^^^^^^^^^^^^^^^^^^^^^^^^^^^
  File "/usr/local/lib/python3.12/site-packages/flask_cors/extension.py", line 206, in wrapped_function
    return cors_after_request(app_any.make_response(f(*args, **kwargs)))
                                                    ^^^^^^^^^^^^^^^^^^
  File "/usr/local/lib/python3.12/site-packages/flask/app.py", line 917, in full_dispatch_request
    rv = self.dispatch_request()
         ^^^^^^^^^^^^^^^^^^^^^^^
  File "/usr/local/lib/python3.12/site-packages/flask/app.py", line 902, in dispatch_request
    return self.ensure_sync(self.view_functions[rule.endpoint])(**view_args)  # type: ignore[no-any-return]
           ^^^^^^^^^^^^^^^^^^^^^^^^^^^^^^^^^^^^^^^^^^^^^^^^^^^^^^^^^^^^^^^^^
  File "/app/admin_routes.py", line 230, in admin_get_users
    ensure_admin_tables()
  File "/app/admin_routes.py", line 63, in ensure_admin_tables
    cur.execute("""
psycopg2.errors.UndefinedColumn: column "role" does not exist
LINE 3:         SELECT DISTINCT role
                                ^

2026-08-27 07:11:53,003 | INFO | werkzeug | 172.18.0.1 - - [27/Aug/2026 07:11:53] "[35m[1mGET /admin/users HTTP/1.1[0m" 500 -
2026-08-27 07:11:53,011 | ERROR | app | Exception on /admin/activity [GET]
Traceback (most recent call last):
  File "/usr/local/lib/python3.12/site-packages/flask/app.py", line 1511, in wsgi_app
    response = self.full_dispatch_request()
               ^^^^^^^^^^^^^^^^^^^^^^^^^^^^
  File "/usr/local/lib/python3.12/site-packages/flask/app.py", line 919, in full_dispatch_request
    rv = self.handle_user_exception(e)
         ^^^^^^^^^^^^^^^^^^^^^^^^^^^^^
  File "/usr/local/lib/python3.12/site-packages/flask_cors/extension.py", line 206, in wrapped_function
    return cors_after_request(app_any.make_response(f(*args, **kwargs)))
                                                    ^^^^^^^^^^^^^^^^^^
  File "/usr/local/lib/python3.12/site-packages/flask/app.py", line 917, in full_dispatch_request
    rv = self.dispatch_request()
         ^^^^^^^^^^^^^^^^^^^^^^^
  File "/usr/local/lib/python3.12/site-packages/flask/app.py", line 902, in dispatch_request
    return self.ensure_sync(self.view_functions[rule.endpoint])(**view_args)  # type: ignore[no-any-return]
           ^^^^^^^^^^^^^^^^^^^^^^^^^^^^^^^^^^^^^^^^^^^^^^^^^^^^^^^^^^^^^^^^^
  File "/app/admin_routes.py", line 936, in admin_get_activity
    ensure_admin_tables()
  File "/app/admin_routes.py", line 63, in ensure_admin_tables
    cur.execute("""
psycopg2.errors.UndefinedColumn: column "role" does not exist
LINE 3:         SELECT DISTINCT role
                                ^

2026-08-27 07:11:53,015 | INFO | werkzeug | 172.18.0.1 - - [27/Aug/2026 07:11:53] "[35m[1mGET /admin/activity HTTP/1.1[0m" 500 -
2026-08-27 07:11:57,991 | ERROR | app | Exception on /admin/users [GET]
Traceback (most recent call last):
  File "/usr/local/lib/python3.12/site-packages/flask/app.py", line 1511, in wsgi_app
    response = self.full_dispatch_request()
               ^^^^^^^^^^^^^^^^^^^^^^^^^^^^
  File "/usr/local/lib/python3.12/site-packages/flask/app.py", line 919, in full_dispatch_request
    rv = self.handle_user_exception(e)
         ^^^^^^^^^^^^^^^^^^^^^^^^^^^^^
  File "/usr/local/lib/python3.12/site-packages/flask_cors/extension.py", line 206, in wrapped_function
    return cors_after_request(app_any.make_response(f(*args, **kwargs)))
                                                    ^^^^^^^^^^^^^^^^^^
  File "/usr/local/lib/python3.12/site-packages/flask/app.py", line 917, in full_dispatch_request
    rv = self.dispatch_request()
         ^^^^^^^^^^^^^^^^^^^^^^^
  File "/usr/local/lib/python3.12/site-packages/flask/app.py", line 902, in dispatch_request
    return self.ensure_sync(self.view_functions[rule.endpoint])(**view_args)  # type: ignore[no-any-return]
           ^^^^^^^^^^^^^^^^^^^^^^^^^^^^^^^^^^^^^^^^^^^^^^^^^^^^^^^^^^^^^^^^^
  File "/app/admin_routes.py", line 230, in admin_get_users
    ensure_admin_tables()
  File "/app/admin_routes.py", line 63, in ensure_admin_tables
    cur.execute("""
psycopg2.errors.UndefinedColumn: column "role" does not exist
LINE 3:         SELECT DISTINCT role
                                ^

2026-08-27 07:11:57,996 | INFO | werkzeug | 172.18.0.1 - - [27/Aug/2026 07:11:57] "[35m[1mGET /admin/users HTTP/1.1[0m" 500 -
2026-08-27 07:11:58,006 | ERROR | app | Exception on /admin/activity [GET]
Traceback (most recent call last):
  File "/usr/local/lib/python3.12/site-packages/flask/app.py", line 1511, in wsgi_app
    response = self.full_dispatch_request()
               ^^^^^^^^^^^^^^^^^^^^^^^^^^^^
  File "/usr/local/lib/python3.12/site-packages/flask/app.py", line 919, in full_dispatch_request
    rv = self.handle_user_exception(e)
         ^^^^^^^^^^^^^^^^^^^^^^^^^^^^^
  File "/usr/local/lib/python3.12/site-packages/flask_cors/extension.py", line 206, in wrapped_function
    return cors_after_request(app_any.make_response(f(*args, **kwargs)))
                                                    ^^^^^^^^^^^^^^^^^^
  File "/usr/local/lib/python3.12/site-packages/flask/app.py", line 917, in full_dispatch_request
    rv = self.dispatch_request()
         ^^^^^^^^^^^^^^^^^^^^^^^
  File "/usr/local/lib/python3.12/site-packages/flask/app.py", line 902, in dispatch_request
    return self.ensure_sync(self.view_functions[rule.endpoint])(**view_args)  # type: ignore[no-any-return]
           ^^^^^^^^^^^^^^^^^^^^^^^^^^^^^^^^^^^^^^^^^^^^^^^^^^^^^^^^^^^^^^^^^
  File "/app/admin_routes.py", line 936, in admin_get_activity
    ensure_admin_tables()
  File "/app/admin_routes.py", line 63, in ensure_admin_tables
    cur.execute("""
psycopg2.errors.UndefinedColumn: column "role" does not exist
LINE 3:         SELECT DISTINCT role
                                ^

2026-08-27 07:11:58,010 | INFO | werkzeug | 172.18.0.1 - - [27/Aug/2026 07:11:58] "[35m[1mGET /admin/activity HTTP/1.1[0m" 500 -
2026-08-27 07:12:02,965 | INFO | werkzeug | 172.18.0.1 - - [27/Aug/2026 07:12:02] "OPTIONS /admin/users HTTP/1.1" 200 -
2026-08-27 07:12:02,966 | INFO | werkzeug | 172.18.0.1 - - [27/Aug/2026 07:12:02] "OPTIONS /admin/activity HTTP/1.1" 200 -
2026-08-27 07:12:02,995 | ERROR | app | Exception on /admin/users [GET]
Traceback (most recent call last):
  File "/usr/local/lib/python3.12/site-packages/flask/app.py", line 1511, in wsgi_app
    response = self.full_dispatch_request()
               ^^^^^^^^^^^^^^^^^^^^^^^^^^^^
  File "/usr/local/lib/python3.12/site-packages/flask/app.py", line 919, in full_dispatch_request
    rv = self.handle_user_exception(e)
         ^^^^^^^^^^^^^^^^^^^^^^^^^^^^^
  File "/usr/local/lib/python3.12/site-packages/flask_cors/extension.py", line 206, in wrapped_function
    return cors_after_request(app_any.make_response(f(*args, **kwargs)))
                                                    ^^^^^^^^^^^^^^^^^^
  File "/usr/local/lib/python3.12/site-packages/flask/app.py", line 917, in full_dispatch_request
    rv = self.dispatch_request()
         ^^^^^^^^^^^^^^^^^^^^^^^
  File "/usr/local/lib/python3.12/site-packages/flask/app.py", line 902, in dispatch_request
    return self.ensure_sync(self.view_functions[rule.endpoint])(**view_args)  # type: ignore[no-any-return]
           ^^^^^^^^^^^^^^^^^^^^^^^^^^^^^^^^^^^^^^^^^^^^^^^^^^^^^^^^^^^^^^^^^
  File "/app/admin_routes.py", line 230, in admin_get_users
    ensure_admin_tables()
  File "/app/admin_routes.py", line 63, in ensure_admin_tables
    cur.execute("""
psycopg2.errors.UndefinedColumn: column "role" does not exist
LINE 3:         SELECT DISTINCT role
                                ^

2026-08-27 07:12:03,000 | INFO | werkzeug | 172.18.0.1 - - [27/Aug/2026 07:12:03] "[35m[1mGET /admin/users HTTP/1.1[0m" 500 -
2026-08-27 07:12:03,011 | ERROR | app | Exception on /admin/activity [GET]
Traceback (most recent call last):
  File "/usr/local/lib/python3.12/site-packages/flask/app.py", line 1511, in wsgi_app
    response = self.full_dispatch_request()
               ^^^^^^^^^^^^^^^^^^^^^^^^^^^^
  File "/usr/local/lib/python3.12/site-packages/flask/app.py", line 919, in full_dispatch_request
    rv = self.handle_user_exception(e)
         ^^^^^^^^^^^^^^^^^^^^^^^^^^^^^
  File "/usr/local/lib/python3.12/site-packages/flask_cors/extension.py", line 206, in wrapped_function
    return cors_after_request(app_any.make_response(f(*args, **kwargs)))
                                                    ^^^^^^^^^^^^^^^^^^
  File "/usr/local/lib/python3.12/site-packages/flask/app.py", line 917, in full_dispatch_request
    rv = self.dispatch_request()
         ^^^^^^^^^^^^^^^^^^^^^^^
  File "/usr/local/lib/python3.12/site-packages/flask/app.py", line 902, in dispatch_request
    return self.ensure_sync(self.view_functions[rule.endpoint])(**view_args)  # type: ignore[no-any-return]
           ^^^^^^^^^^^^^^^^^^^^^^^^^^^^^^^^^^^^^^^^^^^^^^^^^^^^^^^^^^^^^^^^^
  File "/app/admin_routes.py", line 936, in admin_get_activity
    ensure_admin_tables()
  File "/app/admin_routes.py", line 63, in ensure_admin_tables
    cur.execute("""
psycopg2.errors.UndefinedColumn: column "role" does not exist
LINE 3:         SELECT DISTINCT role
                                ^

2026-08-27 07:12:03,018 | INFO | werkzeug | 172.18.0.1 - - [27/Aug/2026 07:12:03] "[35m[1mGET /admin/activity HTTP/1.1[0m" 500 -
2026-08-27 07:12:12,778 | INFO | werkzeug | 172.18.0.1 - - [27/Aug/2026 07:12:12] "OPTIONS /admin/users HTTP/1.1" 200 -
2026-08-27 07:12:12,782 | INFO | werkzeug | 172.18.0.1 - - [27/Aug/2026 07:12:12] "OPTIONS /admin/activity HTTP/1.1" 200 -
2026-08-27 07:12:12,834 | ERROR | app | Exception on /admin/users [GET]
Traceback (most recent call last):
  File "/usr/local/lib/python3.12/site-packages/flask/app.py", line 1511, in wsgi_app
    response = self.full_dispatch_request()
               ^^^^^^^^^^^^^^^^^^^^^^^^^^^^
  File "/usr/local/lib/python3.12/site-packages/flask/app.py", line 919, in full_dispatch_request
    rv = self.handle_user_exception(e)
         ^^^^^^^^^^^^^^^^^^^^^^^^^^^^^
  File "/usr/local/lib/python3.12/site-packages/flask_cors/extension.py", line 206, in wrapped_function
    return cors_after_request(app_any.make_response(f(*args, **kwargs)))
                                                    ^^^^^^^^^^^^^^^^^^
  File "/usr/local/lib/python3.12/site-packages/flask/app.py", line 917, in full_dispatch_request
    rv = self.dispatch_request()
         ^^^^^^^^^^^^^^^^^^^^^^^
  File "/usr/local/lib/python3.12/site-packages/flask/app.py", line 902, in dispatch_request
    return self.ensure_sync(self.view_functions[rule.endpoint])(**view_args)  # type: ignore[no-any-return]
           ^^^^^^^^^^^^^^^^^^^^^^^^^^^^^^^^^^^^^^^^^^^^^^^^^^^^^^^^^^^^^^^^^
  File "/app/admin_routes.py", line 230, in admin_get_users
    ensure_admin_tables()
  File "/app/admin_routes.py", line 63, in ensure_admin_tables
    cur.execute("""
psycopg2.errors.UndefinedColumn: column "role" does not exist
LINE 3:         SELECT DISTINCT role
                                ^

2026-08-27 07:12:12,853 | INFO | werkzeug | 172.18.0.1 - - [27/Aug/2026 07:12:12] "[35m[1mGET /admin/users HTTP/1.1[0m" 500 -
2026-08-27 07:12:12,857 | ERROR | app | Exception on /admin/activity [GET]
Traceback (most recent call last):
  File "/usr/local/lib/python3.12/site-packages/flask/app.py", line 1511, in wsgi_app
    response = self.full_dispatch_request()
               ^^^^^^^^^^^^^^^^^^^^^^^^^^^^
  File "/usr/local/lib/python3.12/site-packages/flask/app.py", line 919, in full_dispatch_request
    rv = self.handle_user_exception(e)
         ^^^^^^^^^^^^^^^^^^^^^^^^^^^^^
  File "/usr/local/lib/python3.12/site-packages/flask_cors/extension.py", line 206, in wrapped_function
    return cors_after_request(app_any.make_response(f(*args, **kwargs)))
                                                    ^^^^^^^^^^^^^^^^^^
  File "/usr/local/lib/python3.12/site-packages/flask/app.py", line 917, in full_dispatch_request
    rv = self.dispatch_request()
         ^^^^^^^^^^^^^^^^^^^^^^^
  File "/usr/local/lib/python3.12/site-packages/flask/app.py", line 902, in dispatch_request
    return self.ensure_sync(self.view_functions[rule.endpoint])(**view_args)  # type: ignore[no-any-return]
           ^^^^^^^^^^^^^^^^^^^^^^^^^^^^^^^^^^^^^^^^^^^^^^^^^^^^^^^^^^^^^^^^^
  File "/app/admin_routes.py", line 936, in admin_get_activity
    ensure_admin_tables()
  File "/app/admin_routes.py", line 63, in ensure_admin_tables
    cur.execute("""
psycopg2.errors.UndefinedColumn: column "role" does not exist
LINE 3:         SELECT DISTINCT role
                                ^

2026-08-27 07:12:12,879 | INFO | werkzeug | 172.18.0.1 - - [27/Aug/2026 07:12:12] "[35m[1mGET /admin/activity HTTP/1.1[0m" 500 -
2026-08-27 07:12:17,800 | ERROR | app | Exception on /admin/activity [GET]
Traceback (most recent call last):
  File "/usr/local/lib/python3.12/site-packages/flask/app.py", line 1511, in wsgi_app
    response = self.full_dispatch_request()
               ^^^^^^^^^^^^^^^^^^^^^^^^^^^^
  File "/usr/local/lib/python3.12/site-packages/flask/app.py", line 919, in full_dispatch_request
    rv = self.handle_user_exception(e)
         ^^^^^^^^^^^^^^^^^^^^^^^^^^^^^
  File "/usr/local/lib/python3.12/site-packages/flask_cors/extension.py", line 206, in wrapped_function
    return cors_after_request(app_any.make_response(f(*args, **kwargs)))
                                                    ^^^^^^^^^^^^^^^^^^
  File "/usr/local/lib/python3.12/site-packages/flask/app.py", line 917, in full_dispatch_request
    rv = self.dispatch_request()
         ^^^^^^^^^^^^^^^^^^^^^^^
  File "/usr/local/lib/python3.12/site-packages/flask/app.py", line 902, in dispatch_request
    return self.ensure_sync(self.view_functions[rule.endpoint])(**view_args)  # type: ignore[no-any-return]
           ^^^^^^^^^^^^^^^^^^^^^^^^^^^^^^^^^^^^^^^^^^^^^^^^^^^^^^^^^^^^^^^^^
  File "/app/admin_routes.py", line 936, in admin_get_activity
    ensure_admin_tables()
  File "/app/admin_routes.py", line 63, in ensure_admin_tables
    cur.execute("""
psycopg2.errors.UndefinedColumn: column "role" does not exist
LINE 3:         SELECT DISTINCT role
                                ^

2026-08-27 07:12:17,804 | INFO | werkzeug | 172.18.0.1 - - [27/Aug/2026 07:12:17] "[35m[1mGET /admin/activity HTTP/1.1[0m" 500 -
2026-08-27 07:12:17,817 | ERROR | app | Exception on /admin/users [GET]
Traceback (most recent call last):
  File "/usr/local/lib/python3.12/site-packages/flask/app.py", line 1511, in wsgi_app
    response = self.full_dispatch_request()
               ^^^^^^^^^^^^^^^^^^^^^^^^^^^^
  File "/usr/local/lib/python3.12/site-packages/flask/app.py", line 919, in full_dispatch_request
    rv = self.handle_user_exception(e)
         ^^^^^^^^^^^^^^^^^^^^^^^^^^^^^
  File "/usr/local/lib/python3.12/site-packages/flask_cors/extension.py", line 206, in wrapped_function
    return cors_after_request(app_any.make_response(f(*args, **kwargs)))
                                                    ^^^^^^^^^^^^^^^^^^
  File "/usr/local/lib/python3.12/site-packages/flask/app.py", line 917, in full_dispatch_request
    rv = self.dispatch_request()
         ^^^^^^^^^^^^^^^^^^^^^^^
  File "/usr/local/lib/python3.12/site-packages/flask/app.py", line 902, in dispatch_request
    return self.ensure_sync(self.view_functions[rule.endpoint])(**view_args)  # type: ignore[no-any-return]
           ^^^^^^^^^^^^^^^^^^^^^^^^^^^^^^^^^^^^^^^^^^^^^^^^^^^^^^^^^^^^^^^^^
  File "/app/admin_routes.py", line 230, in admin_get_users
    ensure_admin_tables()
  File "/app/admin_routes.py", line 63, in ensure_admin_tables
    cur.execute("""
psycopg2.errors.UndefinedColumn: column "role" does not exist
LINE 3:         SELECT DISTINCT role
                                ^

2026-08-27 07:12:17,820 | INFO | werkzeug | 172.18.0.1 - - [27/Aug/2026 07:12:17] "[35m[1mGET /admin/users HTTP/1.1[0m" 500 -
2026-08-27 07:12:22,775 | INFO | werkzeug | 172.18.0.1 - - [27/Aug/2026 07:12:22] "OPTIONS /admin/users HTTP/1.1" 200 -
2026-08-27 07:12:22,776 | INFO | werkzeug | 172.18.0.1 - - [27/Aug/2026 07:12:22] "OPTIONS /admin/activity HTTP/1.1" 200 -
2026-08-27 07:12:22,808 | ERROR | app | Exception on /admin/users [GET]
Traceback (most recent call last):
  File "/usr/local/lib/python3.12/site-packages/flask/app.py", line 1511, in wsgi_app
    response = self.full_dispatch_request()
               ^^^^^^^^^^^^^^^^^^^^^^^^^^^^
  File "/usr/local/lib/python3.12/site-packages/flask/app.py", line 919, in full_dispatch_request
    rv = self.handle_user_exception(e)
         ^^^^^^^^^^^^^^^^^^^^^^^^^^^^^
  File "/usr/local/lib/python3.12/site-packages/flask_cors/extension.py", line 206, in wrapped_function
    return cors_after_request(app_any.make_response(f(*args, **kwargs)))
                                                    ^^^^^^^^^^^^^^^^^^
  File "/usr/local/lib/python3.12/site-packages/flask/app.py", line 917, in full_dispatch_request
    rv = self.dispatch_request()
         ^^^^^^^^^^^^^^^^^^^^^^^
  File "/usr/local/lib/python3.12/site-packages/flask/app.py", line 902, in dispatch_request
    return self.ensure_sync(self.view_functions[rule.endpoint])(**view_args)  # type: ignore[no-any-return]
           ^^^^^^^^^^^^^^^^^^^^^^^^^^^^^^^^^^^^^^^^^^^^^^^^^^^^^^^^^^^^^^^^^
  File "/app/admin_routes.py", line 230, in admin_get_users
    ensure_admin_tables()
  File "/app/admin_routes.py", line 63, in ensure_admin_tables
    cur.execute("""
psycopg2.errors.UndefinedColumn: column "role" does not exist
LINE 3:         SELECT DISTINCT role
                                ^

2026-08-27 07:12:22,815 | INFO | werkzeug | 172.18.0.1 - - [27/Aug/2026 07:12:22] "[35m[1mGET /admin/users HTTP/1.1[0m" 500 -
2026-08-27 07:12:22,829 | ERROR | app | Exception on /admin/activity [GET]
Traceback (most recent call last):
  File "/usr/local/lib/python3.12/site-packages/flask/app.py", line 1511, in wsgi_app
    response = self.full_dispatch_request()
               ^^^^^^^^^^^^^^^^^^^^^^^^^^^^
  File "/usr/local/lib/python3.12/site-packages/flask/app.py", line 919, in full_dispatch_request
    rv = self.handle_user_exception(e)
         ^^^^^^^^^^^^^^^^^^^^^^^^^^^^^
  File "/usr/local/lib/python3.12/site-packages/flask_cors/extension.py", line 206, in wrapped_function
    return cors_after_request(app_any.make_response(f(*args, **kwargs)))
                                                    ^^^^^^^^^^^^^^^^^^
  File "/usr/local/lib/python3.12/site-packages/flask/app.py", line 917, in full_dispatch_request
    rv = self.dispatch_request()
         ^^^^^^^^^^^^^^^^^^^^^^^
  File "/usr/local/lib/python3.12/site-packages/flask/app.py", line 902, in dispatch_request
    return self.ensure_sync(self.view_functions[rule.endpoint])(**view_args)  # type: ignore[no-any-return]
           ^^^^^^^^^^^^^^^^^^^^^^^^^^^^^^^^^^^^^^^^^^^^^^^^^^^^^^^^^^^^^^^^^
  File "/app/admin_routes.py", line 936, in admin_get_activity
    ensure_admin_tables()
  File "/app/admin_routes.py", line 63, in ensure_admin_tables
    cur.execute("""
psycopg2.errors.UndefinedColumn: column "role" does not exist
LINE 3:         SELECT DISTINCT role
                                ^

2026-08-27 07:12:22,834 | INFO | werkzeug | 172.18.0.1 - - [27/Aug/2026 07:12:22] "[35m[1mGET /admin/activity HTTP/1.1[0m" 500 -
2026-08-27 07:12:27,868 | ERROR | app | Exception on /admin/activity [GET]
Traceback (most recent call last):
  File "/usr/local/lib/python3.12/site-packages/flask/app.py", line 1511, in wsgi_app
    response = self.full_dispatch_request()
               ^^^^^^^^^^^^^^^^^^^^^^^^^^^^
  File "/usr/local/lib/python3.12/site-packages/flask/app.py", line 919, in full_dispatch_request
    rv = self.handle_user_exception(e)
         ^^^^^^^^^^^^^^^^^^^^^^^^^^^^^
  File "/usr/local/lib/python3.12/site-packages/flask_cors/extension.py", line 206, in wrapped_function
    return cors_after_request(app_any.make_response(f(*args, **kwargs)))
                                                    ^^^^^^^^^^^^^^^^^^
  File "/usr/local/lib/python3.12/site-packages/flask/app.py", line 917, in full_dispatch_request
    rv = self.dispatch_request()
         ^^^^^^^^^^^^^^^^^^^^^^^
  File "/usr/local/lib/python3.12/site-packages/flask/app.py", line 902, in dispatch_request
    return self.ensure_sync(self.view_functions[rule.endpoint])(**view_args)  # type: ignore[no-any-return]
           ^^^^^^^^^^^^^^^^^^^^^^^^^^^^^^^^^^^^^^^^^^^^^^^^^^^^^^^^^^^^^^^^^
  File "/app/admin_routes.py", line 936, in admin_get_activity
    ensure_admin_tables()
  File "/app/admin_routes.py", line 63, in ensure_admin_tables
    cur.execute("""
psycopg2.errors.UndefinedColumn: column "role" does not exist
LINE 3:         SELECT DISTINCT role
                                ^

2026-08-27 07:12:27,879 | INFO | werkzeug | 172.18.0.1 - - [27/Aug/2026 07:12:27] "[35m[1mGET /admin/activity HTTP/1.1[0m" 500 -
2026-08-27 07:12:27,928 | ERROR | app | Exception on /admin/users [GET]
Traceback (most recent call last):
  File "/usr/local/lib/python3.12/site-packages/flask/app.py", line 1511, in wsgi_app
    response = self.full_dispatch_request()
               ^^^^^^^^^^^^^^^^^^^^^^^^^^^^
  File "/usr/local/lib/python3.12/site-packages/flask/app.py", line 919, in full_dispatch_request
    rv = self.handle_user_exception(e)
         ^^^^^^^^^^^^^^^^^^^^^^^^^^^^^
  File "/usr/local/lib/python3.12/site-packages/flask_cors/extension.py", line 206, in wrapped_function
    return cors_after_request(app_any.make_response(f(*args, **kwargs)))
                                                    ^^^^^^^^^^^^^^^^^^
  File "/usr/local/lib/python3.12/site-packages/flask/app.py", line 917, in full_dispatch_request
    rv = self.dispatch_request()
         ^^^^^^^^^^^^^^^^^^^^^^^
  File "/usr/local/lib/python3.12/site-packages/flask/app.py", line 902, in dispatch_request
    return self.ensure_sync(self.view_functions[rule.endpoint])(**view_args)  # type: ignore[no-any-return]
           ^^^^^^^^^^^^^^^^^^^^^^^^^^^^^^^^^^^^^^^^^^^^^^^^^^^^^^^^^^^^^^^^^
  File "/app/admin_routes.py", line 230, in admin_get_users
    ensure_admin_tables()
  File "/app/admin_routes.py", line 63, in ensure_admin_tables
    cur.execute("""
psycopg2.errors.UndefinedColumn: column "role" does not exist
LINE 3:         SELECT DISTINCT role
                                ^

2026-08-27 07:12:27,939 | INFO | werkzeug | 172.18.0.1 - - [27/Aug/2026 07:12:27] "[35m[1mGET /admin/users HTTP/1.1[0m" 500 -
2026-08-27 07:12:32,778 | INFO | werkzeug | 172.18.0.1 - - [27/Aug/2026 07:12:32] "OPTIONS /admin/users HTTP/1.1" 200 -
2026-08-27 07:12:32,779 | INFO | werkzeug | 172.18.0.1 - - [27/Aug/2026 07:12:32] "OPTIONS /admin/activity HTTP/1.1" 200 -
2026-08-27 07:12:32,809 | ERROR | app | Exception on /admin/users [GET]
Traceback (most recent call last):
  File "/usr/local/lib/python3.12/site-packages/flask/app.py", line 1511, in wsgi_app
    response = self.full_dispatch_request()
               ^^^^^^^^^^^^^^^^^^^^^^^^^^^^
  File "/usr/local/lib/python3.12/site-packages/flask/app.py", line 919, in full_dispatch_request
    rv = self.handle_user_exception(e)
         ^^^^^^^^^^^^^^^^^^^^^^^^^^^^^
  File "/usr/local/lib/python3.12/site-packages/flask_cors/extension.py", line 206, in wrapped_function
    return cors_after_request(app_any.make_response(f(*args, **kwargs)))
                                                    ^^^^^^^^^^^^^^^^^^
  File "/usr/local/lib/python3.12/site-packages/flask/app.py", line 917, in full_dispatch_request
    rv = self.dispatch_request()
         ^^^^^^^^^^^^^^^^^^^^^^^
  File "/usr/local/lib/python3.12/site-packages/flask/app.py", line 902, in dispatch_request
    return self.ensure_sync(self.view_functions[rule.endpoint])(**view_args)  # type: ignore[no-any-return]
           ^^^^^^^^^^^^^^^^^^^^^^^^^^^^^^^^^^^^^^^^^^^^^^^^^^^^^^^^^^^^^^^^^
  File "/app/admin_routes.py", line 230, in admin_get_users
    ensure_admin_tables()
  File "/app/admin_routes.py", line 63, in ensure_admin_tables
    cur.execute("""
psycopg2.errors.UndefinedColumn: column "role" does not exist
LINE 3:         SELECT DISTINCT role
                                ^

2026-08-27 07:12:32,814 | INFO | werkzeug | 172.18.0.1 - - [27/Aug/2026 07:12:32] "[35m[1mGET /admin/users HTTP/1.1[0m" 500 -
2026-08-27 07:12:32,823 | ERROR | app | Exception on /admin/activity [GET]
Traceback (most recent call last):
  File "/usr/local/lib/python3.12/site-packages/flask/app.py", line 1511, in wsgi_app
    response = self.full_dispatch_request()
               ^^^^^^^^^^^^^^^^^^^^^^^^^^^^
  File "/usr/local/lib/python3.12/site-packages/flask/app.py", line 919, in full_dispatch_request
    rv = self.handle_user_exception(e)
         ^^^^^^^^^^^^^^^^^^^^^^^^^^^^^
  File "/usr/local/lib/python3.12/site-packages/flask_cors/extension.py", line 206, in wrapped_function
    return cors_after_request(app_any.make_response(f(*args, **kwargs)))
                                                    ^^^^^^^^^^^^^^^^^^
  File "/usr/local/lib/python3.12/site-packages/flask/app.py", line 917, in full_dispatch_request
    rv = self.dispatch_request()
         ^^^^^^^^^^^^^^^^^^^^^^^
  File "/usr/local/lib/python3.12/site-packages/flask/app.py", line 902, in dispatch_request
    return self.ensure_sync(self.view_functions[rule.endpoint])(**view_args)  # type: ignore[no-any-return]
           ^^^^^^^^^^^^^^^^^^^^^^^^^^^^^^^^^^^^^^^^^^^^^^^^^^^^^^^^^^^^^^^^^
  File "/app/admin_routes.py", line 936, in admin_get_activity
    ensure_admin_tables()
  File "/app/admin_routes.py", line 63, in ensure_admin_tables
    cur.execute("""
psycopg2.errors.UndefinedColumn: column "role" does not exist
LINE 3:         SELECT DISTINCT role
                                ^

2026-08-27 07:12:32,828 | INFO | werkzeug | 172.18.0.1 - - [27/Aug/2026 07:12:32] "[35m[1mGET /admin/activity HTTP/1.1[0m" 500 -
2026-08-27 07:12:37,870 | ERROR | app | Exception on /admin/activity [GET]
Traceback (most recent call last):
  File "/usr/local/lib/python3.12/site-packages/flask/app.py", line 1511, in wsgi_app
    response = self.full_dispatch_request()
               ^^^^^^^^^^^^^^^^^^^^^^^^^^^^
  File "/usr/local/lib/python3.12/site-packages/flask/app.py", line 919, in full_dispatch_request
    rv = self.handle_user_exception(e)
         ^^^^^^^^^^^^^^^^^^^^^^^^^^^^^
  File "/usr/local/lib/python3.12/site-packages/flask_cors/extension.py", line 206, in wrapped_function
    return cors_after_request(app_any.make_response(f(*args, **kwargs)))
                                                    ^^^^^^^^^^^^^^^^^^
  File "/usr/local/lib/python3.12/site-packages/flask/app.py", line 917, in full_dispatch_request
    rv = self.dispatch_request()
         ^^^^^^^^^^^^^^^^^^^^^^^
  File "/usr/local/lib/python3.12/site-packages/flask/app.py", line 902, in dispatch_request
    return self.ensure_sync(self.view_functions[rule.endpoint])(**view_args)  # type: ignore[no-any-return]
           ^^^^^^^^^^^^^^^^^^^^^^^^^^^^^^^^^^^^^^^^^^^^^^^^^^^^^^^^^^^^^^^^^
  File "/app/admin_routes.py", line 936, in admin_get_activity
    ensure_admin_tables()
  File "/app/admin_routes.py", line 63, in ensure_admin_tables
    cur.execute("""
psycopg2.errors.UndefinedColumn: column "role" does not exist
LINE 3:         SELECT DISTINCT role
                                ^

2026-08-27 07:12:37,879 | INFO | werkzeug | 172.18.0.1 - - [27/Aug/2026 07:12:37] "[35m[1mGET /admin/activity HTTP/1.1[0m" 500 -
2026-08-27 07:12:37,901 | ERROR | app | Exception on /admin/users [GET]
Traceback (most recent call last):
  File "/usr/local/lib/python3.12/site-packages/flask/app.py", line 1511, in wsgi_app
    response = self.full_dispatch_request()
               ^^^^^^^^^^^^^^^^^^^^^^^^^^^^
  File "/usr/local/lib/python3.12/site-packages/flask/app.py", line 919, in full_dispatch_request
    rv = self.handle_user_exception(e)
         ^^^^^^^^^^^^^^^^^^^^^^^^^^^^^
  File "/usr/local/lib/python3.12/site-packages/flask_cors/extension.py", line 206, in wrapped_function
    return cors_after_request(app_any.make_response(f(*args, **kwargs)))
                                                    ^^^^^^^^^^^^^^^^^^
  File "/usr/local/lib/python3.12/site-packages/flask/app.py", line 917, in full_dispatch_request
    rv = self.dispatch_request()
         ^^^^^^^^^^^^^^^^^^^^^^^
  File "/usr/local/lib/python3.12/site-packages/flask/app.py", line 902, in dispatch_request
    return self.ensure_sync(self.view_functions[rule.endpoint])(**view_args)  # type: ignore[no-any-return]
           ^^^^^^^^^^^^^^^^^^^^^^^^^^^^^^^^^^^^^^^^^^^^^^^^^^^^^^^^^^^^^^^^^
  File "/app/admin_routes.py", line 230, in admin_get_users
    ensure_admin_tables()
  File "/app/admin_routes.py", line 63, in ensure_admin_tables
    cur.execute("""
psycopg2.errors.UndefinedColumn: column "role" does not exist
LINE 3:         SELECT DISTINCT role
                                ^

2026-08-27 07:12:37,906 | INFO | werkzeug | 172.18.0.1 - - [27/Aug/2026 07:12:37] "[35m[1mGET /admin/users HTTP/1.1[0m" 500 -
2026-08-27 07:12:42,774 | INFO | werkzeug | 172.18.0.1 - - [27/Aug/2026 07:12:42] "OPTIONS /admin/users HTTP/1.1" 200 -
2026-08-27 07:12:42,775 | INFO | werkzeug | 172.18.0.1 - - [27/Aug/2026 07:12:42] "OPTIONS /admin/activity HTTP/1.1" 200 -
2026-08-27 07:12:42,801 | ERROR | app | Exception on /admin/users [GET]
Traceback (most recent call last):
  File "/usr/local/lib/python3.12/site-packages/flask/app.py", line 1511, in wsgi_app
    response = self.full_dispatch_request()
               ^^^^^^^^^^^^^^^^^^^^^^^^^^^^
  File "/usr/local/lib/python3.12/site-packages/flask/app.py", line 919, in full_dispatch_request
    rv = self.handle_user_exception(e)
         ^^^^^^^^^^^^^^^^^^^^^^^^^^^^^
  File "/usr/local/lib/python3.12/site-packages/flask_cors/extension.py", line 206, in wrapped_function
    return cors_after_request(app_any.make_response(f(*args, **kwargs)))
                                                    ^^^^^^^^^^^^^^^^^^
  File "/usr/local/lib/python3.12/site-packages/flask/app.py", line 917, in full_dispatch_request
    rv = self.dispatch_request()
         ^^^^^^^^^^^^^^^^^^^^^^^
  File "/usr/local/lib/python3.12/site-packages/flask/app.py", line 902, in dispatch_request
    return self.ensure_sync(self.view_functions[rule.endpoint])(**view_args)  # type: ignore[no-any-return]
           ^^^^^^^^^^^^^^^^^^^^^^^^^^^^^^^^^^^^^^^^^^^^^^^^^^^^^^^^^^^^^^^^^
  File "/app/admin_routes.py", line 230, in admin_get_users
    ensure_admin_tables()
  File "/app/admin_routes.py", line 63, in ensure_admin_tables
    cur.execute("""
psycopg2.errors.UndefinedColumn: column "role" does not exist
LINE 3:         SELECT DISTINCT role
                                ^

2026-08-27 07:12:42,806 | INFO | werkzeug | 172.18.0.1 - - [27/Aug/2026 07:12:42] "[35m[1mGET /admin/users HTTP/1.1[0m" 500 -
2026-08-27 07:12:42,817 | ERROR | app | Exception on /admin/activity [GET]
Traceback (most recent call last):
  File "/usr/local/lib/python3.12/site-packages/flask/app.py", line 1511, in wsgi_app
    response = self.full_dispatch_request()
               ^^^^^^^^^^^^^^^^^^^^^^^^^^^^
  File "/usr/local/lib/python3.12/site-packages/flask/app.py", line 919, in full_dispatch_request
    rv = self.handle_user_exception(e)
         ^^^^^^^^^^^^^^^^^^^^^^^^^^^^^
  File "/usr/local/lib/python3.12/site-packages/flask_cors/extension.py", line 206, in wrapped_function
    return cors_after_request(app_any.make_response(f(*args, **kwargs)))
                                                    ^^^^^^^^^^^^^^^^^^
  File "/usr/local/lib/python3.12/site-packages/flask/app.py", line 917, in full_dispatch_request
    rv = self.dispatch_request()
         ^^^^^^^^^^^^^^^^^^^^^^^
  File "/usr/local/lib/python3.12/site-packages/flask/app.py", line 902, in dispatch_request
    return self.ensure_sync(self.view_functions[rule.endpoint])(**view_args)  # type: ignore[no-any-return]
           ^^^^^^^^^^^^^^^^^^^^^^^^^^^^^^^^^^^^^^^^^^^^^^^^^^^^^^^^^^^^^^^^^
  File "/app/admin_routes.py", line 936, in admin_get_activity
    ensure_admin_tables()
  File "/app/admin_routes.py", line 63, in ensure_admin_tables
    cur.execute("""
psycopg2.errors.UndefinedColumn: column "role" does not exist
LINE 3:         SELECT DISTINCT role
                                ^

2026-08-27 07:12:42,821 | INFO | werkzeug | 172.18.0.1 - - [27/Aug/2026 07:12:42] "[35m[1mGET /admin/activity HTTP/1.1[0m" 500 -
2026-08-27 07:12:47,865 | ERROR | app | Exception on /admin/users [GET]
Traceback (most recent call last):
  File "/usr/local/lib/python3.12/site-packages/flask/app.py", line 1511, in wsgi_app
    response = self.full_dispatch_request()
               ^^^^^^^^^^^^^^^^^^^^^^^^^^^^
  File "/usr/local/lib/python3.12/site-packages/flask/app.py", line 919, in full_dispatch_request
    rv = self.handle_user_exception(e)
         ^^^^^^^^^^^^^^^^^^^^^^^^^^^^^
  File "/usr/local/lib/python3.12/site-packages/flask_cors/extension.py", line 206, in wrapped_function
    return cors_after_request(app_any.make_response(f(*args, **kwargs)))
                                                    ^^^^^^^^^^^^^^^^^^
  File "/usr/local/lib/python3.12/site-packages/flask/app.py", line 917, in full_dispatch_request
    rv = self.dispatch_request()
         ^^^^^^^^^^^^^^^^^^^^^^^
  File "/usr/local/lib/python3.12/site-packages/flask/app.py", line 902, in dispatch_request
    return self.ensure_sync(self.view_functions[rule.endpoint])(**view_args)  # type: ignore[no-any-return]
           ^^^^^^^^^^^^^^^^^^^^^^^^^^^^^^^^^^^^^^^^^^^^^^^^^^^^^^^^^^^^^^^^^
  File "/app/admin_routes.py", line 230, in admin_get_users
    ensure_admin_tables()
  File "/app/admin_routes.py", line 63, in ensure_admin_tables
    cur.execute("""
psycopg2.errors.UndefinedColumn: column "role" does not exist
LINE 3:         SELECT DISTINCT role
                                ^

2026-08-27 07:12:47,876 | INFO | werkzeug | 172.18.0.1 - - [27/Aug/2026 07:12:47] "[35m[1mGET /admin/users HTTP/1.1[0m" 500 -
2026-08-27 07:12:47,892 | ERROR | app | Exception on /admin/activity [GET]
Traceback (most recent call last):
  File "/usr/local/lib/python3.12/site-packages/flask/app.py", line 1511, in wsgi_app
    response = self.full_dispatch_request()
               ^^^^^^^^^^^^^^^^^^^^^^^^^^^^
  File "/usr/local/lib/python3.12/site-packages/flask/app.py", line 919, in full_dispatch_request
    rv = self.handle_user_exception(e)
         ^^^^^^^^^^^^^^^^^^^^^^^^^^^^^
  File "/usr/local/lib/python3.12/site-packages/flask_cors/extension.py", line 206, in wrapped_function
    return cors_after_request(app_any.make_response(f(*args, **kwargs)))
                                                    ^^^^^^^^^^^^^^^^^^
  File "/usr/local/lib/python3.12/site-packages/flask/app.py", line 917, in full_dispatch_request
    rv = self.dispatch_request()
         ^^^^^^^^^^^^^^^^^^^^^^^
  File "/usr/local/lib/python3.12/site-packages/flask/app.py", line 902, in dispatch_request
    return self.ensure_sync(self.view_functions[rule.endpoint])(**view_args)  # type: ignore[no-any-return]
           ^^^^^^^^^^^^^^^^^^^^^^^^^^^^^^^^^^^^^^^^^^^^^^^^^^^^^^^^^^^^^^^^^
  File "/app/admin_routes.py", line 936, in admin_get_activity
    ensure_admin_tables()
  File "/app/admin_routes.py", line 63, in ensure_admin_tables
    cur.execute("""
psycopg2.errors.UndefinedColumn: column "role" does not exist
LINE 3:         SELECT DISTINCT role
                                ^

2026-08-27 07:12:47,897 | INFO | werkzeug | 172.18.0.1 - - [27/Aug/2026 07:12:47] "[35m[1mGET /admin/activity HTTP/1.1[0m" 500 -
2026-08-27 07:12:52,777 | INFO | werkzeug | 172.18.0.1 - - [27/Aug/2026 07:12:52] "OPTIONS /admin/users HTTP/1.1" 200 -
2026-08-27 07:12:52,778 | INFO | werkzeug | 172.18.0.1 - - [27/Aug/2026 07:12:52] "OPTIONS /admin/activity HTTP/1.1" 200 -
2026-08-27 07:12:52,806 | ERROR | app | Exception on /admin/users [GET]
Traceback (most recent call last):
  File "/usr/local/lib/python3.12/site-packages/flask/app.py", line 1511, in wsgi_app
    response = self.full_dispatch_request()
               ^^^^^^^^^^^^^^^^^^^^^^^^^^^^
  File "/usr/local/lib/python3.12/site-packages/flask/app.py", line 919, in full_dispatch_request
    rv = self.handle_user_exception(e)
         ^^^^^^^^^^^^^^^^^^^^^^^^^^^^^
  File "/usr/local/lib/python3.12/site-packages/flask_cors/extension.py", line 206, in wrapped_function
    return cors_after_request(app_any.make_response(f(*args, **kwargs)))
                                                    ^^^^^^^^^^^^^^^^^^
  File "/usr/local/lib/python3.12/site-packages/flask/app.py", line 917, in full_dispatch_request
    rv = self.dispatch_request()
         ^^^^^^^^^^^^^^^^^^^^^^^
  File "/usr/local/lib/python3.12/site-packages/flask/app.py", line 902, in dispatch_request
    return self.ensure_sync(self.view_functions[rule.endpoint])(**view_args)  # type: ignore[no-any-return]
           ^^^^^^^^^^^^^^^^^^^^^^^^^^^^^^^^^^^^^^^^^^^^^^^^^^^^^^^^^^^^^^^^^
  File "/app/admin_routes.py", line 230, in admin_get_users
    ensure_admin_tables()
  File "/app/admin_routes.py", line 63, in ensure_admin_tables
    cur.execute("""
psycopg2.errors.UndefinedColumn: column "role" does not exist
LINE 3:         SELECT DISTINCT role
                                ^

2026-08-27 07:12:52,812 | INFO | werkzeug | 172.18.0.1 - - [27/Aug/2026 07:12:52] "[35m[1mGET /admin/users HTTP/1.1[0m" 500 -
2026-08-27 07:12:52,820 | ERROR | app | Exception on /admin/activity [GET]
Traceback (most recent call last):
  File "/usr/local/lib/python3.12/site-packages/flask/app.py", line 1511, in wsgi_app
    response = self.full_dispatch_request()
               ^^^^^^^^^^^^^^^^^^^^^^^^^^^^
  File "/usr/local/lib/python3.12/site-packages/flask/app.py", line 919, in full_dispatch_request
    rv = self.handle_user_exception(e)
         ^^^^^^^^^^^^^^^^^^^^^^^^^^^^^
  File "/usr/local/lib/python3.12/site-packages/flask_cors/extension.py", line 206, in wrapped_function
    return cors_after_request(app_any.make_response(f(*args, **kwargs)))
                                                    ^^^^^^^^^^^^^^^^^^
  File "/usr/local/lib/python3.12/site-packages/flask/app.py", line 917, in full_dispatch_request
    rv = self.dispatch_request()
         ^^^^^^^^^^^^^^^^^^^^^^^
  File "/usr/local/lib/python3.12/site-packages/flask/app.py", line 902, in dispatch_request
    return self.ensure_sync(self.view_functions[rule.endpoint])(**view_args)  # type: ignore[no-any-return]
           ^^^^^^^^^^^^^^^^^^^^^^^^^^^^^^^^^^^^^^^^^^^^^^^^^^^^^^^^^^^^^^^^^
  File "/app/admin_routes.py", line 936, in admin_get_activity
    ensure_admin_tables()
  File "/app/admin_routes.py", line 63, in ensure_admin_tables
    cur.execute("""
psycopg2.errors.UndefinedColumn: column "role" does not exist
LINE 3:         SELECT DISTINCT role
                                ^

2026-08-27 07:12:52,826 | INFO | werkzeug | 172.18.0.1 - - [27/Aug/2026 07:12:52] "[35m[1mGET /admin/activity HTTP/1.1[0m" 500 -
2026-08-27 07:12:55,806 | INFO | werkzeug | 172.18.0.1 - - [27/Aug/2026 07:12:55] "GET /api/data/ohlc?symbol=BBCA HTTP/1.1" 200 -
2026-08-27 07:12:55,831 | INFO | werkzeug | 172.18.0.1 - - [27/Aug/2026 07:12:55] "GET /api/data/ohlc?symbol=TLKM HTTP/1.1" 200 -
2026-08-27 07:12:55,832 | INFO | werkzeug | 172.18.0.1 - - [27/Aug/2026 07:12:55] "GET /api/data/ohlc?symbol=BBNI HTTP/1.1" 200 -
2026-08-27 07:12:55,837 | INFO | werkzeug | 172.18.0.1 - - [27/Aug/2026 07:12:55] "GET /api/data/ohlc?symbol=BBRI HTTP/1.1" 200 -
2026-08-27 07:12:55,840 | INFO | werkzeug | 172.18.0.1 - - [27/Aug/2026 07:12:55] "GET /api/data/ohlc?symbol=BMRI HTTP/1.1" 200 -
2026-08-27 07:12:55,845 | INFO | werkzeug | 172.18.0.1 - - [27/Aug/2026 07:12:55] "GET /api/data/ohlc?symbol=ANTM HTTP/1.1" 200 -
2026-08-27 07:12:55,869 | INFO | werkzeug | 172.18.0.1 - - [27/Aug/2026 07:12:55] "GET /api/data/ohlc?symbol=BJBR HTTP/1.1" 200 -
2026-08-27 07:12:55,883 | INFO | werkzeug | 172.18.0.1 - - [27/Aug/2026 07:12:55] "GET /api/data/ohlc?symbol=GOTO HTTP/1.1" 200 -
2026-08-27 07:12:55,883 | INFO | werkzeug | 172.18.0.1 - - [27/Aug/2026 07:12:55] "GET /api/data/ohlc?symbol=ASII HTTP/1.1" 200 -
2026-08-27 07:12:57,277 | INFO | werkzeug | 172.18.0.1 - - [27/Aug/2026 07:12:57] "GET /api/data/ohlc?symbol=BBCA HTTP/1.1" 200 -
2026-08-27 07:12:57,294 | INFO | werkzeug | 172.18.0.1 - - [27/Aug/2026 07:12:57] "GET /api/data/ohlc?symbol=TLKM HTTP/1.1" 200 -
2026-08-27 07:12:57,299 | INFO | werkzeug | 172.18.0.1 - - [27/Aug/2026 07:12:57] "GET /api/data/ohlc?symbol=BBRI HTTP/1.1" 200 -
2026-08-27 07:12:57,302 | INFO | werkzeug | 172.18.0.1 - - [27/Aug/2026 07:12:57] "GET /api/data/ohlc?symbol=BJBR HTTP/1.1" 200 -
2026-08-27 07:12:57,310 | INFO | werkzeug | 172.18.0.1 - - [27/Aug/2026 07:12:57] "GET /api/data/ohlc?symbol=BBNI HTTP/1.1" 200 -
2026-08-27 07:12:57,319 | INFO | werkzeug | 172.18.0.1 - - [27/Aug/2026 07:12:57] "GET /api/data/ohlc?symbol=BMRI HTTP/1.1" 200 -
2026-08-27 07:12:57,347 | INFO | werkzeug | 172.18.0.1 - - [27/Aug/2026 07:12:57] "GET /api/data/ohlc?symbol=ASII HTTP/1.1" 200 -
2026-08-27 07:12:57,358 | INFO | werkzeug | 172.18.0.1 - - [27/Aug/2026 07:12:57] "GET /api/data/ohlc?symbol=GOTO HTTP/1.1" 200 -
2026-08-27 07:12:57,359 | INFO | werkzeug | 172.18.0.1 - - [27/Aug/2026 07:12:57] "GET /api/data/ohlc?symbol=ANTM HTTP/1.1" 200 -
2026-08-27 07:13:06,731 | INFO | werkzeug | 172.18.0.1 - - [27/Aug/2026 07:13:06] "OPTIONS /users/login HTTP/1.1" 200 -
2026-08-27 07:13:06,961 | INFO | werkzeug | 172.18.0.1 - - [27/Aug/2026 07:13:06] "POST /users/login HTTP/1.1" 200 -
2026-08-27 07:13:07,002 | INFO | werkzeug | 172.18.0.1 - - [27/Aug/2026 07:13:07] "GET /users/1/watchlists HTTP/1.1" 200 -
2026-08-27 07:13:07,089 | INFO | werkzeug | 172.18.0.1 - - [27/Aug/2026 07:13:07] "GET /api/data/ohlc?symbol=TLKM HTTP/1.1" 200 -
2026-08-27 07:13:07,096 | INFO | werkzeug | 172.18.0.1 - - [27/Aug/2026 07:13:07] "GET /api/data/ohlc?symbol=BBCA HTTP/1.1" 200 -
2026-08-27 07:13:07,098 | INFO | werkzeug | 172.18.0.1 - - [27/Aug/2026 07:13:07] "GET /api/data/ohlc?symbol=ANTM HTTP/1.1" 200 -
2026-08-27 07:13:07,109 | INFO | werkzeug | 172.18.0.1 - - [27/Aug/2026 07:13:07] "GET /api/data/ohlc?symbol=BBRI HTTP/1.1" 200 -
2026-08-27 07:13:07,115 | INFO | werkzeug | 172.18.0.1 - - [27/Aug/2026 07:13:07] "GET /api/data/ohlc?symbol=PTBA HTTP/1.1" 200 -
2026-08-27 07:13:07,127 | INFO | werkzeug | 172.18.0.1 - - [27/Aug/2026 07:13:07] "GET /api/data/ohlc?symbol=BMRI HTTP/1.1" 200 -
2026-08-27 07:13:07,132 | INFO | werkzeug | 172.18.0.1 - - [27/Aug/2026 07:13:07] "GET /api/data/ohlc?symbol=NSSS HTTP/1.1" 200 -
2026-08-27 07:13:07,154 | INFO | werkzeug | 172.18.0.1 - - [27/Aug/2026 07:13:07] "GET /api/data/ohlc?symbol=GOTO HTTP/1.1" 200 -
2026-08-27 07:13:07,178 | INFO | werkzeug | 172.18.0.1 - - [27/Aug/2026 07:13:07] "GET /api/data/majorholder?symbol=BBNI HTTP/1.1" 200 -
2026-08-27 07:13:07,179 | INFO | werkzeug | 172.18.0.1 - - [27/Aug/2026 07:13:07] "GET /api/data/broker-activity?symbol=BBNI HTTP/1.1" 200 -
2026-08-27 07:13:07,181 | INFO | werkzeug | 172.18.0.1 - - [27/Aug/2026 07:13:07] "GET /api/data/stock-info?symbol=BBNI HTTP/1.1" 200 -
2026-08-27 07:13:07,194 | INFO | werkzeug | 172.18.0.1 - - [27/Aug/2026 07:13:07] "GET /api/data/technical?symbol=BBNI HTTP/1.1" 200 -
2026-08-27 07:13:07,210 | INFO | werkzeug | 172.18.0.1 - - [27/Aug/2026 07:13:07] "GET /api/data/ohlc?symbol=BBNI HTTP/1.1" 200 -
2026-08-27 07:13:07,229 | INFO | werkzeug | 172.18.0.1 - - [27/Aug/2026 07:13:07] "GET /api/prescriptive/results?symbol=BBNI HTTP/1.1" 200 -
2026-08-27 07:13:07,234 | INFO | werkzeug | 172.18.0.1 - - [27/Aug/2026 07:13:07] "GET /api/diagnostic/results?symbol=BBNI HTTP/1.1" 200 -
2026-08-27 07:13:07,241 | INFO | werkzeug | 172.18.0.1 - - [27/Aug/2026 07:13:07] "GET /api/data/forecast?symbol=BBNI HTTP/1.1" 200 -
2026-08-27 07:13:17,625 | INFO | werkzeug | 172.18.0.1 - - [27/Aug/2026 07:13:17] "GET /api/data/ohlc?symbol=BBCA HTTP/1.1" 200 -
2026-08-27 07:13:17,636 | INFO | werkzeug | 172.18.0.1 - - [27/Aug/2026 07:13:17] "GET /api/data/ohlc?symbol=BBRI HTTP/1.1" 200 -
2026-08-27 07:13:17,642 | INFO | werkzeug | 172.18.0.1 - - [27/Aug/2026 07:13:17] "GET /api/data/ohlc?symbol=BJBR HTTP/1.1" 200 -
2026-08-27 07:13:17,659 | INFO | werkzeug | 172.18.0.1 - - [27/Aug/2026 07:13:17] "GET /api/data/ohlc?symbol=BMRI HTTP/1.1" 200 -
2026-08-27 07:13:17,660 | INFO | werkzeug | 172.18.0.1 - - [27/Aug/2026 07:13:17] "GET /api/data/ohlc?symbol=BBNI HTTP/1.1" 200 -
2026-08-27 07:13:17,661 | INFO | werkzeug | 172.18.0.1 - - [27/Aug/2026 07:13:17] "GET /api/data/ohlc?symbol=TLKM HTTP/1.1" 200 -
2026-08-27 07:13:17,690 | INFO | werkzeug | 172.18.0.1 - - [27/Aug/2026 07:13:17] "GET /api/data/ohlc?symbol=ASII HTTP/1.1" 200 -
2026-08-27 07:13:17,697 | INFO | werkzeug | 172.18.0.1 - - [27/Aug/2026 07:13:17] "GET /api/data/ohlc?symbol=ANTM HTTP/1.1" 200 -
2026-08-27 07:13:17,704 | INFO | werkzeug | 172.18.0.1 - - [27/Aug/2026 07:13:17] "GET /api/data/ohlc?symbol=GOTO HTTP/1.1" 200 -
2026-08-27 07:15:18,844 | INFO | werkzeug | 172.18.0.1 - - [27/Aug/2026 07:15:18] "GET /api/data/ohlc?symbol=BBCA HTTP/1.1" 200 -
2026-08-27 07:15:18,878 | INFO | werkzeug | 172.18.0.1 - - [27/Aug/2026 07:15:18] "GET /api/data/ohlc?symbol=BBRI HTTP/1.1" 200 -
2026-08-27 07:15:18,881 | INFO | werkzeug | 172.18.0.1 - - [27/Aug/2026 07:15:18] "GET /api/data/ohlc?symbol=TLKM HTTP/1.1" 200 -
2026-08-27 07:15:18,881 | INFO | werkzeug | 172.18.0.1 - - [27/Aug/2026 07:15:18] "GET /api/data/ohlc?symbol=BBNI HTTP/1.1" 200 -
2026-08-27 07:15:18,887 | INFO | werkzeug | 172.18.0.1 - - [27/Aug/2026 07:15:18] "GET /api/data/ohlc?symbol=BMRI HTTP/1.1" 200 -
2026-08-27 07:15:18,894 | INFO | werkzeug | 172.18.0.1 - - [27/Aug/2026 07:15:18] "GET /api/data/ohlc?symbol=BJBR HTTP/1.1" 200 -
2026-08-27 07:15:18,919 | INFO | werkzeug | 172.18.0.1 - - [27/Aug/2026 07:15:18] "GET /api/data/ohlc?symbol=ASII HTTP/1.1" 200 -
2026-08-27 07:15:18,929 | INFO | werkzeug | 172.18.0.1 - - [27/Aug/2026 07:15:18] "GET /api/data/ohlc?symbol=ANTM HTTP/1.1" 200 -
2026-08-27 07:15:18,934 | INFO | werkzeug | 172.18.0.1 - - [27/Aug/2026 07:15:18] "GET /api/data/ohlc?symbol=GOTO HTTP/1.1" 200 -
2026-08-27 07:15:38,202 | INFO | werkzeug | 172.18.0.1 - - [27/Aug/2026 07:15:38] "OPTIONS /users/login HTTP/1.1" 200 -
2026-08-27 07:15:38,424 | INFO | werkzeug | 172.18.0.1 - - [27/Aug/2026 07:15:38] "POST /users/login HTTP/1.1" 200 -
2026-08-27 07:15:38,467 | INFO | werkzeug | 172.18.0.1 - - [27/Aug/2026 07:15:38] "GET /users/2/watchlists HTTP/1.1" 200 -
2026-08-27 07:15:38,577 | INFO | werkzeug | 172.18.0.1 - - [27/Aug/2026 07:15:38] "GET /api/data/ohlc?symbol=BBNI HTTP/1.1" 200 -
2026-08-27 07:15:38,593 | INFO | werkzeug | 172.18.0.1 - - [27/Aug/2026 07:15:38] "GET /api/data/ohlc?symbol=BBRI HTTP/1.1" 200 -
2026-08-27 07:15:38,594 | INFO | werkzeug | 172.18.0.1 - - [27/Aug/2026 07:15:38] "GET /api/data/ohlc?symbol=BMRI HTTP/1.1" 200 -
2026-08-27 07:15:38,599 | INFO | werkzeug | 172.18.0.1 - - [27/Aug/2026 07:15:38] "GET /api/data/ohlc?symbol=BBCA HTTP/1.1" 200 -
2026-08-27 07:15:38,605 | INFO | werkzeug | 172.18.0.1 - - [27/Aug/2026 07:15:38] "GET /api/data/ohlc?symbol=TLKM HTTP/1.1" 200 -
2026-08-27 07:15:38,605 | INFO | werkzeug | 172.18.0.1 - - [27/Aug/2026 07:15:38] "GET /api/data/ohlc?symbol=BJBR HTTP/1.1" 200 -
2026-08-27 07:15:38,646 | INFO | werkzeug | 172.18.0.1 - - [27/Aug/2026 07:15:38] "GET /api/data/ohlc?symbol=ASII HTTP/1.1" 200 -
2026-08-27 07:15:38,651 | INFO | werkzeug | 172.18.0.1 - - [27/Aug/2026 07:15:38] "GET /api/data/ohlc?symbol=GOTO HTTP/1.1" 200 -
2026-08-27 07:15:38,651 | INFO | werkzeug | 172.18.0.1 - - [27/Aug/2026 07:15:38] "GET /api/data/ohlc?symbol=ANTM HTTP/1.1" 200 -
2026-08-27 07:15:38,652 | INFO | werkzeug | 172.18.0.1 - - [27/Aug/2026 07:15:38] "GET /api/data/majorholder?symbol=BBCA HTTP/1.1" 200 -
2026-08-27 07:15:38,658 | INFO | werkzeug | 172.18.0.1 - - [27/Aug/2026 07:15:38] "GET /api/data/broker-activity?symbol=BBCA HTTP/1.1" 200 -
2026-08-27 07:15:38,664 | INFO | werkzeug | 172.18.0.1 - - [27/Aug/2026 07:15:38] "GET /api/data/stock-info?symbol=BBCA HTTP/1.1" 200 -
2026-08-27 07:15:38,682 | INFO | werkzeug | 172.18.0.1 - - [27/Aug/2026 07:15:38] "GET /api/prescriptive/results?symbol=BBCA HTTP/1.1" 200 -
2026-08-27 07:15:38,696 | INFO | werkzeug | 172.18.0.1 - - [27/Aug/2026 07:15:38] "GET /api/diagnostic/results?symbol=BBCA HTTP/1.1" 200 -
2026-08-27 07:15:38,697 | INFO | werkzeug | 172.18.0.1 - - [27/Aug/2026 07:15:38] "GET /api/data/technical?symbol=BBCA HTTP/1.1" 200 -
2026-08-27 07:15:38,704 | INFO | werkzeug | 172.18.0.1 - - [27/Aug/2026 07:15:38] "GET /api/data/ohlc?symbol=BBCA HTTP/1.1" 200 -
2026-08-27 07:15:38,720 | INFO | werkzeug | 172.18.0.1 - - [27/Aug/2026 07:15:38] "GET /api/data/forecast?symbol=BBCA HTTP/1.1" 200 -
2026-08-27 07:15:43,545 | INFO | werkzeug | 172.18.0.1 - - [27/Aug/2026 07:15:43] "OPTIONS /admin/users HTTP/1.1" 200 -
2026-08-27 07:15:43,548 | INFO | werkzeug | 172.18.0.1 - - [27/Aug/2026 07:15:43] "OPTIONS /admin/activity HTTP/1.1" 200 -
2026-08-27 07:15:43,580 | ERROR | app | Exception on /admin/users [GET]
Traceback (most recent call last):
  File "/usr/local/lib/python3.12/site-packages/flask/app.py", line 1511, in wsgi_app
    response = self.full_dispatch_request()
               ^^^^^^^^^^^^^^^^^^^^^^^^^^^^
  File "/usr/local/lib/python3.12/site-packages/flask/app.py", line 919, in full_dispatch_request
    rv = self.handle_user_exception(e)
         ^^^^^^^^^^^^^^^^^^^^^^^^^^^^^
  File "/usr/local/lib/python3.12/site-packages/flask_cors/extension.py", line 206, in wrapped_function
    return cors_after_request(app_any.make_response(f(*args, **kwargs)))
                                                    ^^^^^^^^^^^^^^^^^^
  File "/usr/local/lib/python3.12/site-packages/flask/app.py", line 917, in full_dispatch_request
    rv = self.dispatch_request()
         ^^^^^^^^^^^^^^^^^^^^^^^
  File "/usr/local/lib/python3.12/site-packages/flask/app.py", line 902, in dispatch_request
    return self.ensure_sync(self.view_functions[rule.endpoint])(**view_args)  # type: ignore[no-any-return]
           ^^^^^^^^^^^^^^^^^^^^^^^^^^^^^^^^^^^^^^^^^^^^^^^^^^^^^^^^^^^^^^^^^
  File "/app/admin_routes.py", line 230, in admin_get_users
    ensure_admin_tables()
  File "/app/admin_routes.py", line 63, in ensure_admin_tables
    cur.execute("""
psycopg2.errors.UndefinedColumn: column "role" does not exist
LINE 3:         SELECT DISTINCT role
                                ^

2026-08-27 07:15:43,583 | INFO | werkzeug | 172.18.0.1 - - [27/Aug/2026 07:15:43] "[35m[1mGET /admin/users HTTP/1.1[0m" 500 -
2026-08-27 07:15:43,603 | ERROR | app | Exception on /admin/activity [GET]
Traceback (most recent call last):
  File "/usr/local/lib/python3.12/site-packages/flask/app.py", line 1511, in wsgi_app
    response = self.full_dispatch_request()
               ^^^^^^^^^^^^^^^^^^^^^^^^^^^^
  File "/usr/local/lib/python3.12/site-packages/flask/app.py", line 919, in full_dispatch_request
    rv = self.handle_user_exception(e)
         ^^^^^^^^^^^^^^^^^^^^^^^^^^^^^
  File "/usr/local/lib/python3.12/site-packages/flask_cors/extension.py", line 206, in wrapped_function
    return cors_after_request(app_any.make_response(f(*args, **kwargs)))
                                                    ^^^^^^^^^^^^^^^^^^
  File "/usr/local/lib/python3.12/site-packages/flask/app.py", line 917, in full_dispatch_request
    rv = self.dispatch_request()
         ^^^^^^^^^^^^^^^^^^^^^^^
  File "/usr/local/lib/python3.12/site-packages/flask/app.py", line 902, in dispatch_request
    return self.ensure_sync(self.view_functions[rule.endpoint])(**view_args)  # type: ignore[no-any-return]
           ^^^^^^^^^^^^^^^^^^^^^^^^^^^^^^^^^^^^^^^^^^^^^^^^^^^^^^^^^^^^^^^^^
  File "/app/admin_routes.py", line 936, in admin_get_activity
    ensure_admin_tables()
  File "/app/admin_routes.py", line 63, in ensure_admin_tables
    cur.execute("""
psycopg2.errors.UndefinedColumn: column "role" does not exist
LINE 3:         SELECT DISTINCT role
                                ^

2026-08-27 07:15:43,609 | INFO | werkzeug | 172.18.0.1 - - [27/Aug/2026 07:15:43] "[35m[1mGET /admin/activity HTTP/1.1[0m" 500 -
2026-08-27 07:15:48,564 | ERROR | app | Exception on /admin/users [GET]
Traceback (most recent call last):
  File "/usr/local/lib/python3.12/site-packages/flask/app.py", line 1511, in wsgi_app
    response = self.full_dispatch_request()
               ^^^^^^^^^^^^^^^^^^^^^^^^^^^^
  File "/usr/local/lib/python3.12/site-packages/flask/app.py", line 919, in full_dispatch_request
    rv = self.handle_user_exception(e)
         ^^^^^^^^^^^^^^^^^^^^^^^^^^^^^
  File "/usr/local/lib/python3.12/site-packages/flask_cors/extension.py", line 206, in wrapped_function
    return cors_after_request(app_any.make_response(f(*args, **kwargs)))
                                                    ^^^^^^^^^^^^^^^^^^
  File "/usr/local/lib/python3.12/site-packages/flask/app.py", line 917, in full_dispatch_request
    rv = self.dispatch_request()
         ^^^^^^^^^^^^^^^^^^^^^^^
  File "/usr/local/lib/python3.12/site-packages/flask/app.py", line 902, in dispatch_request
    return self.ensure_sync(self.view_functions[rule.endpoint])(**view_args)  # type: ignore[no-any-return]
           ^^^^^^^^^^^^^^^^^^^^^^^^^^^^^^^^^^^^^^^^^^^^^^^^^^^^^^^^^^^^^^^^^
  File "/app/admin_routes.py", line 230, in admin_get_users
    ensure_admin_tables()
  File "/app/admin_routes.py", line 63, in ensure_admin_tables
    cur.execute("""
psycopg2.errors.UndefinedColumn: column "role" does not exist
LINE 3:         SELECT DISTINCT role
                                ^

2026-08-27 07:15:48,573 | INFO | werkzeug | 172.18.0.1 - - [27/Aug/2026 07:15:48] "[35m[1mGET /admin/users HTTP/1.1[0m" 500 -
2026-08-27 07:15:48,583 | ERROR | app | Exception on /admin/activity [GET]
Traceback (most recent call last):
  File "/usr/local/lib/python3.12/site-packages/flask/app.py", line 1511, in wsgi_app
    response = self.full_dispatch_request()
               ^^^^^^^^^^^^^^^^^^^^^^^^^^^^
  File "/usr/local/lib/python3.12/site-packages/flask/app.py", line 919, in full_dispatch_request
    rv = self.handle_user_exception(e)
         ^^^^^^^^^^^^^^^^^^^^^^^^^^^^^
  File "/usr/local/lib/python3.12/site-packages/flask_cors/extension.py", line 206, in wrapped_function
    return cors_after_request(app_any.make_response(f(*args, **kwargs)))
                                                    ^^^^^^^^^^^^^^^^^^
  File "/usr/local/lib/python3.12/site-packages/flask/app.py", line 917, in full_dispatch_request
    rv = self.dispatch_request()
         ^^^^^^^^^^^^^^^^^^^^^^^
  File "/usr/local/lib/python3.12/site-packages/flask/app.py", line 902, in dispatch_request
    return self.ensure_sync(self.view_functions[rule.endpoint])(**view_args)  # type: ignore[no-any-return]
           ^^^^^^^^^^^^^^^^^^^^^^^^^^^^^^^^^^^^^^^^^^^^^^^^^^^^^^^^^^^^^^^^^
  File "/app/admin_routes.py", line 936, in admin_get_activity
    ensure_admin_tables()
  File "/app/admin_routes.py", line 63, in ensure_admin_tables
    cur.execute("""
psycopg2.errors.UndefinedColumn: column "role" does not exist
LINE 3:         SELECT DISTINCT role
                                ^

2026-08-27 07:15:48,588 | INFO | werkzeug | 172.18.0.1 - - [27/Aug/2026 07:15:48] "[35m[1mGET /admin/activity HTTP/1.1[0m" 500 -
2026-08-27 07:15:53,534 | INFO | werkzeug | 172.18.0.1 - - [27/Aug/2026 07:15:53] "OPTIONS /admin/users HTTP/1.1" 200 -
2026-08-27 07:15:53,535 | INFO | werkzeug | 172.18.0.1 - - [27/Aug/2026 07:15:53] "OPTIONS /admin/activity HTTP/1.1" 200 -
2026-08-27 07:15:53,562 | ERROR | app | Exception on /admin/users [GET]
Traceback (most recent call last):
  File "/usr/local/lib/python3.12/site-packages/flask/app.py", line 1511, in wsgi_app
    response = self.full_dispatch_request()
               ^^^^^^^^^^^^^^^^^^^^^^^^^^^^
  File "/usr/local/lib/python3.12/site-packages/flask/app.py", line 919, in full_dispatch_request
    rv = self.handle_user_exception(e)
         ^^^^^^^^^^^^^^^^^^^^^^^^^^^^^
  File "/usr/local/lib/python3.12/site-packages/flask_cors/extension.py", line 206, in wrapped_function
    return cors_after_request(app_any.make_response(f(*args, **kwargs)))
                                                    ^^^^^^^^^^^^^^^^^^
  File "/usr/local/lib/python3.12/site-packages/flask/app.py", line 917, in full_dispatch_request
    rv = self.dispatch_request()
         ^^^^^^^^^^^^^^^^^^^^^^^
  File "/usr/local/lib/python3.12/site-packages/flask/app.py", line 902, in dispatch_request
    return self.ensure_sync(self.view_functions[rule.endpoint])(**view_args)  # type: ignore[no-any-return]
           ^^^^^^^^^^^^^^^^^^^^^^^^^^^^^^^^^^^^^^^^^^^^^^^^^^^^^^^^^^^^^^^^^
  File "/app/admin_routes.py", line 230, in admin_get_users
    ensure_admin_tables()
  File "/app/admin_routes.py", line 63, in ensure_admin_tables
    cur.execute("""
psycopg2.errors.UndefinedColumn: column "role" does not exist
LINE 3:         SELECT DISTINCT role
                                ^

2026-08-27 07:15:53,571 | INFO | werkzeug | 172.18.0.1 - - [27/Aug/2026 07:15:53] "[35m[1mGET /admin/users HTTP/1.1[0m" 500 -
2026-08-27 07:15:53,580 | ERROR | app | Exception on /admin/activity [GET]
Traceback (most recent call last):
  File "/usr/local/lib/python3.12/site-packages/flask/app.py", line 1511, in wsgi_app
    response = self.full_dispatch_request()
               ^^^^^^^^^^^^^^^^^^^^^^^^^^^^
  File "/usr/local/lib/python3.12/site-packages/flask/app.py", line 919, in full_dispatch_request
    rv = self.handle_user_exception(e)
         ^^^^^^^^^^^^^^^^^^^^^^^^^^^^^
  File "/usr/local/lib/python3.12/site-packages/flask_cors/extension.py", line 206, in wrapped_function
    return cors_after_request(app_any.make_response(f(*args, **kwargs)))
                                                    ^^^^^^^^^^^^^^^^^^
  File "/usr/local/lib/python3.12/site-packages/flask/app.py", line 917, in full_dispatch_request
    rv = self.dispatch_request()
         ^^^^^^^^^^^^^^^^^^^^^^^
  File "/usr/local/lib/python3.12/site-packages/flask/app.py", line 902, in dispatch_request
    return self.ensure_sync(self.view_functions[rule.endpoint])(**view_args)  # type: ignore[no-any-return]
           ^^^^^^^^^^^^^^^^^^^^^^^^^^^^^^^^^^^^^^^^^^^^^^^^^^^^^^^^^^^^^^^^^
  File "/app/admin_routes.py", line 936, in admin_get_activity
    ensure_admin_tables()
  File "/app/admin_routes.py", line 63, in ensure_admin_tables
    cur.execute("""
psycopg2.errors.UndefinedColumn: column "role" does not exist
LINE 3:         SELECT DISTINCT role
                                ^

2026-08-27 07:15:53,586 | INFO | werkzeug | 172.18.0.1 - - [27/Aug/2026 07:15:53] "[35m[1mGET /admin/activity HTTP/1.1[0m" 500 -
2026-08-27 07:15:58,558 | ERROR | app | Exception on /admin/users [GET]
Traceback (most recent call last):
  File "/usr/local/lib/python3.12/site-packages/flask/app.py", line 1511, in wsgi_app
    response = self.full_dispatch_request()
               ^^^^^^^^^^^^^^^^^^^^^^^^^^^^
  File "/usr/local/lib/python3.12/site-packages/flask/app.py", line 919, in full_dispatch_request
    rv = self.handle_user_exception(e)
         ^^^^^^^^^^^^^^^^^^^^^^^^^^^^^
  File "/usr/local/lib/python3.12/site-packages/flask_cors/extension.py", line 206, in wrapped_function
    return cors_after_request(app_any.make_response(f(*args, **kwargs)))
                                                    ^^^^^^^^^^^^^^^^^^
  File "/usr/local/lib/python3.12/site-packages/flask/app.py", line 917, in full_dispatch_request
    rv = self.dispatch_request()
         ^^^^^^^^^^^^^^^^^^^^^^^
  File "/usr/local/lib/python3.12/site-packages/flask/app.py", line 902, in dispatch_request
    return self.ensure_sync(self.view_functions[rule.endpoint])(**view_args)  # type: ignore[no-any-return]
           ^^^^^^^^^^^^^^^^^^^^^^^^^^^^^^^^^^^^^^^^^^^^^^^^^^^^^^^^^^^^^^^^^
  File "/app/admin_routes.py", line 230, in admin_get_users
    ensure_admin_tables()
  File "/app/admin_routes.py", line 63, in ensure_admin_tables
    cur.execute("""
psycopg2.errors.UndefinedColumn: column "role" does not exist
LINE 3:         SELECT DISTINCT role
                                ^

2026-08-27 07:15:58,563 | INFO | werkzeug | 172.18.0.1 - - [27/Aug/2026 07:15:58] "[35m[1mGET /admin/users HTTP/1.1[0m" 500 -
2026-08-27 07:15:58,575 | ERROR | app | Exception on /admin/activity [GET]
Traceback (most recent call last):
  File "/usr/local/lib/python3.12/site-packages/flask/app.py", line 1511, in wsgi_app
    response = self.full_dispatch_request()
               ^^^^^^^^^^^^^^^^^^^^^^^^^^^^
  File "/usr/local/lib/python3.12/site-packages/flask/app.py", line 919, in full_dispatch_request
    rv = self.handle_user_exception(e)
         ^^^^^^^^^^^^^^^^^^^^^^^^^^^^^
  File "/usr/local/lib/python3.12/site-packages/flask_cors/extension.py", line 206, in wrapped_function
    return cors_after_request(app_any.make_response(f(*args, **kwargs)))
                                                    ^^^^^^^^^^^^^^^^^^
  File "/usr/local/lib/python3.12/site-packages/flask/app.py", line 917, in full_dispatch_request
    rv = self.dispatch_request()
         ^^^^^^^^^^^^^^^^^^^^^^^
  File "/usr/local/lib/python3.12/site-packages/flask/app.py", line 902, in dispatch_request
    return self.ensure_sync(self.view_functions[rule.endpoint])(**view_args)  # type: ignore[no-any-return]
           ^^^^^^^^^^^^^^^^^^^^^^^^^^^^^^^^^^^^^^^^^^^^^^^^^^^^^^^^^^^^^^^^^
  File "/app/admin_routes.py", line 936, in admin_get_activity
    ensure_admin_tables()
  File "/app/admin_routes.py", line 63, in ensure_admin_tables
    cur.execute("""
psycopg2.errors.UndefinedColumn: column "role" does not exist
LINE 3:         SELECT DISTINCT role
                                ^

2026-08-27 07:15:58,578 | INFO | werkzeug | 172.18.0.1 - - [27/Aug/2026 07:15:58] "[35m[1mGET /admin/activity HTTP/1.1[0m" 500 -
2026-08-27 07:16:03,783 | INFO | werkzeug | 172.18.0.1 - - [27/Aug/2026 07:16:03] "GET /api/data/tickers HTTP/1.1" 200 -
2026-08-27 07:16:03,811 | INFO | werkzeug | 172.18.0.1 - - [27/Aug/2026 07:16:03] "GET /users/2/watchlists HTTP/1.1" 200 -
2026-08-27 07:16:03,869 | INFO | werkzeug | 172.18.0.1 - - [27/Aug/2026 07:16:03] "OPTIONS /admin/users HTTP/1.1" 200 -
2026-08-27 07:16:03,872 | INFO | werkzeug | 172.18.0.1 - - [27/Aug/2026 07:16:03] "OPTIONS /admin/activity HTTP/1.1" 200 -
2026-08-27 07:16:03,911 | ERROR | app | Exception on /admin/users [GET]
Traceback (most recent call last):
  File "/usr/local/lib/python3.12/site-packages/flask/app.py", line 1511, in wsgi_app
    response = self.full_dispatch_request()
               ^^^^^^^^^^^^^^^^^^^^^^^^^^^^
  File "/usr/local/lib/python3.12/site-packages/flask/app.py", line 919, in full_dispatch_request
    rv = self.handle_user_exception(e)
         ^^^^^^^^^^^^^^^^^^^^^^^^^^^^^
  File "/usr/local/lib/python3.12/site-packages/flask_cors/extension.py", line 206, in wrapped_function
    return cors_after_request(app_any.make_response(f(*args, **kwargs)))
                                                    ^^^^^^^^^^^^^^^^^^
  File "/usr/local/lib/python3.12/site-packages/flask/app.py", line 917, in full_dispatch_request
    rv = self.dispatch_request()
         ^^^^^^^^^^^^^^^^^^^^^^^
  File "/usr/local/lib/python3.12/site-packages/flask/app.py", line 902, in dispatch_request
    return self.ensure_sync(self.view_functions[rule.endpoint])(**view_args)  # type: ignore[no-any-return]
           ^^^^^^^^^^^^^^^^^^^^^^^^^^^^^^^^^^^^^^^^^^^^^^^^^^^^^^^^^^^^^^^^^
  File "/app/admin_routes.py", line 230, in admin_get_users
    ensure_admin_tables()
  File "/app/admin_routes.py", line 63, in ensure_admin_tables
    cur.execute("""
psycopg2.errors.UndefinedColumn: column "role" does not exist
LINE 3:         SELECT DISTINCT role
                                ^

2026-08-27 07:16:03,917 | INFO | werkzeug | 172.18.0.1 - - [27/Aug/2026 07:16:03] "[35m[1mGET /admin/users HTTP/1.1[0m" 500 -
2026-08-27 07:16:03,929 | ERROR | app | Exception on /admin/activity [GET]
Traceback (most recent call last):
  File "/usr/local/lib/python3.12/site-packages/flask/app.py", line 1511, in wsgi_app
    response = self.full_dispatch_request()
               ^^^^^^^^^^^^^^^^^^^^^^^^^^^^
  File "/usr/local/lib/python3.12/site-packages/flask/app.py", line 919, in full_dispatch_request
    rv = self.handle_user_exception(e)
         ^^^^^^^^^^^^^^^^^^^^^^^^^^^^^
  File "/usr/local/lib/python3.12/site-packages/flask_cors/extension.py", line 206, in wrapped_function
    return cors_after_request(app_any.make_response(f(*args, **kwargs)))
                                                    ^^^^^^^^^^^^^^^^^^
  File "/usr/local/lib/python3.12/site-packages/flask/app.py", line 917, in full_dispatch_request
    rv = self.dispatch_request()
         ^^^^^^^^^^^^^^^^^^^^^^^
  File "/usr/local/lib/python3.12/site-packages/flask/app.py", line 902, in dispatch_request
    return self.ensure_sync(self.view_functions[rule.endpoint])(**view_args)  # type: ignore[no-any-return]
           ^^^^^^^^^^^^^^^^^^^^^^^^^^^^^^^^^^^^^^^^^^^^^^^^^^^^^^^^^^^^^^^^^
  File "/app/admin_routes.py", line 936, in admin_get_activity
    ensure_admin_tables()
  File "/app/admin_routes.py", line 63, in ensure_admin_tables
    cur.execute("""
psycopg2.errors.UndefinedColumn: column "role" does not exist
LINE 3:         SELECT DISTINCT role
                                ^

2026-08-27 07:16:03,934 | INFO | werkzeug | 172.18.0.1 - - [27/Aug/2026 07:16:03] "[35m[1mGET /admin/activity HTTP/1.1[0m" 500 -
2026-08-27 07:16:08,887 | ERROR | app | Exception on /admin/users [GET]
Traceback (most recent call last):
  File "/usr/local/lib/python3.12/site-packages/flask/app.py", line 1511, in wsgi_app
    response = self.full_dispatch_request()
               ^^^^^^^^^^^^^^^^^^^^^^^^^^^^
  File "/usr/local/lib/python3.12/site-packages/flask/app.py", line 919, in full_dispatch_request
    rv = self.handle_user_exception(e)
         ^^^^^^^^^^^^^^^^^^^^^^^^^^^^^
  File "/usr/local/lib/python3.12/site-packages/flask_cors/extension.py", line 206, in wrapped_function
    return cors_after_request(app_any.make_response(f(*args, **kwargs)))
                                                    ^^^^^^^^^^^^^^^^^^
  File "/usr/local/lib/python3.12/site-packages/flask/app.py", line 917, in full_dispatch_request
    rv = self.dispatch_request()
         ^^^^^^^^^^^^^^^^^^^^^^^
  File "/usr/local/lib/python3.12/site-packages/flask/app.py", line 902, in dispatch_request
    return self.ensure_sync(self.view_functions[rule.endpoint])(**view_args)  # type: ignore[no-any-return]
           ^^^^^^^^^^^^^^^^^^^^^^^^^^^^^^^^^^^^^^^^^^^^^^^^^^^^^^^^^^^^^^^^^
  File "/app/admin_routes.py", line 230, in admin_get_users
    ensure_admin_tables()
  File "/app/admin_routes.py", line 63, in ensure_admin_tables
    cur.execute("""
psycopg2.errors.UndefinedColumn: column "role" does not exist
LINE 3:         SELECT DISTINCT role
                                ^

2026-08-27 07:16:08,891 | INFO | werkzeug | 172.18.0.1 - - [27/Aug/2026 07:16:08] "[35m[1mGET /admin/users HTTP/1.1[0m" 500 -
2026-08-27 07:16:08,903 | ERROR | app | Exception on /admin/activity [GET]
Traceback (most recent call last):
  File "/usr/local/lib/python3.12/site-packages/flask/app.py", line 1511, in wsgi_app
    response = self.full_dispatch_request()
               ^^^^^^^^^^^^^^^^^^^^^^^^^^^^
  File "/usr/local/lib/python3.12/site-packages/flask/app.py", line 919, in full_dispatch_request
    rv = self.handle_user_exception(e)
         ^^^^^^^^^^^^^^^^^^^^^^^^^^^^^
  File "/usr/local/lib/python3.12/site-packages/flask_cors/extension.py", line 206, in wrapped_function
    return cors_after_request(app_any.make_response(f(*args, **kwargs)))
                                                    ^^^^^^^^^^^^^^^^^^
  File "/usr/local/lib/python3.12/site-packages/flask/app.py", line 917, in full_dispatch_request
    rv = self.dispatch_request()
         ^^^^^^^^^^^^^^^^^^^^^^^
  File "/usr/local/lib/python3.12/site-packages/flask/app.py", line 902, in dispatch_request
    return self.ensure_sync(self.view_functions[rule.endpoint])(**view_args)  # type: ignore[no-any-return]
           ^^^^^^^^^^^^^^^^^^^^^^^^^^^^^^^^^^^^^^^^^^^^^^^^^^^^^^^^^^^^^^^^^
  File "/app/admin_routes.py", line 936, in admin_get_activity
    ensure_admin_tables()
  File "/app/admin_routes.py", line 63, in ensure_admin_tables
    cur.execute("""
psycopg2.errors.UndefinedColumn: column "role" does not exist
LINE 3:         SELECT DISTINCT role
                                ^

2026-08-27 07:16:08,907 | INFO | werkzeug | 172.18.0.1 - - [27/Aug/2026 07:16:08] "[35m[1mGET /admin/activity HTTP/1.1[0m" 500 -
2026-08-27 07:16:13,864 | INFO | werkzeug | 172.18.0.1 - - [27/Aug/2026 07:16:13] "OPTIONS /admin/users HTTP/1.1" 200 -
2026-08-27 07:16:13,865 | INFO | werkzeug | 172.18.0.1 - - [27/Aug/2026 07:16:13] "OPTIONS /admin/activity HTTP/1.1" 200 -
2026-08-27 07:16:13,894 | ERROR | app | Exception on /admin/users [GET]
Traceback (most recent call last):
  File "/usr/local/lib/python3.12/site-packages/flask/app.py", line 1511, in wsgi_app
    response = self.full_dispatch_request()
               ^^^^^^^^^^^^^^^^^^^^^^^^^^^^
  File "/usr/local/lib/python3.12/site-packages/flask/app.py", line 919, in full_dispatch_request
    rv = self.handle_user_exception(e)
         ^^^^^^^^^^^^^^^^^^^^^^^^^^^^^
  File "/usr/local/lib/python3.12/site-packages/flask_cors/extension.py", line 206, in wrapped_function
    return cors_after_request(app_any.make_response(f(*args, **kwargs)))
                                                    ^^^^^^^^^^^^^^^^^^
  File "/usr/local/lib/python3.12/site-packages/flask/app.py", line 917, in full_dispatch_request
    rv = self.dispatch_request()
         ^^^^^^^^^^^^^^^^^^^^^^^
  File "/usr/local/lib/python3.12/site-packages/flask/app.py", line 902, in dispatch_request
    return self.ensure_sync(self.view_functions[rule.endpoint])(**view_args)  # type: ignore[no-any-return]
           ^^^^^^^^^^^^^^^^^^^^^^^^^^^^^^^^^^^^^^^^^^^^^^^^^^^^^^^^^^^^^^^^^
  File "/app/admin_routes.py", line 230, in admin_get_users
    ensure_admin_tables()
  File "/app/admin_routes.py", line 63, in ensure_admin_tables
    cur.execute("""
psycopg2.errors.UndefinedColumn: column "role" does not exist
LINE 3:         SELECT DISTINCT role
                                ^

2026-08-27 07:16:13,899 | INFO | werkzeug | 172.18.0.1 - - [27/Aug/2026 07:16:13] "[35m[1mGET /admin/users HTTP/1.1[0m" 500 -
2026-08-27 07:16:13,911 | ERROR | app | Exception on /admin/activity [GET]
Traceback (most recent call last):
  File "/usr/local/lib/python3.12/site-packages/flask/app.py", line 1511, in wsgi_app
    response = self.full_dispatch_request()
               ^^^^^^^^^^^^^^^^^^^^^^^^^^^^
  File "/usr/local/lib/python3.12/site-packages/flask/app.py", line 919, in full_dispatch_request
    rv = self.handle_user_exception(e)
         ^^^^^^^^^^^^^^^^^^^^^^^^^^^^^
  File "/usr/local/lib/python3.12/site-packages/flask_cors/extension.py", line 206, in wrapped_function
    return cors_after_request(app_any.make_response(f(*args, **kwargs)))
                                                    ^^^^^^^^^^^^^^^^^^
  File "/usr/local/lib/python3.12/site-packages/flask/app.py", line 917, in full_dispatch_request
    rv = self.dispatch_request()
         ^^^^^^^^^^^^^^^^^^^^^^^
  File "/usr/local/lib/python3.12/site-packages/flask/app.py", line 902, in dispatch_request
    return self.ensure_sync(self.view_functions[rule.endpoint])(**view_args)  # type: ignore[no-any-return]
           ^^^^^^^^^^^^^^^^^^^^^^^^^^^^^^^^^^^^^^^^^^^^^^^^^^^^^^^^^^^^^^^^^
  File "/app/admin_routes.py", line 936, in admin_get_activity
    ensure_admin_tables()
  File "/app/admin_routes.py", line 63, in ensure_admin_tables
    cur.execute("""
psycopg2.errors.UndefinedColumn: column "role" does not exist
LINE 3:         SELECT DISTINCT role
                                ^

2026-08-27 07:16:13,915 | INFO | werkzeug | 172.18.0.1 - - [27/Aug/2026 07:16:13] "[35m[1mGET /admin/activity HTTP/1.1[0m" 500 -
2026-08-27 07:16:18,888 | ERROR | app | Exception on /admin/users [GET]
Traceback (most recent call last):
  File "/usr/local/lib/python3.12/site-packages/flask/app.py", line 1511, in wsgi_app
    response = self.full_dispatch_request()
               ^^^^^^^^^^^^^^^^^^^^^^^^^^^^
  File "/usr/local/lib/python3.12/site-packages/flask/app.py", line 919, in full_dispatch_request
    rv = self.handle_user_exception(e)
         ^^^^^^^^^^^^^^^^^^^^^^^^^^^^^
  File "/usr/local/lib/python3.12/site-packages/flask_cors/extension.py", line 206, in wrapped_function
    return cors_after_request(app_any.make_response(f(*args, **kwargs)))
                                                    ^^^^^^^^^^^^^^^^^^
  File "/usr/local/lib/python3.12/site-packages/flask/app.py", line 917, in full_dispatch_request
    rv = self.dispatch_request()
         ^^^^^^^^^^^^^^^^^^^^^^^
  File "/usr/local/lib/python3.12/site-packages/flask/app.py", line 902, in dispatch_request
    return self.ensure_sync(self.view_functions[rule.endpoint])(**view_args)  # type: ignore[no-any-return]
           ^^^^^^^^^^^^^^^^^^^^^^^^^^^^^^^^^^^^^^^^^^^^^^^^^^^^^^^^^^^^^^^^^
  File "/app/admin_routes.py", line 230, in admin_get_users
    ensure_admin_tables()
  File "/app/admin_routes.py", line 63, in ensure_admin_tables
    cur.execute("""
psycopg2.errors.UndefinedColumn: column "role" does not exist
LINE 3:         SELECT DISTINCT role
                                ^

2026-08-27 07:16:18,893 | INFO | werkzeug | 172.18.0.1 - - [27/Aug/2026 07:16:18] "[35m[1mGET /admin/users HTTP/1.1[0m" 500 -
2026-08-27 07:16:18,902 | ERROR | app | Exception on /admin/activity [GET]
Traceback (most recent call last):
  File "/usr/local/lib/python3.12/site-packages/flask/app.py", line 1511, in wsgi_app
    response = self.full_dispatch_request()
               ^^^^^^^^^^^^^^^^^^^^^^^^^^^^
  File "/usr/local/lib/python3.12/site-packages/flask/app.py", line 919, in full_dispatch_request
    rv = self.handle_user_exception(e)
         ^^^^^^^^^^^^^^^^^^^^^^^^^^^^^
  File "/usr/local/lib/python3.12/site-packages/flask_cors/extension.py", line 206, in wrapped_function
    return cors_after_request(app_any.make_response(f(*args, **kwargs)))
                                                    ^^^^^^^^^^^^^^^^^^
  File "/usr/local/lib/python3.12/site-packages/flask/app.py", line 917, in full_dispatch_request
    rv = self.dispatch_request()
         ^^^^^^^^^^^^^^^^^^^^^^^
  File "/usr/local/lib/python3.12/site-packages/flask/app.py", line 902, in dispatch_request
    return self.ensure_sync(self.view_functions[rule.endpoint])(**view_args)  # type: ignore[no-any-return]
           ^^^^^^^^^^^^^^^^^^^^^^^^^^^^^^^^^^^^^^^^^^^^^^^^^^^^^^^^^^^^^^^^^
  File "/app/admin_routes.py", line 936, in admin_get_activity
    ensure_admin_tables()
  File "/app/admin_routes.py", line 63, in ensure_admin_tables
    cur.execute("""
psycopg2.errors.UndefinedColumn: column "role" does not exist
LINE 3:         SELECT DISTINCT role
                                ^

2026-08-27 07:16:18,906 | INFO | werkzeug | 172.18.0.1 - - [27/Aug/2026 07:16:18] "[35m[1mGET /admin/activity HTTP/1.1[0m" 500 -
2026-08-27 07:16:23,863 | INFO | werkzeug | 172.18.0.1 - - [27/Aug/2026 07:16:23] "OPTIONS /admin/activity HTTP/1.1" 200 -
2026-08-27 07:16:23,863 | INFO | werkzeug | 172.18.0.1 - - [27/Aug/2026 07:16:23] "OPTIONS /admin/users HTTP/1.1" 200 -
2026-08-27 07:16:23,888 | ERROR | app | Exception on /admin/activity [GET]
Traceback (most recent call last):
  File "/usr/local/lib/python3.12/site-packages/flask/app.py", line 1511, in wsgi_app
    response = self.full_dispatch_request()
               ^^^^^^^^^^^^^^^^^^^^^^^^^^^^
  File "/usr/local/lib/python3.12/site-packages/flask/app.py", line 919, in full_dispatch_request
    rv = self.handle_user_exception(e)
         ^^^^^^^^^^^^^^^^^^^^^^^^^^^^^
  File "/usr/local/lib/python3.12/site-packages/flask_cors/extension.py", line 206, in wrapped_function
    return cors_after_request(app_any.make_response(f(*args, **kwargs)))
                                                    ^^^^^^^^^^^^^^^^^^
  File "/usr/local/lib/python3.12/site-packages/flask/app.py", line 917, in full_dispatch_request
    rv = self.dispatch_request()
         ^^^^^^^^^^^^^^^^^^^^^^^
  File "/usr/local/lib/python3.12/site-packages/flask/app.py", line 902, in dispatch_request
    return self.ensure_sync(self.view_functions[rule.endpoint])(**view_args)  # type: ignore[no-any-return]
           ^^^^^^^^^^^^^^^^^^^^^^^^^^^^^^^^^^^^^^^^^^^^^^^^^^^^^^^^^^^^^^^^^
  File "/app/admin_routes.py", line 936, in admin_get_activity
    ensure_admin_tables()
  File "/app/admin_routes.py", line 63, in ensure_admin_tables
    cur.execute("""
psycopg2.errors.UndefinedColumn: column "role" does not exist
LINE 3:         SELECT DISTINCT role
                                ^

2026-08-27 07:16:23,893 | INFO | werkzeug | 172.18.0.1 - - [27/Aug/2026 07:16:23] "[35m[1mGET /admin/activity HTTP/1.1[0m" 500 -
2026-08-27 07:16:23,900 | ERROR | app | Exception on /admin/users [GET]
Traceback (most recent call last):
  File "/usr/local/lib/python3.12/site-packages/flask/app.py", line 1511, in wsgi_app
    response = self.full_dispatch_request()
               ^^^^^^^^^^^^^^^^^^^^^^^^^^^^
  File "/usr/local/lib/python3.12/site-packages/flask/app.py", line 919, in full_dispatch_request
    rv = self.handle_user_exception(e)
         ^^^^^^^^^^^^^^^^^^^^^^^^^^^^^
  File "/usr/local/lib/python3.12/site-packages/flask_cors/extension.py", line 206, in wrapped_function
    return cors_after_request(app_any.make_response(f(*args, **kwargs)))
                                                    ^^^^^^^^^^^^^^^^^^
  File "/usr/local/lib/python3.12/site-packages/flask/app.py", line 917, in full_dispatch_request
    rv = self.dispatch_request()
         ^^^^^^^^^^^^^^^^^^^^^^^
  File "/usr/local/lib/python3.12/site-packages/flask/app.py", line 902, in dispatch_request
    return self.ensure_sync(self.view_functions[rule.endpoint])(**view_args)  # type: ignore[no-any-return]
           ^^^^^^^^^^^^^^^^^^^^^^^^^^^^^^^^^^^^^^^^^^^^^^^^^^^^^^^^^^^^^^^^^
  File "/app/admin_routes.py", line 230, in admin_get_users
    ensure_admin_tables()
  File "/app/admin_routes.py", line 63, in ensure_admin_tables
    cur.execute("""
psycopg2.errors.UndefinedColumn: column "role" does not exist
LINE 3:         SELECT DISTINCT role
                                ^

2026-08-27 07:16:23,903 | INFO | werkzeug | 172.18.0.1 - - [27/Aug/2026 07:16:23] "[35m[1mGET /admin/users HTTP/1.1[0m" 500 -
2026-08-27 07:16:28,888 | ERROR | app | Exception on /admin/users [GET]
Traceback (most recent call last):
  File "/usr/local/lib/python3.12/site-packages/flask/app.py", line 1511, in wsgi_app
    response = self.full_dispatch_request()
               ^^^^^^^^^^^^^^^^^^^^^^^^^^^^
  File "/usr/local/lib/python3.12/site-packages/flask/app.py", line 919, in full_dispatch_request
    rv = self.handle_user_exception(e)
         ^^^^^^^^^^^^^^^^^^^^^^^^^^^^^
  File "/usr/local/lib/python3.12/site-packages/flask_cors/extension.py", line 206, in wrapped_function
    return cors_after_request(app_any.make_response(f(*args, **kwargs)))
                                                    ^^^^^^^^^^^^^^^^^^
  File "/usr/local/lib/python3.12/site-packages/flask/app.py", line 917, in full_dispatch_request
    rv = self.dispatch_request()
         ^^^^^^^^^^^^^^^^^^^^^^^
  File "/usr/local/lib/python3.12/site-packages/flask/app.py", line 902, in dispatch_request
    return self.ensure_sync(self.view_functions[rule.endpoint])(**view_args)  # type: ignore[no-any-return]
           ^^^^^^^^^^^^^^^^^^^^^^^^^^^^^^^^^^^^^^^^^^^^^^^^^^^^^^^^^^^^^^^^^
  File "/app/admin_routes.py", line 230, in admin_get_users
    ensure_admin_tables()
  File "/app/admin_routes.py", line 63, in ensure_admin_tables
    cur.execute("""
psycopg2.errors.UndefinedColumn: column "role" does not exist
LINE 3:         SELECT DISTINCT role
                                ^

2026-08-27 07:16:28,892 | INFO | werkzeug | 172.18.0.1 - - [27/Aug/2026 07:16:28] "[35m[1mGET /admin/users HTTP/1.1[0m" 500 -
2026-08-27 07:16:28,903 | ERROR | app | Exception on /admin/activity [GET]
Traceback (most recent call last):
  File "/usr/local/lib/python3.12/site-packages/flask/app.py", line 1511, in wsgi_app
    response = self.full_dispatch_request()
               ^^^^^^^^^^^^^^^^^^^^^^^^^^^^
  File "/usr/local/lib/python3.12/site-packages/flask/app.py", line 919, in full_dispatch_request
    rv = self.handle_user_exception(e)
         ^^^^^^^^^^^^^^^^^^^^^^^^^^^^^
  File "/usr/local/lib/python3.12/site-packages/flask_cors/extension.py", line 206, in wrapped_function
    return cors_after_request(app_any.make_response(f(*args, **kwargs)))
                                                    ^^^^^^^^^^^^^^^^^^
  File "/usr/local/lib/python3.12/site-packages/flask/app.py", line 917, in full_dispatch_request
    rv = self.dispatch_request()
         ^^^^^^^^^^^^^^^^^^^^^^^
  File "/usr/local/lib/python3.12/site-packages/flask/app.py", line 902, in dispatch_request
    return self.ensure_sync(self.view_functions[rule.endpoint])(**view_args)  # type: ignore[no-any-return]
           ^^^^^^^^^^^^^^^^^^^^^^^^^^^^^^^^^^^^^^^^^^^^^^^^^^^^^^^^^^^^^^^^^
  File "/app/admin_routes.py", line 936, in admin_get_activity
    ensure_admin_tables()
  File "/app/admin_routes.py", line 63, in ensure_admin_tables
    cur.execute("""
psycopg2.errors.UndefinedColumn: column "role" does not exist
LINE 3:         SELECT DISTINCT role
                                ^

2026-08-27 07:16:28,908 | INFO | werkzeug | 172.18.0.1 - - [27/Aug/2026 07:16:28] "[35m[1mGET /admin/activity HTTP/1.1[0m" 500 -
2026-08-27 07:16:33,882 | INFO | werkzeug | 172.18.0.1 - - [27/Aug/2026 07:16:33] "OPTIONS /admin/users HTTP/1.1" 200 -
2026-08-27 07:16:33,885 | INFO | werkzeug | 172.18.0.1 - - [27/Aug/2026 07:16:33] "OPTIONS /admin/activity HTTP/1.1" 200 -
2026-08-27 07:16:34,002 | ERROR | app | Exception on /admin/users [GET]
Traceback (most recent call last):
  File "/usr/local/lib/python3.12/site-packages/flask/app.py", line 1511, in wsgi_app
    response = self.full_dispatch_request()
               ^^^^^^^^^^^^^^^^^^^^^^^^^^^^
  File "/usr/local/lib/python3.12/site-packages/flask/app.py", line 919, in full_dispatch_request
    rv = self.handle_user_exception(e)
         ^^^^^^^^^^^^^^^^^^^^^^^^^^^^^
  File "/usr/local/lib/python3.12/site-packages/flask_cors/extension.py", line 206, in wrapped_function
    return cors_after_request(app_any.make_response(f(*args, **kwargs)))
                                                    ^^^^^^^^^^^^^^^^^^
  File "/usr/local/lib/python3.12/site-packages/flask/app.py", line 917, in full_dispatch_request
    rv = self.dispatch_request()
         ^^^^^^^^^^^^^^^^^^^^^^^
  File "/usr/local/lib/python3.12/site-packages/flask/app.py", line 902, in dispatch_request
    return self.ensure_sync(self.view_functions[rule.endpoint])(**view_args)  # type: ignore[no-any-return]
           ^^^^^^^^^^^^^^^^^^^^^^^^^^^^^^^^^^^^^^^^^^^^^^^^^^^^^^^^^^^^^^^^^
  File "/app/admin_routes.py", line 230, in admin_get_users
    ensure_admin_tables()
  File "/app/admin_routes.py", line 63, in ensure_admin_tables
    cur.execute("""
psycopg2.errors.UndefinedColumn: column "role" does not exist
LINE 3:         SELECT DISTINCT role
                                ^

2026-08-27 07:16:34,008 | INFO | werkzeug | 172.18.0.1 - - [27/Aug/2026 07:16:34] "[35m[1mGET /admin/users HTTP/1.1[0m" 500 -
2026-08-27 07:16:34,028 | ERROR | app | Exception on /admin/activity [GET]
Traceback (most recent call last):
  File "/usr/local/lib/python3.12/site-packages/flask/app.py", line 1511, in wsgi_app
    response = self.full_dispatch_request()
               ^^^^^^^^^^^^^^^^^^^^^^^^^^^^
  File "/usr/local/lib/python3.12/site-packages/flask/app.py", line 919, in full_dispatch_request
    rv = self.handle_user_exception(e)
         ^^^^^^^^^^^^^^^^^^^^^^^^^^^^^
  File "/usr/local/lib/python3.12/site-packages/flask_cors/extension.py", line 206, in wrapped_function
    return cors_after_request(app_any.make_response(f(*args, **kwargs)))
                                                    ^^^^^^^^^^^^^^^^^^
  File "/usr/local/lib/python3.12/site-packages/flask/app.py", line 917, in full_dispatch_request
    rv = self.dispatch_request()
         ^^^^^^^^^^^^^^^^^^^^^^^
  File "/usr/local/lib/python3.12/site-packages/flask/app.py", line 902, in dispatch_request
    return self.ensure_sync(self.view_functions[rule.endpoint])(**view_args)  # type: ignore[no-any-return]
           ^^^^^^^^^^^^^^^^^^^^^^^^^^^^^^^^^^^^^^^^^^^^^^^^^^^^^^^^^^^^^^^^^
  File "/app/admin_routes.py", line 936, in admin_get_activity
    ensure_admin_tables()
  File "/app/admin_routes.py", line 63, in ensure_admin_tables
    cur.execute("""
psycopg2.errors.UndefinedColumn: column "role" does not exist
LINE 3:         SELECT DISTINCT role
                                ^

2026-08-27 07:16:34,033 | INFO | werkzeug | 172.18.0.1 - - [27/Aug/2026 07:16:34] "[35m[1mGET /admin/activity HTTP/1.1[0m" 500 -
2026-08-27 07:16:38,989 | ERROR | app | Exception on /admin/users [GET]
Traceback (most recent call last):
  File "/usr/local/lib/python3.12/site-packages/flask/app.py", line 1511, in wsgi_app
    response = self.full_dispatch_request()
               ^^^^^^^^^^^^^^^^^^^^^^^^^^^^
  File "/usr/local/lib/python3.12/site-packages/flask/app.py", line 919, in full_dispatch_request
    rv = self.handle_user_exception(e)
         ^^^^^^^^^^^^^^^^^^^^^^^^^^^^^
  File "/usr/local/lib/python3.12/site-packages/flask_cors/extension.py", line 206, in wrapped_function
    return cors_after_request(app_any.make_response(f(*args, **kwargs)))
                                                    ^^^^^^^^^^^^^^^^^^
  File "/usr/local/lib/python3.12/site-packages/flask/app.py", line 917, in full_dispatch_request
    rv = self.dispatch_request()
         ^^^^^^^^^^^^^^^^^^^^^^^
  File "/usr/local/lib/python3.12/site-packages/flask/app.py", line 902, in dispatch_request
    return self.ensure_sync(self.view_functions[rule.endpoint])(**view_args)  # type: ignore[no-any-return]
           ^^^^^^^^^^^^^^^^^^^^^^^^^^^^^^^^^^^^^^^^^^^^^^^^^^^^^^^^^^^^^^^^^
  File "/app/admin_routes.py", line 230, in admin_get_users
    ensure_admin_tables()
  File "/app/admin_routes.py", line 63, in ensure_admin_tables
    cur.execute("""
psycopg2.errors.UndefinedColumn: column "role" does not exist
LINE 3:         SELECT DISTINCT role
                                ^

2026-08-27 07:16:38,995 | INFO | werkzeug | 172.18.0.1 - - [27/Aug/2026 07:16:38] "[35m[1mGET /admin/users HTTP/1.1[0m" 500 -
2026-08-27 07:16:39,022 | ERROR | app | Exception on /admin/activity [GET]
Traceback (most recent call last):
  File "/usr/local/lib/python3.12/site-packages/flask/app.py", line 1511, in wsgi_app
    response = self.full_dispatch_request()
               ^^^^^^^^^^^^^^^^^^^^^^^^^^^^
  File "/usr/local/lib/python3.12/site-packages/flask/app.py", line 919, in full_dispatch_request
    rv = self.handle_user_exception(e)
         ^^^^^^^^^^^^^^^^^^^^^^^^^^^^^
  File "/usr/local/lib/python3.12/site-packages/flask_cors/extension.py", line 206, in wrapped_function
    return cors_after_request(app_any.make_response(f(*args, **kwargs)))
                                                    ^^^^^^^^^^^^^^^^^^
  File "/usr/local/lib/python3.12/site-packages/flask/app.py", line 917, in full_dispatch_request
    rv = self.dispatch_request()
         ^^^^^^^^^^^^^^^^^^^^^^^
  File "/usr/local/lib/python3.12/site-packages/flask/app.py", line 902, in dispatch_request
    return self.ensure_sync(self.view_functions[rule.endpoint])(**view_args)  # type: ignore[no-any-return]
           ^^^^^^^^^^^^^^^^^^^^^^^^^^^^^^^^^^^^^^^^^^^^^^^^^^^^^^^^^^^^^^^^^
  File "/app/admin_routes.py", line 936, in admin_get_activity
    ensure_admin_tables()
  File "/app/admin_routes.py", line 63, in ensure_admin_tables
    cur.execute("""
psycopg2.errors.UndefinedColumn: column "role" does not exist
LINE 3:         SELECT DISTINCT role
                                ^

2026-08-27 07:16:39,027 | INFO | werkzeug | 172.18.0.1 - - [27/Aug/2026 07:16:39] "[35m[1mGET /admin/activity HTTP/1.1[0m" 500 -
2026-08-27 07:16:43,861 | INFO | werkzeug | 172.18.0.1 - - [27/Aug/2026 07:16:43] "OPTIONS /admin/users HTTP/1.1" 200 -
2026-08-27 07:16:43,862 | INFO | werkzeug | 172.18.0.1 - - [27/Aug/2026 07:16:43] "OPTIONS /admin/activity HTTP/1.1" 200 -
2026-08-27 07:16:43,893 | ERROR | app | Exception on /admin/users [GET]
Traceback (most recent call last):
  File "/usr/local/lib/python3.12/site-packages/flask/app.py", line 1511, in wsgi_app
    response = self.full_dispatch_request()
               ^^^^^^^^^^^^^^^^^^^^^^^^^^^^
  File "/usr/local/lib/python3.12/site-packages/flask/app.py", line 919, in full_dispatch_request
    rv = self.handle_user_exception(e)
         ^^^^^^^^^^^^^^^^^^^^^^^^^^^^^
  File "/usr/local/lib/python3.12/site-packages/flask_cors/extension.py", line 206, in wrapped_function
    return cors_after_request(app_any.make_response(f(*args, **kwargs)))
                                                    ^^^^^^^^^^^^^^^^^^
  File "/usr/local/lib/python3.12/site-packages/flask/app.py", line 917, in full_dispatch_request
    rv = self.dispatch_request()
         ^^^^^^^^^^^^^^^^^^^^^^^
  File "/usr/local/lib/python3.12/site-packages/flask/app.py", line 902, in dispatch_request
    return self.ensure_sync(self.view_functions[rule.endpoint])(**view_args)  # type: ignore[no-any-return]
           ^^^^^^^^^^^^^^^^^^^^^^^^^^^^^^^^^^^^^^^^^^^^^^^^^^^^^^^^^^^^^^^^^
  File "/app/admin_routes.py", line 230, in admin_get_users
    ensure_admin_tables()
  File "/app/admin_routes.py", line 63, in ensure_admin_tables
    cur.execute("""
psycopg2.errors.UndefinedColumn: column "role" does not exist
LINE 3:         SELECT DISTINCT role
                                ^

2026-08-27 07:16:43,900 | INFO | werkzeug | 172.18.0.1 - - [27/Aug/2026 07:16:43] "[35m[1mGET /admin/users HTTP/1.1[0m" 500 -
2026-08-27 07:16:43,910 | ERROR | app | Exception on /admin/activity [GET]
Traceback (most recent call last):
  File "/usr/local/lib/python3.12/site-packages/flask/app.py", line 1511, in wsgi_app
    response = self.full_dispatch_request()
               ^^^^^^^^^^^^^^^^^^^^^^^^^^^^
  File "/usr/local/lib/python3.12/site-packages/flask/app.py", line 919, in full_dispatch_request
    rv = self.handle_user_exception(e)
         ^^^^^^^^^^^^^^^^^^^^^^^^^^^^^
  File "/usr/local/lib/python3.12/site-packages/flask_cors/extension.py", line 206, in wrapped_function
    return cors_after_request(app_any.make_response(f(*args, **kwargs)))
                                                    ^^^^^^^^^^^^^^^^^^
  File "/usr/local/lib/python3.12/site-packages/flask/app.py", line 917, in full_dispatch_request
    rv = self.dispatch_request()
         ^^^^^^^^^^^^^^^^^^^^^^^
  File "/usr/local/lib/python3.12/site-packages/flask/app.py", line 902, in dispatch_request
    return self.ensure_sync(self.view_functions[rule.endpoint])(**view_args)  # type: ignore[no-any-return]
           ^^^^^^^^^^^^^^^^^^^^^^^^^^^^^^^^^^^^^^^^^^^^^^^^^^^^^^^^^^^^^^^^^
  File "/app/admin_routes.py", line 936, in admin_get_activity
    ensure_admin_tables()
  File "/app/admin_routes.py", line 63, in ensure_admin_tables
    cur.execute("""
psycopg2.errors.UndefinedColumn: column "role" does not exist
LINE 3:         SELECT DISTINCT role
                                ^

2026-08-27 07:16:43,914 | INFO | werkzeug | 172.18.0.1 - - [27/Aug/2026 07:16:43] "[35m[1mGET /admin/activity HTTP/1.1[0m" 500 -
2026-08-27 07:16:48,888 | ERROR | app | Exception on /admin/activity [GET]
Traceback (most recent call last):
  File "/usr/local/lib/python3.12/site-packages/flask/app.py", line 1511, in wsgi_app
    response = self.full_dispatch_request()
               ^^^^^^^^^^^^^^^^^^^^^^^^^^^^
  File "/usr/local/lib/python3.12/site-packages/flask/app.py", line 919, in full_dispatch_request
    rv = self.handle_user_exception(e)
         ^^^^^^^^^^^^^^^^^^^^^^^^^^^^^
  File "/usr/local/lib/python3.12/site-packages/flask_cors/extension.py", line 206, in wrapped_function
    return cors_after_request(app_any.make_response(f(*args, **kwargs)))
                                                    ^^^^^^^^^^^^^^^^^^
  File "/usr/local/lib/python3.12/site-packages/flask/app.py", line 917, in full_dispatch_request
    rv = self.dispatch_request()
         ^^^^^^^^^^^^^^^^^^^^^^^
  File "/usr/local/lib/python3.12/site-packages/flask/app.py", line 902, in dispatch_request
    return self.ensure_sync(self.view_functions[rule.endpoint])(**view_args)  # type: ignore[no-any-return]
           ^^^^^^^^^^^^^^^^^^^^^^^^^^^^^^^^^^^^^^^^^^^^^^^^^^^^^^^^^^^^^^^^^
  File "/app/admin_routes.py", line 936, in admin_get_activity
    ensure_admin_tables()
  File "/app/admin_routes.py", line 63, in ensure_admin_tables
    cur.execute("""
psycopg2.errors.UndefinedColumn: column "role" does not exist
LINE 3:         SELECT DISTINCT role
                                ^

2026-08-27 07:16:48,892 | INFO | werkzeug | 172.18.0.1 - - [27/Aug/2026 07:16:48] "[35m[1mGET /admin/activity HTTP/1.1[0m" 500 -
2026-08-27 07:16:48,903 | ERROR | app | Exception on /admin/users [GET]
Traceback (most recent call last):
  File "/usr/local/lib/python3.12/site-packages/flask/app.py", line 1511, in wsgi_app
    response = self.full_dispatch_request()
               ^^^^^^^^^^^^^^^^^^^^^^^^^^^^
  File "/usr/local/lib/python3.12/site-packages/flask/app.py", line 919, in full_dispatch_request
    rv = self.handle_user_exception(e)
         ^^^^^^^^^^^^^^^^^^^^^^^^^^^^^
  File "/usr/local/lib/python3.12/site-packages/flask_cors/extension.py", line 206, in wrapped_function
    return cors_after_request(app_any.make_response(f(*args, **kwargs)))
                                                    ^^^^^^^^^^^^^^^^^^
  File "/usr/local/lib/python3.12/site-packages/flask/app.py", line 917, in full_dispatch_request
    rv = self.dispatch_request()
         ^^^^^^^^^^^^^^^^^^^^^^^
  File "/usr/local/lib/python3.12/site-packages/flask/app.py", line 902, in dispatch_request
    return self.ensure_sync(self.view_functions[rule.endpoint])(**view_args)  # type: ignore[no-any-return]
           ^^^^^^^^^^^^^^^^^^^^^^^^^^^^^^^^^^^^^^^^^^^^^^^^^^^^^^^^^^^^^^^^^
  File "/app/admin_routes.py", line 230, in admin_get_users
    ensure_admin_tables()
  File "/app/admin_routes.py", line 63, in ensure_admin_tables
    cur.execute("""
psycopg2.errors.UndefinedColumn: column "role" does not exist
LINE 3:         SELECT DISTINCT role
                                ^

2026-08-27 07:16:48,909 | INFO | werkzeug | 172.18.0.1 - - [27/Aug/2026 07:16:48] "[35m[1mGET /admin/users HTTP/1.1[0m" 500 -
2026-08-27 07:16:53,865 | INFO | werkzeug | 172.18.0.1 - - [27/Aug/2026 07:16:53] "OPTIONS /admin/users HTTP/1.1" 200 -
2026-08-27 07:16:53,867 | INFO | werkzeug | 172.18.0.1 - - [27/Aug/2026 07:16:53] "OPTIONS /admin/activity HTTP/1.1" 200 -
2026-08-27 07:16:53,909 | ERROR | app | Exception on /admin/users [GET]
Traceback (most recent call last):
  File "/usr/local/lib/python3.12/site-packages/flask/app.py", line 1511, in wsgi_app
    response = self.full_dispatch_request()
               ^^^^^^^^^^^^^^^^^^^^^^^^^^^^
  File "/usr/local/lib/python3.12/site-packages/flask/app.py", line 919, in full_dispatch_request
    rv = self.handle_user_exception(e)
         ^^^^^^^^^^^^^^^^^^^^^^^^^^^^^
  File "/usr/local/lib/python3.12/site-packages/flask_cors/extension.py", line 206, in wrapped_function
    return cors_after_request(app_any.make_response(f(*args, **kwargs)))
                                                    ^^^^^^^^^^^^^^^^^^
  File "/usr/local/lib/python3.12/site-packages/flask/app.py", line 917, in full_dispatch_request
    rv = self.dispatch_request()
         ^^^^^^^^^^^^^^^^^^^^^^^
  File "/usr/local/lib/python3.12/site-packages/flask/app.py", line 902, in dispatch_request
    return self.ensure_sync(self.view_functions[rule.endpoint])(**view_args)  # type: ignore[no-any-return]
           ^^^^^^^^^^^^^^^^^^^^^^^^^^^^^^^^^^^^^^^^^^^^^^^^^^^^^^^^^^^^^^^^^
  File "/app/admin_routes.py", line 230, in admin_get_users
    ensure_admin_tables()
  File "/app/admin_routes.py", line 63, in ensure_admin_tables
    cur.execute("""
psycopg2.errors.UndefinedColumn: column "role" does not exist
LINE 3:         SELECT DISTINCT role
                                ^

2026-08-27 07:16:53,913 | INFO | werkzeug | 172.18.0.1 - - [27/Aug/2026 07:16:53] "[35m[1mGET /admin/users HTTP/1.1[0m" 500 -
2026-08-27 07:16:53,924 | ERROR | app | Exception on /admin/activity [GET]
Traceback (most recent call last):
  File "/usr/local/lib/python3.12/site-packages/flask/app.py", line 1511, in wsgi_app
    response = self.full_dispatch_request()
               ^^^^^^^^^^^^^^^^^^^^^^^^^^^^
  File "/usr/local/lib/python3.12/site-packages/flask/app.py", line 919, in full_dispatch_request
    rv = self.handle_user_exception(e)
         ^^^^^^^^^^^^^^^^^^^^^^^^^^^^^
  File "/usr/local/lib/python3.12/site-packages/flask_cors/extension.py", line 206, in wrapped_function
    return cors_after_request(app_any.make_response(f(*args, **kwargs)))
                                                    ^^^^^^^^^^^^^^^^^^
  File "/usr/local/lib/python3.12/site-packages/flask/app.py", line 917, in full_dispatch_request
    rv = self.dispatch_request()
         ^^^^^^^^^^^^^^^^^^^^^^^
  File "/usr/local/lib/python3.12/site-packages/flask/app.py", line 902, in dispatch_request
    return self.ensure_sync(self.view_functions[rule.endpoint])(**view_args)  # type: ignore[no-any-return]
           ^^^^^^^^^^^^^^^^^^^^^^^^^^^^^^^^^^^^^^^^^^^^^^^^^^^^^^^^^^^^^^^^^
  File "/app/admin_routes.py", line 936, in admin_get_activity
    ensure_admin_tables()
  File "/app/admin_routes.py", line 63, in ensure_admin_tables
    cur.execute("""
psycopg2.errors.UndefinedColumn: column "role" does not exist
LINE 3:         SELECT DISTINCT role
                                ^

2026-08-27 07:16:53,928 | INFO | werkzeug | 172.18.0.1 - - [27/Aug/2026 07:16:53] "[35m[1mGET /admin/activity HTTP/1.1[0m" 500 -
2026-08-27 07:16:58,899 | ERROR | app | Exception on /admin/users [GET]
Traceback (most recent call last):
  File "/usr/local/lib/python3.12/site-packages/flask/app.py", line 1511, in wsgi_app
    response = self.full_dispatch_request()
               ^^^^^^^^^^^^^^^^^^^^^^^^^^^^
  File "/usr/local/lib/python3.12/site-packages/flask/app.py", line 919, in full_dispatch_request
    rv = self.handle_user_exception(e)
         ^^^^^^^^^^^^^^^^^^^^^^^^^^^^^
  File "/usr/local/lib/python3.12/site-packages/flask_cors/extension.py", line 206, in wrapped_function
    return cors_after_request(app_any.make_response(f(*args, **kwargs)))
                                                    ^^^^^^^^^^^^^^^^^^
  File "/usr/local/lib/python3.12/site-packages/flask/app.py", line 917, in full_dispatch_request
    rv = self.dispatch_request()
         ^^^^^^^^^^^^^^^^^^^^^^^
  File "/usr/local/lib/python3.12/site-packages/flask/app.py", line 902, in dispatch_request
    return self.ensure_sync(self.view_functions[rule.endpoint])(**view_args)  # type: ignore[no-any-return]
           ^^^^^^^^^^^^^^^^^^^^^^^^^^^^^^^^^^^^^^^^^^^^^^^^^^^^^^^^^^^^^^^^^
  File "/app/admin_routes.py", line 230, in admin_get_users
    ensure_admin_tables()
  File "/app/admin_routes.py", line 63, in ensure_admin_tables
    cur.execute("""
psycopg2.errors.UndefinedColumn: column "role" does not exist
LINE 3:         SELECT DISTINCT role
                                ^

2026-08-27 07:16:58,904 | INFO | werkzeug | 172.18.0.1 - - [27/Aug/2026 07:16:58] "[35m[1mGET /admin/users HTTP/1.1[0m" 500 -
2026-08-27 07:16:58,917 | ERROR | app | Exception on /admin/activity [GET]
Traceback (most recent call last):
  File "/usr/local/lib/python3.12/site-packages/flask/app.py", line 1511, in wsgi_app
    response = self.full_dispatch_request()
               ^^^^^^^^^^^^^^^^^^^^^^^^^^^^
  File "/usr/local/lib/python3.12/site-packages/flask/app.py", line 919, in full_dispatch_request
    rv = self.handle_user_exception(e)
         ^^^^^^^^^^^^^^^^^^^^^^^^^^^^^
  File "/usr/local/lib/python3.12/site-packages/flask_cors/extension.py", line 206, in wrapped_function
    return cors_after_request(app_any.make_response(f(*args, **kwargs)))
                                                    ^^^^^^^^^^^^^^^^^^
  File "/usr/local/lib/python3.12/site-packages/flask/app.py", line 917, in full_dispatch_request
    rv = self.dispatch_request()
         ^^^^^^^^^^^^^^^^^^^^^^^
  File "/usr/local/lib/python3.12/site-packages/flask/app.py", line 902, in dispatch_request
    return self.ensure_sync(self.view_functions[rule.endpoint])(**view_args)  # type: ignore[no-any-return]
           ^^^^^^^^^^^^^^^^^^^^^^^^^^^^^^^^^^^^^^^^^^^^^^^^^^^^^^^^^^^^^^^^^
  File "/app/admin_routes.py", line 936, in admin_get_activity
    ensure_admin_tables()
  File "/app/admin_routes.py", line 63, in ensure_admin_tables
    cur.execute("""
psycopg2.errors.UndefinedColumn: column "role" does not exist
LINE 3:         SELECT DISTINCT role
                                ^

2026-08-27 07:16:58,922 | INFO | werkzeug | 172.18.0.1 - - [27/Aug/2026 07:16:58] "[35m[1mGET /admin/activity HTTP/1.1[0m" 500 -
2026-08-27 07:17:03,865 | INFO | werkzeug | 172.18.0.1 - - [27/Aug/2026 07:17:03] "OPTIONS /admin/users HTTP/1.1" 200 -
2026-08-27 07:17:03,866 | INFO | werkzeug | 172.18.0.1 - - [27/Aug/2026 07:17:03] "OPTIONS /admin/activity HTTP/1.1" 200 -
2026-08-27 07:17:03,897 | ERROR | app | Exception on /admin/users [GET]
Traceback (most recent call last):
  File "/usr/local/lib/python3.12/site-packages/flask/app.py", line 1511, in wsgi_app
    response = self.full_dispatch_request()
               ^^^^^^^^^^^^^^^^^^^^^^^^^^^^
  File "/usr/local/lib/python3.12/site-packages/flask/app.py", line 919, in full_dispatch_request
    rv = self.handle_user_exception(e)
         ^^^^^^^^^^^^^^^^^^^^^^^^^^^^^
  File "/usr/local/lib/python3.12/site-packages/flask_cors/extension.py", line 206, in wrapped_function
    return cors_after_request(app_any.make_response(f(*args, **kwargs)))
                                                    ^^^^^^^^^^^^^^^^^^
  File "/usr/local/lib/python3.12/site-packages/flask/app.py", line 917, in full_dispatch_request
    rv = self.dispatch_request()
         ^^^^^^^^^^^^^^^^^^^^^^^
  File "/usr/local/lib/python3.12/site-packages/flask/app.py", line 902, in dispatch_request
    return self.ensure_sync(self.view_functions[rule.endpoint])(**view_args)  # type: ignore[no-any-return]
           ^^^^^^^^^^^^^^^^^^^^^^^^^^^^^^^^^^^^^^^^^^^^^^^^^^^^^^^^^^^^^^^^^
  File "/app/admin_routes.py", line 230, in admin_get_users
    ensure_admin_tables()
  File "/app/admin_routes.py", line 63, in ensure_admin_tables
    cur.execute("""
psycopg2.errors.UndefinedColumn: column "role" does not exist
LINE 3:         SELECT DISTINCT role
                                ^

2026-08-27 07:17:03,902 | INFO | werkzeug | 172.18.0.1 - - [27/Aug/2026 07:17:03] "[35m[1mGET /admin/users HTTP/1.1[0m" 500 -
2026-08-27 07:17:03,913 | ERROR | app | Exception on /admin/activity [GET]
Traceback (most recent call last):
  File "/usr/local/lib/python3.12/site-packages/flask/app.py", line 1511, in wsgi_app
    response = self.full_dispatch_request()
               ^^^^^^^^^^^^^^^^^^^^^^^^^^^^
  File "/usr/local/lib/python3.12/site-packages/flask/app.py", line 919, in full_dispatch_request
    rv = self.handle_user_exception(e)
         ^^^^^^^^^^^^^^^^^^^^^^^^^^^^^
  File "/usr/local/lib/python3.12/site-packages/flask_cors/extension.py", line 206, in wrapped_function
    return cors_after_request(app_any.make_response(f(*args, **kwargs)))
                                                    ^^^^^^^^^^^^^^^^^^
  File "/usr/local/lib/python3.12/site-packages/flask/app.py", line 917, in full_dispatch_request
    rv = self.dispatch_request()
         ^^^^^^^^^^^^^^^^^^^^^^^
  File "/usr/local/lib/python3.12/site-packages/flask/app.py", line 902, in dispatch_request
    return self.ensure_sync(self.view_functions[rule.endpoint])(**view_args)  # type: ignore[no-any-return]
           ^^^^^^^^^^^^^^^^^^^^^^^^^^^^^^^^^^^^^^^^^^^^^^^^^^^^^^^^^^^^^^^^^
  File "/app/admin_routes.py", line 936, in admin_get_activity
    ensure_admin_tables()
  File "/app/admin_routes.py", line 63, in ensure_admin_tables
    cur.execute("""
psycopg2.errors.UndefinedColumn: column "role" does not exist
LINE 3:         SELECT DISTINCT role
                                ^

2026-08-27 07:17:03,917 | INFO | werkzeug | 172.18.0.1 - - [27/Aug/2026 07:17:03] "[35m[1mGET /admin/activity HTTP/1.1[0m" 500 -
2026-08-27 07:17:08,896 | ERROR | app | Exception on /admin/activity [GET]
Traceback (most recent call last):
  File "/usr/local/lib/python3.12/site-packages/flask/app.py", line 1511, in wsgi_app
    response = self.full_dispatch_request()
               ^^^^^^^^^^^^^^^^^^^^^^^^^^^^
  File "/usr/local/lib/python3.12/site-packages/flask/app.py", line 919, in full_dispatch_request
    rv = self.handle_user_exception(e)
         ^^^^^^^^^^^^^^^^^^^^^^^^^^^^^
  File "/usr/local/lib/python3.12/site-packages/flask_cors/extension.py", line 206, in wrapped_function
    return cors_after_request(app_any.make_response(f(*args, **kwargs)))
                                                    ^^^^^^^^^^^^^^^^^^
  File "/usr/local/lib/python3.12/site-packages/flask/app.py", line 917, in full_dispatch_request
    rv = self.dispatch_request()
         ^^^^^^^^^^^^^^^^^^^^^^^
  File "/usr/local/lib/python3.12/site-packages/flask/app.py", line 902, in dispatch_request
    return self.ensure_sync(self.view_functions[rule.endpoint])(**view_args)  # type: ignore[no-any-return]
           ^^^^^^^^^^^^^^^^^^^^^^^^^^^^^^^^^^^^^^^^^^^^^^^^^^^^^^^^^^^^^^^^^
  File "/app/admin_routes.py", line 936, in admin_get_activity
    ensure_admin_tables()
  File "/app/admin_routes.py", line 63, in ensure_admin_tables
    cur.execute("""
psycopg2.errors.UndefinedColumn: column "role" does not exist
LINE 3:         SELECT DISTINCT role
                                ^

2026-08-27 07:17:08,900 | INFO | werkzeug | 172.18.0.1 - - [27/Aug/2026 07:17:08] "[35m[1mGET /admin/activity HTTP/1.1[0m" 500 -
2026-08-27 07:17:08,915 | ERROR | app | Exception on /admin/users [GET]
Traceback (most recent call last):
  File "/usr/local/lib/python3.12/site-packages/flask/app.py", line 1511, in wsgi_app
    response = self.full_dispatch_request()
               ^^^^^^^^^^^^^^^^^^^^^^^^^^^^
  File "/usr/local/lib/python3.12/site-packages/flask/app.py", line 919, in full_dispatch_request
    rv = self.handle_user_exception(e)
         ^^^^^^^^^^^^^^^^^^^^^^^^^^^^^
  File "/usr/local/lib/python3.12/site-packages/flask_cors/extension.py", line 206, in wrapped_function
    return cors_after_request(app_any.make_response(f(*args, **kwargs)))
                                                    ^^^^^^^^^^^^^^^^^^
  File "/usr/local/lib/python3.12/site-packages/flask/app.py", line 917, in full_dispatch_request
    rv = self.dispatch_request()
         ^^^^^^^^^^^^^^^^^^^^^^^
  File "/usr/local/lib/python3.12/site-packages/flask/app.py", line 902, in dispatch_request
    return self.ensure_sync(self.view_functions[rule.endpoint])(**view_args)  # type: ignore[no-any-return]
           ^^^^^^^^^^^^^^^^^^^^^^^^^^^^^^^^^^^^^^^^^^^^^^^^^^^^^^^^^^^^^^^^^
  File "/app/admin_routes.py", line 230, in admin_get_users
    ensure_admin_tables()
  File "/app/admin_routes.py", line 63, in ensure_admin_tables
    cur.execute("""
psycopg2.errors.UndefinedColumn: column "role" does not exist
LINE 3:         SELECT DISTINCT role
                                ^

2026-08-27 07:17:08,920 | INFO | werkzeug | 172.18.0.1 - - [27/Aug/2026 07:17:08] "[35m[1mGET /admin/users HTTP/1.1[0m" 500 -
2026-08-27 07:17:13,861 | INFO | werkzeug | 172.18.0.1 - - [27/Aug/2026 07:17:13] "OPTIONS /admin/users HTTP/1.1" 200 -
2026-08-27 07:17:13,862 | INFO | werkzeug | 172.18.0.1 - - [27/Aug/2026 07:17:13] "OPTIONS /admin/activity HTTP/1.1" 200 -
2026-08-27 07:17:13,888 | ERROR | app | Exception on /admin/users [GET]
Traceback (most recent call last):
  File "/usr/local/lib/python3.12/site-packages/flask/app.py", line 1511, in wsgi_app
    response = self.full_dispatch_request()
               ^^^^^^^^^^^^^^^^^^^^^^^^^^^^
  File "/usr/local/lib/python3.12/site-packages/flask/app.py", line 919, in full_dispatch_request
    rv = self.handle_user_exception(e)
         ^^^^^^^^^^^^^^^^^^^^^^^^^^^^^
  File "/usr/local/lib/python3.12/site-packages/flask_cors/extension.py", line 206, in wrapped_function
    return cors_after_request(app_any.make_response(f(*args, **kwargs)))
                                                    ^^^^^^^^^^^^^^^^^^
  File "/usr/local/lib/python3.12/site-packages/flask/app.py", line 917, in full_dispatch_request
    rv = self.dispatch_request()
         ^^^^^^^^^^^^^^^^^^^^^^^
  File "/usr/local/lib/python3.12/site-packages/flask/app.py", line 902, in dispatch_request
    return self.ensure_sync(self.view_functions[rule.endpoint])(**view_args)  # type: ignore[no-any-return]
           ^^^^^^^^^^^^^^^^^^^^^^^^^^^^^^^^^^^^^^^^^^^^^^^^^^^^^^^^^^^^^^^^^
  File "/app/admin_routes.py", line 230, in admin_get_users
    ensure_admin_tables()
  File "/app/admin_routes.py", line 63, in ensure_admin_tables
    cur.execute("""
psycopg2.errors.UndefinedColumn: column "role" does not exist
LINE 3:         SELECT DISTINCT role
                                ^

2026-08-27 07:17:13,892 | INFO | werkzeug | 172.18.0.1 - - [27/Aug/2026 07:17:13] "[35m[1mGET /admin/users HTTP/1.1[0m" 500 -
2026-08-27 07:17:13,903 | ERROR | app | Exception on /admin/activity [GET]
Traceback (most recent call last):
  File "/usr/local/lib/python3.12/site-packages/flask/app.py", line 1511, in wsgi_app
    response = self.full_dispatch_request()
               ^^^^^^^^^^^^^^^^^^^^^^^^^^^^
  File "/usr/local/lib/python3.12/site-packages/flask/app.py", line 919, in full_dispatch_request
    rv = self.handle_user_exception(e)
         ^^^^^^^^^^^^^^^^^^^^^^^^^^^^^
  File "/usr/local/lib/python3.12/site-packages/flask_cors/extension.py", line 206, in wrapped_function
    return cors_after_request(app_any.make_response(f(*args, **kwargs)))
                                                    ^^^^^^^^^^^^^^^^^^
  File "/usr/local/lib/python3.12/site-packages/flask/app.py", line 917, in full_dispatch_request
    rv = self.dispatch_request()
         ^^^^^^^^^^^^^^^^^^^^^^^
  File "/usr/local/lib/python3.12/site-packages/flask/app.py", line 902, in dispatch_request
    return self.ensure_sync(self.view_functions[rule.endpoint])(**view_args)  # type: ignore[no-any-return]
           ^^^^^^^^^^^^^^^^^^^^^^^^^^^^^^^^^^^^^^^^^^^^^^^^^^^^^^^^^^^^^^^^^
  File "/app/admin_routes.py", line 936, in admin_get_activity
    ensure_admin_tables()
  File "/app/admin_routes.py", line 63, in ensure_admin_tables
    cur.execute("""
psycopg2.errors.UndefinedColumn: column "role" does not exist
LINE 3:         SELECT DISTINCT role
                                ^

2026-08-27 07:17:13,906 | INFO | werkzeug | 172.18.0.1 - - [27/Aug/2026 07:17:13] "[35m[1mGET /admin/activity HTTP/1.1[0m" 500 -
2026-08-27 07:17:18,885 | ERROR | app | Exception on /admin/users [GET]
Traceback (most recent call last):
  File "/usr/local/lib/python3.12/site-packages/flask/app.py", line 1511, in wsgi_app
    response = self.full_dispatch_request()
               ^^^^^^^^^^^^^^^^^^^^^^^^^^^^
  File "/usr/local/lib/python3.12/site-packages/flask/app.py", line 919, in full_dispatch_request
    rv = self.handle_user_exception(e)
         ^^^^^^^^^^^^^^^^^^^^^^^^^^^^^
  File "/usr/local/lib/python3.12/site-packages/flask_cors/extension.py", line 206, in wrapped_function
    return cors_after_request(app_any.make_response(f(*args, **kwargs)))
                                                    ^^^^^^^^^^^^^^^^^^
  File "/usr/local/lib/python3.12/site-packages/flask/app.py", line 917, in full_dispatch_request
    rv = self.dispatch_request()
         ^^^^^^^^^^^^^^^^^^^^^^^
  File "/usr/local/lib/python3.12/site-packages/flask/app.py", line 902, in dispatch_request
    return self.ensure_sync(self.view_functions[rule.endpoint])(**view_args)  # type: ignore[no-any-return]
           ^^^^^^^^^^^^^^^^^^^^^^^^^^^^^^^^^^^^^^^^^^^^^^^^^^^^^^^^^^^^^^^^^
  File "/app/admin_routes.py", line 230, in admin_get_users
    ensure_admin_tables()
  File "/app/admin_routes.py", line 63, in ensure_admin_tables
    cur.execute("""
psycopg2.errors.UndefinedColumn: column "role" does not exist
LINE 3:         SELECT DISTINCT role
                                ^

2026-08-27 07:17:18,893 | INFO | werkzeug | 172.18.0.1 - - [27/Aug/2026 07:17:18] "[35m[1mGET /admin/users HTTP/1.1[0m" 500 -
2026-08-27 07:17:18,900 | ERROR | app | Exception on /admin/activity [GET]
Traceback (most recent call last):
  File "/usr/local/lib/python3.12/site-packages/flask/app.py", line 1511, in wsgi_app
    response = self.full_dispatch_request()
               ^^^^^^^^^^^^^^^^^^^^^^^^^^^^
  File "/usr/local/lib/python3.12/site-packages/flask/app.py", line 919, in full_dispatch_request
    rv = self.handle_user_exception(e)
         ^^^^^^^^^^^^^^^^^^^^^^^^^^^^^
  File "/usr/local/lib/python3.12/site-packages/flask_cors/extension.py", line 206, in wrapped_function
    return cors_after_request(app_any.make_response(f(*args, **kwargs)))
                                                    ^^^^^^^^^^^^^^^^^^
  File "/usr/local/lib/python3.12/site-packages/flask/app.py", line 917, in full_dispatch_request
    rv = self.dispatch_request()
         ^^^^^^^^^^^^^^^^^^^^^^^
  File "/usr/local/lib/python3.12/site-packages/flask/app.py", line 902, in dispatch_request
    return self.ensure_sync(self.view_functions[rule.endpoint])(**view_args)  # type: ignore[no-any-return]
           ^^^^^^^^^^^^^^^^^^^^^^^^^^^^^^^^^^^^^^^^^^^^^^^^^^^^^^^^^^^^^^^^^
  File "/app/admin_routes.py", line 936, in admin_get_activity
    ensure_admin_tables()
  File "/app/admin_routes.py", line 63, in ensure_admin_tables
    cur.execute("""
psycopg2.errors.UndefinedColumn: column "role" does not exist
LINE 3:         SELECT DISTINCT role
                                ^

2026-08-27 07:17:18,905 | INFO | werkzeug | 172.18.0.1 - - [27/Aug/2026 07:17:18] "[35m[1mGET /admin/activity HTTP/1.1[0m" 500 -
2026-08-27 07:17:23,869 | INFO | werkzeug | 172.18.0.1 - - [27/Aug/2026 07:17:23] "OPTIONS /admin/users HTTP/1.1" 200 -
2026-08-27 07:17:23,870 | INFO | werkzeug | 172.18.0.1 - - [27/Aug/2026 07:17:23] "OPTIONS /admin/activity HTTP/1.1" 200 -
2026-08-27 07:17:23,901 | ERROR | app | Exception on /admin/users [GET]
Traceback (most recent call last):
  File "/usr/local/lib/python3.12/site-packages/flask/app.py", line 1511, in wsgi_app
    response = self.full_dispatch_request()
               ^^^^^^^^^^^^^^^^^^^^^^^^^^^^
  File "/usr/local/lib/python3.12/site-packages/flask/app.py", line 919, in full_dispatch_request
    rv = self.handle_user_exception(e)
         ^^^^^^^^^^^^^^^^^^^^^^^^^^^^^
  File "/usr/local/lib/python3.12/site-packages/flask_cors/extension.py", line 206, in wrapped_function
    return cors_after_request(app_any.make_response(f(*args, **kwargs)))
                                                    ^^^^^^^^^^^^^^^^^^
  File "/usr/local/lib/python3.12/site-packages/flask/app.py", line 917, in full_dispatch_request
    rv = self.dispatch_request()
         ^^^^^^^^^^^^^^^^^^^^^^^
  File "/usr/local/lib/python3.12/site-packages/flask/app.py", line 902, in dispatch_request
    return self.ensure_sync(self.view_functions[rule.endpoint])(**view_args)  # type: ignore[no-any-return]
           ^^^^^^^^^^^^^^^^^^^^^^^^^^^^^^^^^^^^^^^^^^^^^^^^^^^^^^^^^^^^^^^^^
  File "/app/admin_routes.py", line 230, in admin_get_users
    ensure_admin_tables()
  File "/app/admin_routes.py", line 63, in ensure_admin_tables
    cur.execute("""
psycopg2.errors.UndefinedColumn: column "role" does not exist
LINE 3:         SELECT DISTINCT role
                                ^

2026-08-27 07:17:23,904 | INFO | werkzeug | 172.18.0.1 - - [27/Aug/2026 07:17:23] "[35m[1mGET /admin/users HTTP/1.1[0m" 500 -
2026-08-27 07:17:23,915 | ERROR | app | Exception on /admin/activity [GET]
Traceback (most recent call last):
  File "/usr/local/lib/python3.12/site-packages/flask/app.py", line 1511, in wsgi_app
    response = self.full_dispatch_request()
               ^^^^^^^^^^^^^^^^^^^^^^^^^^^^
  File "/usr/local/lib/python3.12/site-packages/flask/app.py", line 919, in full_dispatch_request
    rv = self.handle_user_exception(e)
         ^^^^^^^^^^^^^^^^^^^^^^^^^^^^^
  File "/usr/local/lib/python3.12/site-packages/flask_cors/extension.py", line 206, in wrapped_function
    return cors_after_request(app_any.make_response(f(*args, **kwargs)))
                                                    ^^^^^^^^^^^^^^^^^^
  File "/usr/local/lib/python3.12/site-packages/flask/app.py", line 917, in full_dispatch_request
    rv = self.dispatch_request()
         ^^^^^^^^^^^^^^^^^^^^^^^
  File "/usr/local/lib/python3.12/site-packages/flask/app.py", line 902, in dispatch_request
    return self.ensure_sync(self.view_functions[rule.endpoint])(**view_args)  # type: ignore[no-any-return]
           ^^^^^^^^^^^^^^^^^^^^^^^^^^^^^^^^^^^^^^^^^^^^^^^^^^^^^^^^^^^^^^^^^
  File "/app/admin_routes.py", line 936, in admin_get_activity
    ensure_admin_tables()
  File "/app/admin_routes.py", line 63, in ensure_admin_tables
    cur.execute("""
psycopg2.errors.UndefinedColumn: column "role" does not exist
LINE 3:         SELECT DISTINCT role
                                ^

2026-08-27 07:17:23,919 | INFO | werkzeug | 172.18.0.1 - - [27/Aug/2026 07:17:23] "[35m[1mGET /admin/activity HTTP/1.1[0m" 500 -
2026-08-27 07:17:28,915 | ERROR | app | Exception on /admin/activity [GET]
Traceback (most recent call last):
  File "/usr/local/lib/python3.12/site-packages/flask/app.py", line 1511, in wsgi_app
    response = self.full_dispatch_request()
               ^^^^^^^^^^^^^^^^^^^^^^^^^^^^
  File "/usr/local/lib/python3.12/site-packages/flask/app.py", line 919, in full_dispatch_request
    rv = self.handle_user_exception(e)
         ^^^^^^^^^^^^^^^^^^^^^^^^^^^^^
  File "/usr/local/lib/python3.12/site-packages/flask_cors/extension.py", line 206, in wrapped_function
    return cors_after_request(app_any.make_response(f(*args, **kwargs)))
                                                    ^^^^^^^^^^^^^^^^^^
  File "/usr/local/lib/python3.12/site-packages/flask/app.py", line 917, in full_dispatch_request
    rv = self.dispatch_request()
         ^^^^^^^^^^^^^^^^^^^^^^^
  File "/usr/local/lib/python3.12/site-packages/flask/app.py", line 902, in dispatch_request
    return self.ensure_sync(self.view_functions[rule.endpoint])(**view_args)  # type: ignore[no-any-return]
           ^^^^^^^^^^^^^^^^^^^^^^^^^^^^^^^^^^^^^^^^^^^^^^^^^^^^^^^^^^^^^^^^^
  File "/app/admin_routes.py", line 936, in admin_get_activity
    ensure_admin_tables()
  File "/app/admin_routes.py", line 63, in ensure_admin_tables
    cur.execute("""
psycopg2.errors.UndefinedColumn: column "role" does not exist
LINE 3:         SELECT DISTINCT role
                                ^

2026-08-27 07:17:28,920 | INFO | werkzeug | 172.18.0.1 - - [27/Aug/2026 07:17:28] "[35m[1mGET /admin/activity HTTP/1.1[0m" 500 -
2026-08-27 07:17:28,930 | ERROR | app | Exception on /admin/users [GET]
Traceback (most recent call last):
  File "/usr/local/lib/python3.12/site-packages/flask/app.py", line 1511, in wsgi_app
    response = self.full_dispatch_request()
               ^^^^^^^^^^^^^^^^^^^^^^^^^^^^
  File "/usr/local/lib/python3.12/site-packages/flask/app.py", line 919, in full_dispatch_request
    rv = self.handle_user_exception(e)
         ^^^^^^^^^^^^^^^^^^^^^^^^^^^^^
  File "/usr/local/lib/python3.12/site-packages/flask_cors/extension.py", line 206, in wrapped_function
    return cors_after_request(app_any.make_response(f(*args, **kwargs)))
                                                    ^^^^^^^^^^^^^^^^^^
  File "/usr/local/lib/python3.12/site-packages/flask/app.py", line 917, in full_dispatch_request
    rv = self.dispatch_request()
         ^^^^^^^^^^^^^^^^^^^^^^^
  File "/usr/local/lib/python3.12/site-packages/flask/app.py", line 902, in dispatch_request
    return self.ensure_sync(self.view_functions[rule.endpoint])(**view_args)  # type: ignore[no-any-return]
           ^^^^^^^^^^^^^^^^^^^^^^^^^^^^^^^^^^^^^^^^^^^^^^^^^^^^^^^^^^^^^^^^^
  File "/app/admin_routes.py", line 230, in admin_get_users
    ensure_admin_tables()
  File "/app/admin_routes.py", line 63, in ensure_admin_tables
    cur.execute("""
psycopg2.errors.UndefinedColumn: column "role" does not exist
LINE 3:         SELECT DISTINCT role
                                ^

2026-08-27 07:17:28,934 | INFO | werkzeug | 172.18.0.1 - - [27/Aug/2026 07:17:28] "[35m[1mGET /admin/users HTTP/1.1[0m" 500 -
2026-08-27 07:17:33,900 | INFO | werkzeug | 172.18.0.1 - - [27/Aug/2026 07:17:33] "OPTIONS /admin/users HTTP/1.1" 200 -
2026-08-27 07:17:33,907 | INFO | werkzeug | 172.18.0.1 - - [27/Aug/2026 07:17:33] "OPTIONS /admin/activity HTTP/1.1" 200 -
2026-08-27 07:17:34,019 | ERROR | app | Exception on /admin/users [GET]
Traceback (most recent call last):
  File "/usr/local/lib/python3.12/site-packages/flask/app.py", line 1511, in wsgi_app
    response = self.full_dispatch_request()
               ^^^^^^^^^^^^^^^^^^^^^^^^^^^^
  File "/usr/local/lib/python3.12/site-packages/flask/app.py", line 919, in full_dispatch_request
    rv = self.handle_user_exception(e)
         ^^^^^^^^^^^^^^^^^^^^^^^^^^^^^
  File "/usr/local/lib/python3.12/site-packages/flask_cors/extension.py", line 206, in wrapped_function
    return cors_after_request(app_any.make_response(f(*args, **kwargs)))
                                                    ^^^^^^^^^^^^^^^^^^
  File "/usr/local/lib/python3.12/site-packages/flask/app.py", line 917, in full_dispatch_request
    rv = self.dispatch_request()
         ^^^^^^^^^^^^^^^^^^^^^^^
  File "/usr/local/lib/python3.12/site-packages/flask/app.py", line 902, in dispatch_request
    return self.ensure_sync(self.view_functions[rule.endpoint])(**view_args)  # type: ignore[no-any-return]
           ^^^^^^^^^^^^^^^^^^^^^^^^^^^^^^^^^^^^^^^^^^^^^^^^^^^^^^^^^^^^^^^^^
  File "/app/admin_routes.py", line 230, in admin_get_users
    ensure_admin_tables()
  File "/app/admin_routes.py", line 63, in ensure_admin_tables
    cur.execute("""
psycopg2.errors.UndefinedColumn: column "role" does not exist
LINE 3:         SELECT DISTINCT role
                                ^

2026-08-27 07:17:34,025 | INFO | werkzeug | 172.18.0.1 - - [27/Aug/2026 07:17:34] "[35m[1mGET /admin/users HTTP/1.1[0m" 500 -
2026-08-27 07:17:34,041 | ERROR | app | Exception on /admin/activity [GET]
Traceback (most recent call last):
  File "/usr/local/lib/python3.12/site-packages/flask/app.py", line 1511, in wsgi_app
    response = self.full_dispatch_request()
               ^^^^^^^^^^^^^^^^^^^^^^^^^^^^
  File "/usr/local/lib/python3.12/site-packages/flask/app.py", line 919, in full_dispatch_request
    rv = self.handle_user_exception(e)
         ^^^^^^^^^^^^^^^^^^^^^^^^^^^^^
  File "/usr/local/lib/python3.12/site-packages/flask_cors/extension.py", line 206, in wrapped_function
    return cors_after_request(app_any.make_response(f(*args, **kwargs)))
                                                    ^^^^^^^^^^^^^^^^^^
  File "/usr/local/lib/python3.12/site-packages/flask/app.py", line 917, in full_dispatch_request
    rv = self.dispatch_request()
         ^^^^^^^^^^^^^^^^^^^^^^^
  File "/usr/local/lib/python3.12/site-packages/flask/app.py", line 902, in dispatch_request
    return self.ensure_sync(self.view_functions[rule.endpoint])(**view_args)  # type: ignore[no-any-return]
           ^^^^^^^^^^^^^^^^^^^^^^^^^^^^^^^^^^^^^^^^^^^^^^^^^^^^^^^^^^^^^^^^^
  File "/app/admin_routes.py", line 936, in admin_get_activity
    ensure_admin_tables()
  File "/app/admin_routes.py", line 63, in ensure_admin_tables
    cur.execute("""
psycopg2.errors.UndefinedColumn: column "role" does not exist
LINE 3:         SELECT DISTINCT role
                                ^

2026-08-27 07:17:34,045 | INFO | werkzeug | 172.18.0.1 - - [27/Aug/2026 07:17:34] "[35m[1mGET /admin/activity HTTP/1.1[0m" 500 -
2026-08-27 07:17:38,890 | ERROR | app | Exception on /admin/users [GET]
Traceback (most recent call last):
  File "/usr/local/lib/python3.12/site-packages/flask/app.py", line 1511, in wsgi_app
    response = self.full_dispatch_request()
               ^^^^^^^^^^^^^^^^^^^^^^^^^^^^
  File "/usr/local/lib/python3.12/site-packages/flask/app.py", line 919, in full_dispatch_request
    rv = self.handle_user_exception(e)
         ^^^^^^^^^^^^^^^^^^^^^^^^^^^^^
  File "/usr/local/lib/python3.12/site-packages/flask_cors/extension.py", line 206, in wrapped_function
    return cors_after_request(app_any.make_response(f(*args, **kwargs)))
                                                    ^^^^^^^^^^^^^^^^^^
  File "/usr/local/lib/python3.12/site-packages/flask/app.py", line 917, in full_dispatch_request
    rv = self.dispatch_request()
         ^^^^^^^^^^^^^^^^^^^^^^^
  File "/usr/local/lib/python3.12/site-packages/flask/app.py", line 902, in dispatch_request
    return self.ensure_sync(self.view_functions[rule.endpoint])(**view_args)  # type: ignore[no-any-return]
           ^^^^^^^^^^^^^^^^^^^^^^^^^^^^^^^^^^^^^^^^^^^^^^^^^^^^^^^^^^^^^^^^^
  File "/app/admin_routes.py", line 230, in admin_get_users
    ensure_admin_tables()
  File "/app/admin_routes.py", line 63, in ensure_admin_tables
    cur.execute("""
psycopg2.errors.UndefinedColumn: column "role" does not exist
LINE 3:         SELECT DISTINCT role
                                ^

2026-08-27 07:17:38,894 | INFO | werkzeug | 172.18.0.1 - - [27/Aug/2026 07:17:38] "[35m[1mGET /admin/users HTTP/1.1[0m" 500 -
2026-08-27 07:17:38,904 | ERROR | app | Exception on /admin/activity [GET]
Traceback (most recent call last):
  File "/usr/local/lib/python3.12/site-packages/flask/app.py", line 1511, in wsgi_app
    response = self.full_dispatch_request()
               ^^^^^^^^^^^^^^^^^^^^^^^^^^^^
  File "/usr/local/lib/python3.12/site-packages/flask/app.py", line 919, in full_dispatch_request
    rv = self.handle_user_exception(e)
         ^^^^^^^^^^^^^^^^^^^^^^^^^^^^^
  File "/usr/local/lib/python3.12/site-packages/flask_cors/extension.py", line 206, in wrapped_function
    return cors_after_request(app_any.make_response(f(*args, **kwargs)))
                                                    ^^^^^^^^^^^^^^^^^^
  File "/usr/local/lib/python3.12/site-packages/flask/app.py", line 917, in full_dispatch_request
    rv = self.dispatch_request()
         ^^^^^^^^^^^^^^^^^^^^^^^
  File "/usr/local/lib/python3.12/site-packages/flask/app.py", line 902, in dispatch_request
    return self.ensure_sync(self.view_functions[rule.endpoint])(**view_args)  # type: ignore[no-any-return]
           ^^^^^^^^^^^^^^^^^^^^^^^^^^^^^^^^^^^^^^^^^^^^^^^^^^^^^^^^^^^^^^^^^
  File "/app/admin_routes.py", line 936, in admin_get_activity
    ensure_admin_tables()
  File "/app/admin_routes.py", line 63, in ensure_admin_tables
    cur.execute("""
psycopg2.errors.UndefinedColumn: column "role" does not exist
LINE 3:         SELECT DISTINCT role
                                ^

2026-08-27 07:17:38,907 | INFO | werkzeug | 172.18.0.1 - - [27/Aug/2026 07:17:38] "[35m[1mGET /admin/activity HTTP/1.1[0m" 500 -
2026-08-27 07:17:42,410 | INFO | werkzeug | 172.18.0.1 - - [27/Aug/2026 07:17:42] "GET /api/data/tickers HTTP/1.1" 200 -
2026-08-27 07:17:42,449 | INFO | werkzeug | 172.18.0.1 - - [27/Aug/2026 07:17:42] "GET /users/2/watchlists HTTP/1.1" 200 -
2026-08-27 07:17:42,554 | INFO | werkzeug | 172.18.0.1 - - [27/Aug/2026 07:17:42] "OPTIONS /admin/users HTTP/1.1" 200 -
2026-08-27 07:17:42,555 | INFO | werkzeug | 172.18.0.1 - - [27/Aug/2026 07:17:42] "OPTIONS /admin/activity HTTP/1.1" 200 -
2026-08-27 07:17:42,590 | ERROR | app | Exception on /admin/activity [GET]
Traceback (most recent call last):
  File "/usr/local/lib/python3.12/site-packages/flask/app.py", line 1511, in wsgi_app
    response = self.full_dispatch_request()
               ^^^^^^^^^^^^^^^^^^^^^^^^^^^^
  File "/usr/local/lib/python3.12/site-packages/flask/app.py", line 919, in full_dispatch_request
    rv = self.handle_user_exception(e)
         ^^^^^^^^^^^^^^^^^^^^^^^^^^^^^
  File "/usr/local/lib/python3.12/site-packages/flask_cors/extension.py", line 206, in wrapped_function
    return cors_after_request(app_any.make_response(f(*args, **kwargs)))
                                                    ^^^^^^^^^^^^^^^^^^
  File "/usr/local/lib/python3.12/site-packages/flask/app.py", line 917, in full_dispatch_request
    rv = self.dispatch_request()
         ^^^^^^^^^^^^^^^^^^^^^^^
  File "/usr/local/lib/python3.12/site-packages/flask/app.py", line 902, in dispatch_request
    return self.ensure_sync(self.view_functions[rule.endpoint])(**view_args)  # type: ignore[no-any-return]
           ^^^^^^^^^^^^^^^^^^^^^^^^^^^^^^^^^^^^^^^^^^^^^^^^^^^^^^^^^^^^^^^^^
  File "/app/admin_routes.py", line 936, in admin_get_activity
    ensure_admin_tables()
  File "/app/admin_routes.py", line 63, in ensure_admin_tables
    cur.execute("""
psycopg2.errors.UndefinedColumn: column "role" does not exist
LINE 3:         SELECT DISTINCT role
                                ^

2026-08-27 07:17:42,594 | INFO | werkzeug | 172.18.0.1 - - [27/Aug/2026 07:17:42] "[35m[1mGET /admin/activity HTTP/1.1[0m" 500 -
2026-08-27 07:17:42,612 | ERROR | app | Exception on /admin/users [GET]
Traceback (most recent call last):
  File "/usr/local/lib/python3.12/site-packages/flask/app.py", line 1511, in wsgi_app
    response = self.full_dispatch_request()
               ^^^^^^^^^^^^^^^^^^^^^^^^^^^^
  File "/usr/local/lib/python3.12/site-packages/flask/app.py", line 919, in full_dispatch_request
    rv = self.handle_user_exception(e)
         ^^^^^^^^^^^^^^^^^^^^^^^^^^^^^
  File "/usr/local/lib/python3.12/site-packages/flask_cors/extension.py", line 206, in wrapped_function
    return cors_after_request(app_any.make_response(f(*args, **kwargs)))
                                                    ^^^^^^^^^^^^^^^^^^
  File "/usr/local/lib/python3.12/site-packages/flask/app.py", line 917, in full_dispatch_request
    rv = self.dispatch_request()
         ^^^^^^^^^^^^^^^^^^^^^^^
  File "/usr/local/lib/python3.12/site-packages/flask/app.py", line 902, in dispatch_request
    return self.ensure_sync(self.view_functions[rule.endpoint])(**view_args)  # type: ignore[no-any-return]
           ^^^^^^^^^^^^^^^^^^^^^^^^^^^^^^^^^^^^^^^^^^^^^^^^^^^^^^^^^^^^^^^^^
  File "/app/admin_routes.py", line 230, in admin_get_users
    ensure_admin_tables()
  File "/app/admin_routes.py", line 63, in ensure_admin_tables
    cur.execute("""
psycopg2.errors.UndefinedColumn: column "role" does not exist
LINE 3:         SELECT DISTINCT role
                                ^

2026-08-27 07:17:42,617 | INFO | werkzeug | 172.18.0.1 - - [27/Aug/2026 07:17:42] "GET /api/data/tickers HTTP/1.1" 200 -
2026-08-27 07:17:42,620 | INFO | werkzeug | 172.18.0.1 - - [27/Aug/2026 07:17:42] "[35m[1mGET /admin/users HTTP/1.1[0m" 500 -
2026-08-27 07:17:42,658 | INFO | werkzeug | 172.18.0.1 - - [27/Aug/2026 07:17:42] "GET /api/data/tickers HTTP/1.1" 200 -
2026-08-27 07:17:42,900 | INFO | werkzeug | 172.18.0.1 - - [27/Aug/2026 07:17:42] "GET /api/data/ohlc?symbol=BBCA HTTP/1.1" 200 -
2026-08-27 07:17:42,920 | INFO | werkzeug | 172.18.0.1 - - [27/Aug/2026 07:17:42] "GET /api/data/ohlc?symbol=BJBR HTTP/1.1" 200 -
2026-08-27 07:17:42,928 | INFO | werkzeug | 172.18.0.1 - - [27/Aug/2026 07:17:42] "GET /api/data/ohlc?symbol=BBNI HTTP/1.1" 200 -
2026-08-27 07:17:42,929 | INFO | werkzeug | 172.18.0.1 - - [27/Aug/2026 07:17:42] "GET /api/data/ohlc?symbol=BMRI HTTP/1.1" 200 -
2026-08-27 07:17:42,942 | INFO | werkzeug | 172.18.0.1 - - [27/Aug/2026 07:17:42] "GET /api/data/ohlc?symbol=BBRI HTTP/1.1" 200 -
2026-08-27 07:17:42,948 | INFO | werkzeug | 172.18.0.1 - - [27/Aug/2026 07:17:42] "GET /api/data/ohlc?symbol=TLKM HTTP/1.1" 200 -
2026-08-27 07:17:42,972 | INFO | werkzeug | 172.18.0.1 - - [27/Aug/2026 07:17:42] "GET /api/data/ohlc?symbol=ASII HTTP/1.1" 200 -
2026-08-27 07:17:42,993 | INFO | werkzeug | 172.18.0.1 - - [27/Aug/2026 07:17:42] "GET /api/data/ohlc?symbol=ANTM HTTP/1.1" 200 -
2026-08-27 07:17:42,999 | INFO | werkzeug | 172.18.0.1 - - [27/Aug/2026 07:17:42] "GET /api/data/ohlc?symbol=BBNI HTTP/1.1" 200 -
2026-08-27 07:17:43,000 | INFO | werkzeug | 172.18.0.1 - - [27/Aug/2026 07:17:43] "GET /api/data/ohlc?symbol=BJBR HTTP/1.1" 200 -
2026-08-27 07:17:43,010 | INFO | werkzeug | 172.18.0.1 - - [27/Aug/2026 07:17:43] "GET /api/data/ohlc?symbol=BBCA HTTP/1.1" 200 -
2026-08-27 07:17:43,015 | INFO | werkzeug | 172.18.0.1 - - [27/Aug/2026 07:17:43] "GET /api/data/ohlc?symbol=GOTO HTTP/1.1" 200 -
2026-08-27 07:17:43,026 | INFO | werkzeug | 172.18.0.1 - - [27/Aug/2026 07:17:43] "GET /api/data/ohlc?symbol=BMRI HTTP/1.1" 200 -
2026-08-27 07:17:43,042 | INFO | werkzeug | 172.18.0.1 - - [27/Aug/2026 07:17:43] "GET /api/data/ohlc?symbol=BBRI HTTP/1.1" 200 -
2026-08-27 07:17:43,060 | INFO | werkzeug | 172.18.0.1 - - [27/Aug/2026 07:17:43] "GET /api/data/ohlc?symbol=TLKM HTTP/1.1" 200 -
2026-08-27 07:17:43,065 | INFO | werkzeug | 172.18.0.1 - - [27/Aug/2026 07:17:43] "GET /api/data/ohlc?symbol=ASII HTTP/1.1" 200 -
2026-08-27 07:17:43,071 | INFO | werkzeug | 172.18.0.1 - - [27/Aug/2026 07:17:43] "GET /api/data/ohlc?symbol=ANTM HTTP/1.1" 200 -
2026-08-27 07:17:43,077 | INFO | werkzeug | 172.18.0.1 - - [27/Aug/2026 07:17:43] "GET /api/data/ohlc?symbol=GOTO HTTP/1.1" 200 -
2026-08-27 07:17:43,555 | INFO | werkzeug | 172.18.0.1 - - [27/Aug/2026 07:17:43] "GET /api/data/tickers HTTP/1.1" 200 -
2026-08-27 07:17:43,711 | INFO | werkzeug | 172.18.0.1 - - [27/Aug/2026 07:17:43] "GET /users/2/watchlists HTTP/1.1" 200 -
2026-08-27 07:17:44,422 | INFO | werkzeug | 172.18.0.1 - - [27/Aug/2026 07:17:44] "GET /api/data/ohlc?symbol=BBNI HTTP/1.1" 200 -
2026-08-27 07:17:44,438 | INFO | werkzeug | 172.18.0.1 - - [27/Aug/2026 07:17:44] "GET /api/data/ohlc?symbol=BBCA HTTP/1.1" 200 -
2026-08-27 07:17:44,441 | INFO | werkzeug | 172.18.0.1 - - [27/Aug/2026 07:17:44] "GET /api/data/ohlc?symbol=BBRI HTTP/1.1" 200 -
2026-08-27 07:17:44,448 | INFO | werkzeug | 172.18.0.1 - - [27/Aug/2026 07:17:44] "GET /api/data/ohlc?symbol=TLKM HTTP/1.1" 200 -
2026-08-27 07:17:44,458 | INFO | werkzeug | 172.18.0.1 - - [27/Aug/2026 07:17:44] "GET /api/data/ohlc?symbol=BMRI HTTP/1.1" 200 -
2026-08-27 07:17:44,466 | INFO | werkzeug | 172.18.0.1 - - [27/Aug/2026 07:17:44] "GET /api/data/ohlc?symbol=BJBR HTTP/1.1" 200 -
2026-08-27 07:17:44,489 | INFO | werkzeug | 172.18.0.1 - - [27/Aug/2026 07:17:44] "GET /api/data/ohlc?symbol=ASII HTTP/1.1" 200 -
2026-08-27 07:17:44,501 | INFO | werkzeug | 172.18.0.1 - - [27/Aug/2026 07:17:44] "GET /api/data/ohlc?symbol=ANTM HTTP/1.1" 200 -
2026-08-27 07:17:44,507 | INFO | werkzeug | 172.18.0.1 - - [27/Aug/2026 07:17:44] "GET /api/data/majorholder?symbol=BBCA HTTP/1.1" 200 -
2026-08-27 07:17:44,507 | INFO | werkzeug | 172.18.0.1 - - [27/Aug/2026 07:17:44] "GET /api/data/ohlc?symbol=GOTO HTTP/1.1" 200 -
2026-08-27 07:17:44,509 | INFO | werkzeug | 172.18.0.1 - - [27/Aug/2026 07:17:44] "GET /api/data/broker-activity?symbol=BBCA HTTP/1.1" 200 -
2026-08-27 07:17:44,520 | INFO | werkzeug | 172.18.0.1 - - [27/Aug/2026 07:17:44] "GET /api/data/stock-info?symbol=BBCA HTTP/1.1" 200 -
2026-08-27 07:17:44,541 | INFO | werkzeug | 172.18.0.1 - - [27/Aug/2026 07:17:44] "GET /api/prescriptive/results?symbol=BBCA HTTP/1.1" 200 -
2026-08-27 07:17:44,541 | INFO | werkzeug | 172.18.0.1 - - [27/Aug/2026 07:17:44] "GET /api/data/technical?symbol=BBCA HTTP/1.1" 200 -
2026-08-27 07:17:44,542 | INFO | werkzeug | 172.18.0.1 - - [27/Aug/2026 07:17:44] "GET /api/diagnostic/results?symbol=BBCA HTTP/1.1" 200 -
2026-08-27 07:17:44,558 | INFO | werkzeug | 172.18.0.1 - - [27/Aug/2026 07:17:44] "GET /api/data/ohlc?symbol=BBCA HTTP/1.1" 200 -
2026-08-27 07:17:44,571 | INFO | werkzeug | 172.18.0.1 - - [27/Aug/2026 07:17:44] "GET /api/data/forecast?symbol=BBCA HTTP/1.1" 200 -
2026-08-27 07:17:47,613 | ERROR | app | Exception on /admin/users [GET]
Traceback (most recent call last):
  File "/usr/local/lib/python3.12/site-packages/flask/app.py", line 1511, in wsgi_app
    response = self.full_dispatch_request()
               ^^^^^^^^^^^^^^^^^^^^^^^^^^^^
  File "/usr/local/lib/python3.12/site-packages/flask/app.py", line 919, in full_dispatch_request
    rv = self.handle_user_exception(e)
         ^^^^^^^^^^^^^^^^^^^^^^^^^^^^^
  File "/usr/local/lib/python3.12/site-packages/flask_cors/extension.py", line 206, in wrapped_function
    return cors_after_request(app_any.make_response(f(*args, **kwargs)))
                                                    ^^^^^^^^^^^^^^^^^^
  File "/usr/local/lib/python3.12/site-packages/flask/app.py", line 917, in full_dispatch_request
    rv = self.dispatch_request()
         ^^^^^^^^^^^^^^^^^^^^^^^
  File "/usr/local/lib/python3.12/site-packages/flask/app.py", line 902, in dispatch_request
    return self.ensure_sync(self.view_functions[rule.endpoint])(**view_args)  # type: ignore[no-any-return]
           ^^^^^^^^^^^^^^^^^^^^^^^^^^^^^^^^^^^^^^^^^^^^^^^^^^^^^^^^^^^^^^^^^
  File "/app/admin_routes.py", line 230, in admin_get_users
    ensure_admin_tables()
  File "/app/admin_routes.py", line 63, in ensure_admin_tables
    cur.execute("""
psycopg2.errors.UndefinedColumn: column "role" does not exist
LINE 3:         SELECT DISTINCT role
                                ^

2026-08-27 07:17:47,619 | INFO | werkzeug | 172.18.0.1 - - [27/Aug/2026 07:17:47] "[35m[1mGET /admin/users HTTP/1.1[0m" 500 -
2026-08-27 07:17:47,629 | ERROR | app | Exception on /admin/activity [GET]
Traceback (most recent call last):
  File "/usr/local/lib/python3.12/site-packages/flask/app.py", line 1511, in wsgi_app
    response = self.full_dispatch_request()
               ^^^^^^^^^^^^^^^^^^^^^^^^^^^^
  File "/usr/local/lib/python3.12/site-packages/flask/app.py", line 919, in full_dispatch_request
    rv = self.handle_user_exception(e)
         ^^^^^^^^^^^^^^^^^^^^^^^^^^^^^
  File "/usr/local/lib/python3.12/site-packages/flask_cors/extension.py", line 206, in wrapped_function
    return cors_after_request(app_any.make_response(f(*args, **kwargs)))
                                                    ^^^^^^^^^^^^^^^^^^
  File "/usr/local/lib/python3.12/site-packages/flask/app.py", line 917, in full_dispatch_request
    rv = self.dispatch_request()
         ^^^^^^^^^^^^^^^^^^^^^^^
  File "/usr/local/lib/python3.12/site-packages/flask/app.py", line 902, in dispatch_request
    return self.ensure_sync(self.view_functions[rule.endpoint])(**view_args)  # type: ignore[no-any-return]
           ^^^^^^^^^^^^^^^^^^^^^^^^^^^^^^^^^^^^^^^^^^^^^^^^^^^^^^^^^^^^^^^^^
  File "/app/admin_routes.py", line 936, in admin_get_activity
    ensure_admin_tables()
  File "/app/admin_routes.py", line 63, in ensure_admin_tables
    cur.execute("""
psycopg2.errors.UndefinedColumn: column "role" does not exist
LINE 3:         SELECT DISTINCT role
                                ^

2026-08-27 07:17:47,637 | INFO | werkzeug | 172.18.0.1 - - [27/Aug/2026 07:17:47] "[35m[1mGET /admin/activity HTTP/1.1[0m" 500 -
2026-08-27 07:17:52,551 | INFO | werkzeug | 172.18.0.1 - - [27/Aug/2026 07:17:52] "OPTIONS /admin/users HTTP/1.1" 200 -
2026-08-27 07:17:52,552 | INFO | werkzeug | 172.18.0.1 - - [27/Aug/2026 07:17:52] "OPTIONS /admin/activity HTTP/1.1" 200 -
2026-08-27 07:17:52,580 | ERROR | app | Exception on /admin/users [GET]
Traceback (most recent call last):
  File "/usr/local/lib/python3.12/site-packages/flask/app.py", line 1511, in wsgi_app
    response = self.full_dispatch_request()
               ^^^^^^^^^^^^^^^^^^^^^^^^^^^^
  File "/usr/local/lib/python3.12/site-packages/flask/app.py", line 919, in full_dispatch_request
    rv = self.handle_user_exception(e)
         ^^^^^^^^^^^^^^^^^^^^^^^^^^^^^
  File "/usr/local/lib/python3.12/site-packages/flask_cors/extension.py", line 206, in wrapped_function
    return cors_after_request(app_any.make_response(f(*args, **kwargs)))
                                                    ^^^^^^^^^^^^^^^^^^
  File "/usr/local/lib/python3.12/site-packages/flask/app.py", line 917, in full_dispatch_request
    rv = self.dispatch_request()
         ^^^^^^^^^^^^^^^^^^^^^^^
  File "/usr/local/lib/python3.12/site-packages/flask/app.py", line 902, in dispatch_request
    return self.ensure_sync(self.view_functions[rule.endpoint])(**view_args)  # type: ignore[no-any-return]
           ^^^^^^^^^^^^^^^^^^^^^^^^^^^^^^^^^^^^^^^^^^^^^^^^^^^^^^^^^^^^^^^^^
  File "/app/admin_routes.py", line 230, in admin_get_users
    ensure_admin_tables()
  File "/app/admin_routes.py", line 63, in ensure_admin_tables
    cur.execute("""
psycopg2.errors.UndefinedColumn: column "role" does not exist
LINE 3:         SELECT DISTINCT role
                                ^

2026-08-27 07:17:52,585 | INFO | werkzeug | 172.18.0.1 - - [27/Aug/2026 07:17:52] "[35m[1mGET /admin/users HTTP/1.1[0m" 500 -
2026-08-27 07:17:52,595 | ERROR | app | Exception on /admin/activity [GET]
Traceback (most recent call last):
  File "/usr/local/lib/python3.12/site-packages/flask/app.py", line 1511, in wsgi_app
    response = self.full_dispatch_request()
               ^^^^^^^^^^^^^^^^^^^^^^^^^^^^
  File "/usr/local/lib/python3.12/site-packages/flask/app.py", line 919, in full_dispatch_request
    rv = self.handle_user_exception(e)
         ^^^^^^^^^^^^^^^^^^^^^^^^^^^^^
  File "/usr/local/lib/python3.12/site-packages/flask_cors/extension.py", line 206, in wrapped_function
    return cors_after_request(app_any.make_response(f(*args, **kwargs)))
                                                    ^^^^^^^^^^^^^^^^^^
  File "/usr/local/lib/python3.12/site-packages/flask/app.py", line 917, in full_dispatch_request
    rv = self.dispatch_request()
         ^^^^^^^^^^^^^^^^^^^^^^^
  File "/usr/local/lib/python3.12/site-packages/flask/app.py", line 902, in dispatch_request
    return self.ensure_sync(self.view_functions[rule.endpoint])(**view_args)  # type: ignore[no-any-return]
           ^^^^^^^^^^^^^^^^^^^^^^^^^^^^^^^^^^^^^^^^^^^^^^^^^^^^^^^^^^^^^^^^^
  File "/app/admin_routes.py", line 936, in admin_get_activity
    ensure_admin_tables()
  File "/app/admin_routes.py", line 63, in ensure_admin_tables
    cur.execute("""
psycopg2.errors.UndefinedColumn: column "role" does not exist
LINE 3:         SELECT DISTINCT role
                                ^

2026-08-27 07:17:52,600 | INFO | werkzeug | 172.18.0.1 - - [27/Aug/2026 07:17:52] "[35m[1mGET /admin/activity HTTP/1.1[0m" 500 -
2026-08-27 07:17:57,571 | ERROR | app | Exception on /admin/activity [GET]
Traceback (most recent call last):
  File "/usr/local/lib/python3.12/site-packages/flask/app.py", line 1511, in wsgi_app
    response = self.full_dispatch_request()
               ^^^^^^^^^^^^^^^^^^^^^^^^^^^^
  File "/usr/local/lib/python3.12/site-packages/flask/app.py", line 919, in full_dispatch_request
    rv = self.handle_user_exception(e)
         ^^^^^^^^^^^^^^^^^^^^^^^^^^^^^
  File "/usr/local/lib/python3.12/site-packages/flask_cors/extension.py", line 206, in wrapped_function
    return cors_after_request(app_any.make_response(f(*args, **kwargs)))
                                                    ^^^^^^^^^^^^^^^^^^
  File "/usr/local/lib/python3.12/site-packages/flask/app.py", line 917, in full_dispatch_request
    rv = self.dispatch_request()
         ^^^^^^^^^^^^^^^^^^^^^^^
  File "/usr/local/lib/python3.12/site-packages/flask/app.py", line 902, in dispatch_request
    return self.ensure_sync(self.view_functions[rule.endpoint])(**view_args)  # type: ignore[no-any-return]
           ^^^^^^^^^^^^^^^^^^^^^^^^^^^^^^^^^^^^^^^^^^^^^^^^^^^^^^^^^^^^^^^^^
  File "/app/admin_routes.py", line 936, in admin_get_activity
    ensure_admin_tables()
  File "/app/admin_routes.py", line 63, in ensure_admin_tables
    cur.execute("""
psycopg2.errors.UndefinedColumn: column "role" does not exist
LINE 3:         SELECT DISTINCT role
                                ^

2026-08-27 07:17:57,578 | INFO | werkzeug | 172.18.0.1 - - [27/Aug/2026 07:17:57] "[35m[1mGET /admin/activity HTTP/1.1[0m" 500 -
2026-08-27 07:17:57,587 | ERROR | app | Exception on /admin/users [GET]
Traceback (most recent call last):
  File "/usr/local/lib/python3.12/site-packages/flask/app.py", line 1511, in wsgi_app
    response = self.full_dispatch_request()
               ^^^^^^^^^^^^^^^^^^^^^^^^^^^^
  File "/usr/local/lib/python3.12/site-packages/flask/app.py", line 919, in full_dispatch_request
    rv = self.handle_user_exception(e)
         ^^^^^^^^^^^^^^^^^^^^^^^^^^^^^
  File "/usr/local/lib/python3.12/site-packages/flask_cors/extension.py", line 206, in wrapped_function
    return cors_after_request(app_any.make_response(f(*args, **kwargs)))
                                                    ^^^^^^^^^^^^^^^^^^
  File "/usr/local/lib/python3.12/site-packages/flask/app.py", line 917, in full_dispatch_request
    rv = self.dispatch_request()
         ^^^^^^^^^^^^^^^^^^^^^^^
  File "/usr/local/lib/python3.12/site-packages/flask/app.py", line 902, in dispatch_request
    return self.ensure_sync(self.view_functions[rule.endpoint])(**view_args)  # type: ignore[no-any-return]
           ^^^^^^^^^^^^^^^^^^^^^^^^^^^^^^^^^^^^^^^^^^^^^^^^^^^^^^^^^^^^^^^^^
  File "/app/admin_routes.py", line 230, in admin_get_users
    ensure_admin_tables()
  File "/app/admin_routes.py", line 63, in ensure_admin_tables
    cur.execute("""
psycopg2.errors.UndefinedColumn: column "role" does not exist
LINE 3:         SELECT DISTINCT role
                                ^

2026-08-27 07:17:57,593 | INFO | werkzeug | 172.18.0.1 - - [27/Aug/2026 07:17:57] "[35m[1mGET /admin/users HTTP/1.1[0m" 500 -
2026-08-27 07:18:06,948 | INFO | werkzeug | 172.18.0.1 - - [27/Aug/2026 07:18:06] "OPTIONS /admin/users HTTP/1.1" 200 -
2026-08-27 07:18:06,955 | INFO | werkzeug | 172.18.0.1 - - [27/Aug/2026 07:18:06] "OPTIONS /admin/activity HTTP/1.1" 200 -
2026-08-27 07:18:07,006 | ERROR | app | Exception on /admin/users [GET]
Traceback (most recent call last):
  File "/usr/local/lib/python3.12/site-packages/flask/app.py", line 1511, in wsgi_app
    response = self.full_dispatch_request()
               ^^^^^^^^^^^^^^^^^^^^^^^^^^^^
  File "/usr/local/lib/python3.12/site-packages/flask/app.py", line 919, in full_dispatch_request
    rv = self.handle_user_exception(e)
         ^^^^^^^^^^^^^^^^^^^^^^^^^^^^^
  File "/usr/local/lib/python3.12/site-packages/flask_cors/extension.py", line 206, in wrapped_function
    return cors_after_request(app_any.make_response(f(*args, **kwargs)))
                                                    ^^^^^^^^^^^^^^^^^^
  File "/usr/local/lib/python3.12/site-packages/flask/app.py", line 917, in full_dispatch_request
    rv = self.dispatch_request()
         ^^^^^^^^^^^^^^^^^^^^^^^
  File "/usr/local/lib/python3.12/site-packages/flask/app.py", line 902, in dispatch_request
    return self.ensure_sync(self.view_functions[rule.endpoint])(**view_args)  # type: ignore[no-any-return]
           ^^^^^^^^^^^^^^^^^^^^^^^^^^^^^^^^^^^^^^^^^^^^^^^^^^^^^^^^^^^^^^^^^
  File "/app/admin_routes.py", line 230, in admin_get_users
    ensure_admin_tables()
  File "/app/admin_routes.py", line 63, in ensure_admin_tables
    cur.execute("""
psycopg2.errors.UndefinedColumn: column "role" does not exist
LINE 3:         SELECT DISTINCT role
                                ^

2026-08-27 07:18:07,011 | INFO | werkzeug | 172.18.0.1 - - [27/Aug/2026 07:18:07] "[35m[1mGET /admin/users HTTP/1.1[0m" 500 -
2026-08-27 07:18:07,022 | ERROR | app | Exception on /admin/activity [GET]
Traceback (most recent call last):
  File "/usr/local/lib/python3.12/site-packages/flask/app.py", line 1511, in wsgi_app
    response = self.full_dispatch_request()
               ^^^^^^^^^^^^^^^^^^^^^^^^^^^^
  File "/usr/local/lib/python3.12/site-packages/flask/app.py", line 919, in full_dispatch_request
    rv = self.handle_user_exception(e)
         ^^^^^^^^^^^^^^^^^^^^^^^^^^^^^
  File "/usr/local/lib/python3.12/site-packages/flask_cors/extension.py", line 206, in wrapped_function
    return cors_after_request(app_any.make_response(f(*args, **kwargs)))
                                                    ^^^^^^^^^^^^^^^^^^
  File "/usr/local/lib/python3.12/site-packages/flask/app.py", line 917, in full_dispatch_request
    rv = self.dispatch_request()
         ^^^^^^^^^^^^^^^^^^^^^^^
  File "/usr/local/lib/python3.12/site-packages/flask/app.py", line 902, in dispatch_request
    return self.ensure_sync(self.view_functions[rule.endpoint])(**view_args)  # type: ignore[no-any-return]
           ^^^^^^^^^^^^^^^^^^^^^^^^^^^^^^^^^^^^^^^^^^^^^^^^^^^^^^^^^^^^^^^^^
  File "/app/admin_routes.py", line 936, in admin_get_activity
    ensure_admin_tables()
  File "/app/admin_routes.py", line 63, in ensure_admin_tables
    cur.execute("""
psycopg2.errors.UndefinedColumn: column "role" does not exist
LINE 3:         SELECT DISTINCT role
                                ^

2026-08-27 07:18:07,025 | INFO | werkzeug | 172.18.0.1 - - [27/Aug/2026 07:18:07] "[35m[1mGET /admin/activity HTTP/1.1[0m" 500 -
2026-08-27 07:18:11,969 | ERROR | app | Exception on /admin/users [GET]
Traceback (most recent call last):
  File "/usr/local/lib/python3.12/site-packages/flask/app.py", line 1511, in wsgi_app
    response = self.full_dispatch_request()
               ^^^^^^^^^^^^^^^^^^^^^^^^^^^^
  File "/usr/local/lib/python3.12/site-packages/flask/app.py", line 919, in full_dispatch_request
    rv = self.handle_user_exception(e)
         ^^^^^^^^^^^^^^^^^^^^^^^^^^^^^
  File "/usr/local/lib/python3.12/site-packages/flask_cors/extension.py", line 206, in wrapped_function
    return cors_after_request(app_any.make_response(f(*args, **kwargs)))
                                                    ^^^^^^^^^^^^^^^^^^
  File "/usr/local/lib/python3.12/site-packages/flask/app.py", line 917, in full_dispatch_request
    rv = self.dispatch_request()
         ^^^^^^^^^^^^^^^^^^^^^^^
  File "/usr/local/lib/python3.12/site-packages/flask/app.py", line 902, in dispatch_request
    return self.ensure_sync(self.view_functions[rule.endpoint])(**view_args)  # type: ignore[no-any-return]
           ^^^^^^^^^^^^^^^^^^^^^^^^^^^^^^^^^^^^^^^^^^^^^^^^^^^^^^^^^^^^^^^^^
  File "/app/admin_routes.py", line 230, in admin_get_users
    ensure_admin_tables()
  File "/app/admin_routes.py", line 63, in ensure_admin_tables
    cur.execute("""
psycopg2.errors.UndefinedColumn: column "role" does not exist
LINE 3:         SELECT DISTINCT role
                                ^

2026-08-27 07:18:11,974 | INFO | werkzeug | 172.18.0.1 - - [27/Aug/2026 07:18:11] "[35m[1mGET /admin/users HTTP/1.1[0m" 500 -
2026-08-27 07:18:11,986 | ERROR | app | Exception on /admin/activity [GET]
Traceback (most recent call last):
  File "/usr/local/lib/python3.12/site-packages/flask/app.py", line 1511, in wsgi_app
    response = self.full_dispatch_request()
               ^^^^^^^^^^^^^^^^^^^^^^^^^^^^
  File "/usr/local/lib/python3.12/site-packages/flask/app.py", line 919, in full_dispatch_request
    rv = self.handle_user_exception(e)
         ^^^^^^^^^^^^^^^^^^^^^^^^^^^^^
  File "/usr/local/lib/python3.12/site-packages/flask_cors/extension.py", line 206, in wrapped_function
    return cors_after_request(app_any.make_response(f(*args, **kwargs)))
                                                    ^^^^^^^^^^^^^^^^^^
  File "/usr/local/lib/python3.12/site-packages/flask/app.py", line 917, in full_dispatch_request
    rv = self.dispatch_request()
         ^^^^^^^^^^^^^^^^^^^^^^^
  File "/usr/local/lib/python3.12/site-packages/flask/app.py", line 902, in dispatch_request
    return self.ensure_sync(self.view_functions[rule.endpoint])(**view_args)  # type: ignore[no-any-return]
           ^^^^^^^^^^^^^^^^^^^^^^^^^^^^^^^^^^^^^^^^^^^^^^^^^^^^^^^^^^^^^^^^^
  File "/app/admin_routes.py", line 936, in admin_get_activity
    ensure_admin_tables()
  File "/app/admin_routes.py", line 63, in ensure_admin_tables
    cur.execute("""
psycopg2.errors.UndefinedColumn: column "role" does not exist
LINE 3:         SELECT DISTINCT role
                                ^

2026-08-27 07:18:11,993 | INFO | werkzeug | 172.18.0.1 - - [27/Aug/2026 07:18:11] "[35m[1mGET /admin/activity HTTP/1.1[0m" 500 -
2026-08-27 07:18:16,943 | INFO | werkzeug | 172.18.0.1 - - [27/Aug/2026 07:18:16] "OPTIONS /admin/users HTTP/1.1" 200 -
2026-08-27 07:18:16,944 | INFO | werkzeug | 172.18.0.1 - - [27/Aug/2026 07:18:16] "OPTIONS /admin/activity HTTP/1.1" 200 -
2026-08-27 07:18:16,971 | ERROR | app | Exception on /admin/users [GET]
Traceback (most recent call last):
  File "/usr/local/lib/python3.12/site-packages/flask/app.py", line 1511, in wsgi_app
    response = self.full_dispatch_request()
               ^^^^^^^^^^^^^^^^^^^^^^^^^^^^
  File "/usr/local/lib/python3.12/site-packages/flask/app.py", line 919, in full_dispatch_request
    rv = self.handle_user_exception(e)
         ^^^^^^^^^^^^^^^^^^^^^^^^^^^^^
  File "/usr/local/lib/python3.12/site-packages/flask_cors/extension.py", line 206, in wrapped_function
    return cors_after_request(app_any.make_response(f(*args, **kwargs)))
                                                    ^^^^^^^^^^^^^^^^^^
  File "/usr/local/lib/python3.12/site-packages/flask/app.py", line 917, in full_dispatch_request
    rv = self.dispatch_request()
         ^^^^^^^^^^^^^^^^^^^^^^^
  File "/usr/local/lib/python3.12/site-packages/flask/app.py", line 902, in dispatch_request
    return self.ensure_sync(self.view_functions[rule.endpoint])(**view_args)  # type: ignore[no-any-return]
           ^^^^^^^^^^^^^^^^^^^^^^^^^^^^^^^^^^^^^^^^^^^^^^^^^^^^^^^^^^^^^^^^^
  File "/app/admin_routes.py", line 230, in admin_get_users
    ensure_admin_tables()
  File "/app/admin_routes.py", line 63, in ensure_admin_tables
    cur.execute("""
psycopg2.errors.UndefinedColumn: column "role" does not exist
LINE 3:         SELECT DISTINCT role
                                ^

2026-08-27 07:18:16,976 | INFO | werkzeug | 172.18.0.1 - - [27/Aug/2026 07:18:16] "[35m[1mGET /admin/users HTTP/1.1[0m" 500 -
2026-08-27 07:18:16,986 | ERROR | app | Exception on /admin/activity [GET]
Traceback (most recent call last):
  File "/usr/local/lib/python3.12/site-packages/flask/app.py", line 1511, in wsgi_app
    response = self.full_dispatch_request()
               ^^^^^^^^^^^^^^^^^^^^^^^^^^^^
  File "/usr/local/lib/python3.12/site-packages/flask/app.py", line 919, in full_dispatch_request
    rv = self.handle_user_exception(e)
         ^^^^^^^^^^^^^^^^^^^^^^^^^^^^^
  File "/usr/local/lib/python3.12/site-packages/flask_cors/extension.py", line 206, in wrapped_function
    return cors_after_request(app_any.make_response(f(*args, **kwargs)))
                                                    ^^^^^^^^^^^^^^^^^^
  File "/usr/local/lib/python3.12/site-packages/flask/app.py", line 917, in full_dispatch_request
    rv = self.dispatch_request()
         ^^^^^^^^^^^^^^^^^^^^^^^
  File "/usr/local/lib/python3.12/site-packages/flask/app.py", line 902, in dispatch_request
    return self.ensure_sync(self.view_functions[rule.endpoint])(**view_args)  # type: ignore[no-any-return]
           ^^^^^^^^^^^^^^^^^^^^^^^^^^^^^^^^^^^^^^^^^^^^^^^^^^^^^^^^^^^^^^^^^
  File "/app/admin_routes.py", line 936, in admin_get_activity
    ensure_admin_tables()
  File "/app/admin_routes.py", line 63, in ensure_admin_tables
    cur.execute("""
psycopg2.errors.UndefinedColumn: column "role" does not exist
LINE 3:         SELECT DISTINCT role
                                ^

2026-08-27 07:18:16,990 | INFO | werkzeug | 172.18.0.1 - - [27/Aug/2026 07:18:16] "[35m[1mGET /admin/activity HTTP/1.1[0m" 500 -
2026-08-27 07:18:21,967 | ERROR | app | Exception on /admin/users [GET]
Traceback (most recent call last):
  File "/usr/local/lib/python3.12/site-packages/flask/app.py", line 1511, in wsgi_app
    response = self.full_dispatch_request()
               ^^^^^^^^^^^^^^^^^^^^^^^^^^^^
  File "/usr/local/lib/python3.12/site-packages/flask/app.py", line 919, in full_dispatch_request
    rv = self.handle_user_exception(e)
         ^^^^^^^^^^^^^^^^^^^^^^^^^^^^^
  File "/usr/local/lib/python3.12/site-packages/flask_cors/extension.py", line 206, in wrapped_function
    return cors_after_request(app_any.make_response(f(*args, **kwargs)))
                                                    ^^^^^^^^^^^^^^^^^^
  File "/usr/local/lib/python3.12/site-packages/flask/app.py", line 917, in full_dispatch_request
    rv = self.dispatch_request()
         ^^^^^^^^^^^^^^^^^^^^^^^
  File "/usr/local/lib/python3.12/site-packages/flask/app.py", line 902, in dispatch_request
    return self.ensure_sync(self.view_functions[rule.endpoint])(**view_args)  # type: ignore[no-any-return]
           ^^^^^^^^^^^^^^^^^^^^^^^^^^^^^^^^^^^^^^^^^^^^^^^^^^^^^^^^^^^^^^^^^
  File "/app/admin_routes.py", line 230, in admin_get_users
    ensure_admin_tables()
  File "/app/admin_routes.py", line 63, in ensure_admin_tables
    cur.execute("""
psycopg2.errors.UndefinedColumn: column "role" does not exist
LINE 3:         SELECT DISTINCT role
                                ^

2026-08-27 07:18:21,973 | INFO | werkzeug | 172.18.0.1 - - [27/Aug/2026 07:18:21] "[35m[1mGET /admin/users HTTP/1.1[0m" 500 -
2026-08-27 07:18:21,986 | ERROR | app | Exception on /admin/activity [GET]
Traceback (most recent call last):
  File "/usr/local/lib/python3.12/site-packages/flask/app.py", line 1511, in wsgi_app
    response = self.full_dispatch_request()
               ^^^^^^^^^^^^^^^^^^^^^^^^^^^^
  File "/usr/local/lib/python3.12/site-packages/flask/app.py", line 919, in full_dispatch_request
    rv = self.handle_user_exception(e)
         ^^^^^^^^^^^^^^^^^^^^^^^^^^^^^
  File "/usr/local/lib/python3.12/site-packages/flask_cors/extension.py", line 206, in wrapped_function
    return cors_after_request(app_any.make_response(f(*args, **kwargs)))
                                                    ^^^^^^^^^^^^^^^^^^
  File "/usr/local/lib/python3.12/site-packages/flask/app.py", line 917, in full_dispatch_request
    rv = self.dispatch_request()
         ^^^^^^^^^^^^^^^^^^^^^^^
  File "/usr/local/lib/python3.12/site-packages/flask/app.py", line 902, in dispatch_request
    return self.ensure_sync(self.view_functions[rule.endpoint])(**view_args)  # type: ignore[no-any-return]
           ^^^^^^^^^^^^^^^^^^^^^^^^^^^^^^^^^^^^^^^^^^^^^^^^^^^^^^^^^^^^^^^^^
  File "/app/admin_routes.py", line 936, in admin_get_activity
    ensure_admin_tables()
  File "/app/admin_routes.py", line 63, in ensure_admin_tables
    cur.execute("""
psycopg2.errors.UndefinedColumn: column "role" does not exist
LINE 3:         SELECT DISTINCT role
                                ^

2026-08-27 07:18:21,992 | INFO | werkzeug | 172.18.0.1 - - [27/Aug/2026 07:18:21] "[35m[1mGET /admin/activity HTTP/1.1[0m" 500 -
2026-08-27 07:18:26,944 | INFO | werkzeug | 172.18.0.1 - - [27/Aug/2026 07:18:26] "OPTIONS /admin/users HTTP/1.1" 200 -
2026-08-27 07:18:26,945 | INFO | werkzeug | 172.18.0.1 - - [27/Aug/2026 07:18:26] "OPTIONS /admin/activity HTTP/1.1" 200 -
2026-08-27 07:18:26,976 | ERROR | app | Exception on /admin/users [GET]
Traceback (most recent call last):
  File "/usr/local/lib/python3.12/site-packages/flask/app.py", line 1511, in wsgi_app
    response = self.full_dispatch_request()
               ^^^^^^^^^^^^^^^^^^^^^^^^^^^^
  File "/usr/local/lib/python3.12/site-packages/flask/app.py", line 919, in full_dispatch_request
    rv = self.handle_user_exception(e)
         ^^^^^^^^^^^^^^^^^^^^^^^^^^^^^
  File "/usr/local/lib/python3.12/site-packages/flask_cors/extension.py", line 206, in wrapped_function
    return cors_after_request(app_any.make_response(f(*args, **kwargs)))
                                                    ^^^^^^^^^^^^^^^^^^
  File "/usr/local/lib/python3.12/site-packages/flask/app.py", line 917, in full_dispatch_request
    rv = self.dispatch_request()
         ^^^^^^^^^^^^^^^^^^^^^^^
  File "/usr/local/lib/python3.12/site-packages/flask/app.py", line 902, in dispatch_request
    return self.ensure_sync(self.view_functions[rule.endpoint])(**view_args)  # type: ignore[no-any-return]
           ^^^^^^^^^^^^^^^^^^^^^^^^^^^^^^^^^^^^^^^^^^^^^^^^^^^^^^^^^^^^^^^^^
  File "/app/admin_routes.py", line 230, in admin_get_users
    ensure_admin_tables()
  File "/app/admin_routes.py", line 63, in ensure_admin_tables
    cur.execute("""
psycopg2.errors.UndefinedColumn: column "role" does not exist
LINE 3:         SELECT DISTINCT role
                                ^

2026-08-27 07:18:26,980 | INFO | werkzeug | 172.18.0.1 - - [27/Aug/2026 07:18:26] "[35m[1mGET /admin/users HTTP/1.1[0m" 500 -
2026-08-27 07:18:26,993 | ERROR | app | Exception on /admin/activity [GET]
Traceback (most recent call last):
  File "/usr/local/lib/python3.12/site-packages/flask/app.py", line 1511, in wsgi_app
    response = self.full_dispatch_request()
               ^^^^^^^^^^^^^^^^^^^^^^^^^^^^
  File "/usr/local/lib/python3.12/site-packages/flask/app.py", line 919, in full_dispatch_request
    rv = self.handle_user_exception(e)
         ^^^^^^^^^^^^^^^^^^^^^^^^^^^^^
  File "/usr/local/lib/python3.12/site-packages/flask_cors/extension.py", line 206, in wrapped_function
    return cors_after_request(app_any.make_response(f(*args, **kwargs)))
                                                    ^^^^^^^^^^^^^^^^^^
  File "/usr/local/lib/python3.12/site-packages/flask/app.py", line 917, in full_dispatch_request
    rv = self.dispatch_request()
         ^^^^^^^^^^^^^^^^^^^^^^^
  File "/usr/local/lib/python3.12/site-packages/flask/app.py", line 902, in dispatch_request
    return self.ensure_sync(self.view_functions[rule.endpoint])(**view_args)  # type: ignore[no-any-return]
           ^^^^^^^^^^^^^^^^^^^^^^^^^^^^^^^^^^^^^^^^^^^^^^^^^^^^^^^^^^^^^^^^^
  File "/app/admin_routes.py", line 936, in admin_get_activity
    ensure_admin_tables()
  File "/app/admin_routes.py", line 63, in ensure_admin_tables
    cur.execute("""
psycopg2.errors.UndefinedColumn: column "role" does not exist
LINE 3:         SELECT DISTINCT role
                                ^

2026-08-27 07:18:26,997 | INFO | werkzeug | 172.18.0.1 - - [27/Aug/2026 07:18:26] "[35m[1mGET /admin/activity HTTP/1.1[0m" 500 -
2026-08-27 07:18:32,050 | ERROR | app | Exception on /admin/activity [GET]
Traceback (most recent call last):
  File "/usr/local/lib/python3.12/site-packages/flask/app.py", line 1511, in wsgi_app
    response = self.full_dispatch_request()
               ^^^^^^^^^^^^^^^^^^^^^^^^^^^^
  File "/usr/local/lib/python3.12/site-packages/flask/app.py", line 919, in full_dispatch_request
    rv = self.handle_user_exception(e)
         ^^^^^^^^^^^^^^^^^^^^^^^^^^^^^
  File "/usr/local/lib/python3.12/site-packages/flask_cors/extension.py", line 206, in wrapped_function
    return cors_after_request(app_any.make_response(f(*args, **kwargs)))
                                                    ^^^^^^^^^^^^^^^^^^
  File "/usr/local/lib/python3.12/site-packages/flask/app.py", line 917, in full_dispatch_request
    rv = self.dispatch_request()
         ^^^^^^^^^^^^^^^^^^^^^^^
  File "/usr/local/lib/python3.12/site-packages/flask/app.py", line 902, in dispatch_request
    return self.ensure_sync(self.view_functions[rule.endpoint])(**view_args)  # type: ignore[no-any-return]
           ^^^^^^^^^^^^^^^^^^^^^^^^^^^^^^^^^^^^^^^^^^^^^^^^^^^^^^^^^^^^^^^^^
  File "/app/admin_routes.py", line 936, in admin_get_activity
    ensure_admin_tables()
  File "/app/admin_routes.py", line 63, in ensure_admin_tables
    cur.execute("""
psycopg2.errors.UndefinedColumn: column "role" does not exist
LINE 3:         SELECT DISTINCT role
                                ^

2026-08-27 07:18:32,062 | INFO | werkzeug | 172.18.0.1 - - [27/Aug/2026 07:18:32] "[35m[1mGET /admin/activity HTTP/1.1[0m" 500 -
2026-08-27 07:18:32,080 | ERROR | app | Exception on /admin/users [GET]
Traceback (most recent call last):
  File "/usr/local/lib/python3.12/site-packages/flask/app.py", line 1511, in wsgi_app
    response = self.full_dispatch_request()
               ^^^^^^^^^^^^^^^^^^^^^^^^^^^^
  File "/usr/local/lib/python3.12/site-packages/flask/app.py", line 919, in full_dispatch_request
    rv = self.handle_user_exception(e)
         ^^^^^^^^^^^^^^^^^^^^^^^^^^^^^
  File "/usr/local/lib/python3.12/site-packages/flask_cors/extension.py", line 206, in wrapped_function
    return cors_after_request(app_any.make_response(f(*args, **kwargs)))
                                                    ^^^^^^^^^^^^^^^^^^
  File "/usr/local/lib/python3.12/site-packages/flask/app.py", line 917, in full_dispatch_request
    rv = self.dispatch_request()
         ^^^^^^^^^^^^^^^^^^^^^^^
  File "/usr/local/lib/python3.12/site-packages/flask/app.py", line 902, in dispatch_request
    return self.ensure_sync(self.view_functions[rule.endpoint])(**view_args)  # type: ignore[no-any-return]
           ^^^^^^^^^^^^^^^^^^^^^^^^^^^^^^^^^^^^^^^^^^^^^^^^^^^^^^^^^^^^^^^^^
  File "/app/admin_routes.py", line 230, in admin_get_users
    ensure_admin_tables()
  File "/app/admin_routes.py", line 63, in ensure_admin_tables
    cur.execute("""
psycopg2.errors.UndefinedColumn: column "role" does not exist
LINE 3:         SELECT DISTINCT role
                                ^

2026-08-27 07:18:32,084 | INFO | werkzeug | 172.18.0.1 - - [27/Aug/2026 07:18:32] "[35m[1mGET /admin/users HTTP/1.1[0m" 500 -
2026-08-27 07:18:35,336 | INFO | werkzeug | 172.18.0.1 - - [27/Aug/2026 07:18:35] "[33mGET /api/data/summary?symbol=BBCA HTTP/1.1[0m" 404 -
2026-08-27 07:18:36,949 | INFO | werkzeug | 172.18.0.1 - - [27/Aug/2026 07:18:36] "OPTIONS /admin/users HTTP/1.1" 200 -
2026-08-27 07:18:36,950 | INFO | werkzeug | 172.18.0.1 - - [27/Aug/2026 07:18:36] "OPTIONS /admin/activity HTTP/1.1" 200 -
2026-08-27 07:18:36,976 | ERROR | app | Exception on /admin/users [GET]
Traceback (most recent call last):
  File "/usr/local/lib/python3.12/site-packages/flask/app.py", line 1511, in wsgi_app
    response = self.full_dispatch_request()
               ^^^^^^^^^^^^^^^^^^^^^^^^^^^^
  File "/usr/local/lib/python3.12/site-packages/flask/app.py", line 919, in full_dispatch_request
    rv = self.handle_user_exception(e)
         ^^^^^^^^^^^^^^^^^^^^^^^^^^^^^
  File "/usr/local/lib/python3.12/site-packages/flask_cors/extension.py", line 206, in wrapped_function
    return cors_after_request(app_any.make_response(f(*args, **kwargs)))
                                                    ^^^^^^^^^^^^^^^^^^
  File "/usr/local/lib/python3.12/site-packages/flask/app.py", line 917, in full_dispatch_request
    rv = self.dispatch_request()
         ^^^^^^^^^^^^^^^^^^^^^^^
  File "/usr/local/lib/python3.12/site-packages/flask/app.py", line 902, in dispatch_request
    return self.ensure_sync(self.view_functions[rule.endpoint])(**view_args)  # type: ignore[no-any-return]
           ^^^^^^^^^^^^^^^^^^^^^^^^^^^^^^^^^^^^^^^^^^^^^^^^^^^^^^^^^^^^^^^^^
  File "/app/admin_routes.py", line 230, in admin_get_users
    ensure_admin_tables()
  File "/app/admin_routes.py", line 63, in ensure_admin_tables
    cur.execute("""
psycopg2.errors.UndefinedColumn: column "role" does not exist
LINE 3:         SELECT DISTINCT role
                                ^

2026-08-27 07:18:36,982 | INFO | werkzeug | 172.18.0.1 - - [27/Aug/2026 07:18:36] "[35m[1mGET /admin/users HTTP/1.1[0m" 500 -
2026-08-27 07:18:36,991 | ERROR | app | Exception on /admin/activity [GET]
Traceback (most recent call last):
  File "/usr/local/lib/python3.12/site-packages/flask/app.py", line 1511, in wsgi_app
    response = self.full_dispatch_request()
               ^^^^^^^^^^^^^^^^^^^^^^^^^^^^
  File "/usr/local/lib/python3.12/site-packages/flask/app.py", line 919, in full_dispatch_request
    rv = self.handle_user_exception(e)
         ^^^^^^^^^^^^^^^^^^^^^^^^^^^^^
  File "/usr/local/lib/python3.12/site-packages/flask_cors/extension.py", line 206, in wrapped_function
    return cors_after_request(app_any.make_response(f(*args, **kwargs)))
                                                    ^^^^^^^^^^^^^^^^^^
  File "/usr/local/lib/python3.12/site-packages/flask/app.py", line 917, in full_dispatch_request
    rv = self.dispatch_request()
         ^^^^^^^^^^^^^^^^^^^^^^^
  File "/usr/local/lib/python3.12/site-packages/flask/app.py", line 902, in dispatch_request
    return self.ensure_sync(self.view_functions[rule.endpoint])(**view_args)  # type: ignore[no-any-return]
           ^^^^^^^^^^^^^^^^^^^^^^^^^^^^^^^^^^^^^^^^^^^^^^^^^^^^^^^^^^^^^^^^^
  File "/app/admin_routes.py", line 936, in admin_get_activity
    ensure_admin_tables()
  File "/app/admin_routes.py", line 63, in ensure_admin_tables
    cur.execute("""
psycopg2.errors.UndefinedColumn: column "role" does not exist
LINE 3:         SELECT DISTINCT role
                                ^

2026-08-27 07:18:36,996 | INFO | werkzeug | 172.18.0.1 - - [27/Aug/2026 07:18:36] "[35m[1mGET /admin/activity HTTP/1.1[0m" 500 -
2026-08-27 07:18:41,967 | ERROR | app | Exception on /admin/users [GET]
Traceback (most recent call last):
  File "/usr/local/lib/python3.12/site-packages/flask/app.py", line 1511, in wsgi_app
    response = self.full_dispatch_request()
               ^^^^^^^^^^^^^^^^^^^^^^^^^^^^
  File "/usr/local/lib/python3.12/site-packages/flask/app.py", line 919, in full_dispatch_request
    rv = self.handle_user_exception(e)
         ^^^^^^^^^^^^^^^^^^^^^^^^^^^^^
  File "/usr/local/lib/python3.12/site-packages/flask_cors/extension.py", line 206, in wrapped_function
    return cors_after_request(app_any.make_response(f(*args, **kwargs)))
                                                    ^^^^^^^^^^^^^^^^^^
  File "/usr/local/lib/python3.12/site-packages/flask/app.py", line 917, in full_dispatch_request
    rv = self.dispatch_request()
         ^^^^^^^^^^^^^^^^^^^^^^^
  File "/usr/local/lib/python3.12/site-packages/flask/app.py", line 902, in dispatch_request
    return self.ensure_sync(self.view_functions[rule.endpoint])(**view_args)  # type: ignore[no-any-return]
           ^^^^^^^^^^^^^^^^^^^^^^^^^^^^^^^^^^^^^^^^^^^^^^^^^^^^^^^^^^^^^^^^^
  File "/app/admin_routes.py", line 230, in admin_get_users
    ensure_admin_tables()
  File "/app/admin_routes.py", line 63, in ensure_admin_tables
    cur.execute("""
psycopg2.errors.UndefinedColumn: column "role" does not exist
LINE 3:         SELECT DISTINCT role
                                ^

2026-08-27 07:18:41,974 | INFO | werkzeug | 172.18.0.1 - - [27/Aug/2026 07:18:41] "[35m[1mGET /admin/users HTTP/1.1[0m" 500 -
2026-08-27 07:18:41,981 | ERROR | app | Exception on /admin/activity [GET]
Traceback (most recent call last):
  File "/usr/local/lib/python3.12/site-packages/flask/app.py", line 1511, in wsgi_app
    response = self.full_dispatch_request()
               ^^^^^^^^^^^^^^^^^^^^^^^^^^^^
  File "/usr/local/lib/python3.12/site-packages/flask/app.py", line 919, in full_dispatch_request
    rv = self.handle_user_exception(e)
         ^^^^^^^^^^^^^^^^^^^^^^^^^^^^^
  File "/usr/local/lib/python3.12/site-packages/flask_cors/extension.py", line 206, in wrapped_function
    return cors_after_request(app_any.make_response(f(*args, **kwargs)))
                                                    ^^^^^^^^^^^^^^^^^^
  File "/usr/local/lib/python3.12/site-packages/flask/app.py", line 917, in full_dispatch_request
    rv = self.dispatch_request()
         ^^^^^^^^^^^^^^^^^^^^^^^
  File "/usr/local/lib/python3.12/site-packages/flask/app.py", line 902, in dispatch_request
    return self.ensure_sync(self.view_functions[rule.endpoint])(**view_args)  # type: ignore[no-any-return]
           ^^^^^^^^^^^^^^^^^^^^^^^^^^^^^^^^^^^^^^^^^^^^^^^^^^^^^^^^^^^^^^^^^
  File "/app/admin_routes.py", line 936, in admin_get_activity
    ensure_admin_tables()
  File "/app/admin_routes.py", line 63, in ensure_admin_tables
    cur.execute("""
psycopg2.errors.UndefinedColumn: column "role" does not exist
LINE 3:         SELECT DISTINCT role
                                ^

2026-08-27 07:18:41,987 | INFO | werkzeug | 172.18.0.1 - - [27/Aug/2026 07:18:41] "[35m[1mGET /admin/activity HTTP/1.1[0m" 500 -
2026-08-27 07:18:46,259 | INFO | werkzeug | 172.18.0.1 - - [27/Aug/2026 07:18:46] "GET /api/data/stock-info?symbol=BBCA HTTP/1.1" 200 -
2026-08-27 07:18:46,811 | INFO | werkzeug | 172.18.0.1 - - [27/Aug/2026 07:18:46] "GET /api/data/stock-info?symbol=BBRI HTTP/1.1" 200 -
2026-08-27 07:18:46,939 | INFO | werkzeug | 172.18.0.1 - - [27/Aug/2026 07:18:46] "OPTIONS /admin/users HTTP/1.1" 200 -
2026-08-27 07:18:46,940 | INFO | werkzeug | 172.18.0.1 - - [27/Aug/2026 07:18:46] "OPTIONS /admin/activity HTTP/1.1" 200 -
2026-08-27 07:18:46,966 | ERROR | app | Exception on /admin/users [GET]
Traceback (most recent call last):
  File "/usr/local/lib/python3.12/site-packages/flask/app.py", line 1511, in wsgi_app
    response = self.full_dispatch_request()
               ^^^^^^^^^^^^^^^^^^^^^^^^^^^^
  File "/usr/local/lib/python3.12/site-packages/flask/app.py", line 919, in full_dispatch_request
    rv = self.handle_user_exception(e)
         ^^^^^^^^^^^^^^^^^^^^^^^^^^^^^
  File "/usr/local/lib/python3.12/site-packages/flask_cors/extension.py", line 206, in wrapped_function
    return cors_after_request(app_any.make_response(f(*args, **kwargs)))
                                                    ^^^^^^^^^^^^^^^^^^
  File "/usr/local/lib/python3.12/site-packages/flask/app.py", line 917, in full_dispatch_request
    rv = self.dispatch_request()
         ^^^^^^^^^^^^^^^^^^^^^^^
  File "/usr/local/lib/python3.12/site-packages/flask/app.py", line 902, in dispatch_request
    return self.ensure_sync(self.view_functions[rule.endpoint])(**view_args)  # type: ignore[no-any-return]
           ^^^^^^^^^^^^^^^^^^^^^^^^^^^^^^^^^^^^^^^^^^^^^^^^^^^^^^^^^^^^^^^^^
  File "/app/admin_routes.py", line 230, in admin_get_users
    ensure_admin_tables()
  File "/app/admin_routes.py", line 63, in ensure_admin_tables
    cur.execute("""
psycopg2.errors.UndefinedColumn: column "role" does not exist
LINE 3:         SELECT DISTINCT role
                                ^

2026-08-27 07:18:46,970 | INFO | werkzeug | 172.18.0.1 - - [27/Aug/2026 07:18:46] "[35m[1mGET /admin/users HTTP/1.1[0m" 500 -
2026-08-27 07:18:46,980 | ERROR | app | Exception on /admin/activity [GET]
Traceback (most recent call last):
  File "/usr/local/lib/python3.12/site-packages/flask/app.py", line 1511, in wsgi_app
    response = self.full_dispatch_request()
               ^^^^^^^^^^^^^^^^^^^^^^^^^^^^
  File "/usr/local/lib/python3.12/site-packages/flask/app.py", line 919, in full_dispatch_request
    rv = self.handle_user_exception(e)
         ^^^^^^^^^^^^^^^^^^^^^^^^^^^^^
  File "/usr/local/lib/python3.12/site-packages/flask_cors/extension.py", line 206, in wrapped_function
    return cors_after_request(app_any.make_response(f(*args, **kwargs)))
                                                    ^^^^^^^^^^^^^^^^^^
  File "/usr/local/lib/python3.12/site-packages/flask/app.py", line 917, in full_dispatch_request
    rv = self.dispatch_request()
         ^^^^^^^^^^^^^^^^^^^^^^^
  File "/usr/local/lib/python3.12/site-packages/flask/app.py", line 902, in dispatch_request
    return self.ensure_sync(self.view_functions[rule.endpoint])(**view_args)  # type: ignore[no-any-return]
           ^^^^^^^^^^^^^^^^^^^^^^^^^^^^^^^^^^^^^^^^^^^^^^^^^^^^^^^^^^^^^^^^^
  File "/app/admin_routes.py", line 936, in admin_get_activity
    ensure_admin_tables()
  File "/app/admin_routes.py", line 63, in ensure_admin_tables
    cur.execute("""
psycopg2.errors.UndefinedColumn: column "role" does not exist
LINE 3:         SELECT DISTINCT role
                                ^

2026-08-27 07:18:46,984 | INFO | werkzeug | 172.18.0.1 - - [27/Aug/2026 07:18:46] "[35m[1mGET /admin/activity HTTP/1.1[0m" 500 -
2026-08-27 07:18:47,269 | INFO | werkzeug | 172.18.0.1 - - [27/Aug/2026 07:18:47] "GET /api/data/stock-info?symbol=BBNI HTTP/1.1" 200 -
2026-08-27 07:18:47,751 | INFO | werkzeug | 172.18.0.1 - - [27/Aug/2026 07:18:47] "GET /api/data/stock-info?symbol=BMRI HTTP/1.1" 200 -
2026-08-27 07:18:48,259 | INFO | werkzeug | 172.18.0.1 - - [27/Aug/2026 07:18:48] "GET /api/data/stock-info?symbol=BJBR HTTP/1.1" 200 -
2026-08-27 07:18:51,968 | ERROR | app | Exception on /admin/users [GET]
Traceback (most recent call last):
  File "/usr/local/lib/python3.12/site-packages/flask/app.py", line 1511, in wsgi_app
    response = self.full_dispatch_request()
               ^^^^^^^^^^^^^^^^^^^^^^^^^^^^
  File "/usr/local/lib/python3.12/site-packages/flask/app.py", line 919, in full_dispatch_request
    rv = self.handle_user_exception(e)
         ^^^^^^^^^^^^^^^^^^^^^^^^^^^^^
  File "/usr/local/lib/python3.12/site-packages/flask_cors/extension.py", line 206, in wrapped_function
    return cors_after_request(app_any.make_response(f(*args, **kwargs)))
                                                    ^^^^^^^^^^^^^^^^^^
  File "/usr/local/lib/python3.12/site-packages/flask/app.py", line 917, in full_dispatch_request
    rv = self.dispatch_request()
         ^^^^^^^^^^^^^^^^^^^^^^^
  File "/usr/local/lib/python3.12/site-packages/flask/app.py", line 902, in dispatch_request
    return self.ensure_sync(self.view_functions[rule.endpoint])(**view_args)  # type: ignore[no-any-return]
           ^^^^^^^^^^^^^^^^^^^^^^^^^^^^^^^^^^^^^^^^^^^^^^^^^^^^^^^^^^^^^^^^^
  File "/app/admin_routes.py", line 230, in admin_get_users
    ensure_admin_tables()
  File "/app/admin_routes.py", line 63, in ensure_admin_tables
    cur.execute("""
psycopg2.errors.UndefinedColumn: column "role" does not exist
LINE 3:         SELECT DISTINCT role
                                ^

2026-08-27 07:18:51,973 | INFO | werkzeug | 172.18.0.1 - - [27/Aug/2026 07:18:51] "[35m[1mGET /admin/users HTTP/1.1[0m" 500 -
2026-08-27 07:18:51,983 | ERROR | app | Exception on /admin/activity [GET]
Traceback (most recent call last):
  File "/usr/local/lib/python3.12/site-packages/flask/app.py", line 1511, in wsgi_app
    response = self.full_dispatch_request()
               ^^^^^^^^^^^^^^^^^^^^^^^^^^^^
  File "/usr/local/lib/python3.12/site-packages/flask/app.py", line 919, in full_dispatch_request
    rv = self.handle_user_exception(e)
         ^^^^^^^^^^^^^^^^^^^^^^^^^^^^^
  File "/usr/local/lib/python3.12/site-packages/flask_cors/extension.py", line 206, in wrapped_function
    return cors_after_request(app_any.make_response(f(*args, **kwargs)))
                                                    ^^^^^^^^^^^^^^^^^^
  File "/usr/local/lib/python3.12/site-packages/flask/app.py", line 917, in full_dispatch_request
    rv = self.dispatch_request()
         ^^^^^^^^^^^^^^^^^^^^^^^
  File "/usr/local/lib/python3.12/site-packages/flask/app.py", line 902, in dispatch_request
    return self.ensure_sync(self.view_functions[rule.endpoint])(**view_args)  # type: ignore[no-any-return]
           ^^^^^^^^^^^^^^^^^^^^^^^^^^^^^^^^^^^^^^^^^^^^^^^^^^^^^^^^^^^^^^^^^
  File "/app/admin_routes.py", line 936, in admin_get_activity
    ensure_admin_tables()
  File "/app/admin_routes.py", line 63, in ensure_admin_tables
    cur.execute("""
psycopg2.errors.UndefinedColumn: column "role" does not exist
LINE 3:         SELECT DISTINCT role
                                ^

2026-08-27 07:18:51,988 | INFO | werkzeug | 172.18.0.1 - - [27/Aug/2026 07:18:51] "[35m[1mGET /admin/activity HTTP/1.1[0m" 500 -
2026-08-27 07:18:56,409 | INFO | werkzeug | 172.18.0.1 - - [27/Aug/2026 07:18:56] "GET /api/data/stock-info?symbol=BBCA HTTP/1.1" 200 -
2026-08-27 07:18:56,967 | INFO | werkzeug | 172.18.0.1 - - [27/Aug/2026 07:18:56] "OPTIONS /admin/users HTTP/1.1" 200 -
2026-08-27 07:18:56,973 | INFO | werkzeug | 172.18.0.1 - - [27/Aug/2026 07:18:56] "OPTIONS /admin/activity HTTP/1.1" 200 -
2026-08-27 07:18:57,076 | ERROR | app | Exception on /admin/users [GET]
Traceback (most recent call last):
  File "/usr/local/lib/python3.12/site-packages/flask/app.py", line 1511, in wsgi_app
    response = self.full_dispatch_request()
               ^^^^^^^^^^^^^^^^^^^^^^^^^^^^
  File "/usr/local/lib/python3.12/site-packages/flask/app.py", line 919, in full_dispatch_request
    rv = self.handle_user_exception(e)
         ^^^^^^^^^^^^^^^^^^^^^^^^^^^^^
  File "/usr/local/lib/python3.12/site-packages/flask_cors/extension.py", line 206, in wrapped_function
    return cors_after_request(app_any.make_response(f(*args, **kwargs)))
                                                    ^^^^^^^^^^^^^^^^^^
  File "/usr/local/lib/python3.12/site-packages/flask/app.py", line 917, in full_dispatch_request
    rv = self.dispatch_request()
         ^^^^^^^^^^^^^^^^^^^^^^^
  File "/usr/local/lib/python3.12/site-packages/flask/app.py", line 902, in dispatch_request
    return self.ensure_sync(self.view_functions[rule.endpoint])(**view_args)  # type: ignore[no-any-return]
           ^^^^^^^^^^^^^^^^^^^^^^^^^^^^^^^^^^^^^^^^^^^^^^^^^^^^^^^^^^^^^^^^^
  File "/app/admin_routes.py", line 230, in admin_get_users
    ensure_admin_tables()
  File "/app/admin_routes.py", line 63, in ensure_admin_tables
    cur.execute("""
psycopg2.errors.UndefinedColumn: column "role" does not exist
LINE 3:         SELECT DISTINCT role
                                ^

2026-08-27 07:18:57,103 | INFO | werkzeug | 172.18.0.1 - - [27/Aug/2026 07:18:57] "[35m[1mGET /admin/users HTTP/1.1[0m" 500 -
2026-08-27 07:18:57,127 | ERROR | app | Exception on /admin/activity [GET]
Traceback (most recent call last):
  File "/usr/local/lib/python3.12/site-packages/flask/app.py", line 1511, in wsgi_app
    response = self.full_dispatch_request()
               ^^^^^^^^^^^^^^^^^^^^^^^^^^^^
  File "/usr/local/lib/python3.12/site-packages/flask/app.py", line 919, in full_dispatch_request
    rv = self.handle_user_exception(e)
         ^^^^^^^^^^^^^^^^^^^^^^^^^^^^^
  File "/usr/local/lib/python3.12/site-packages/flask_cors/extension.py", line 206, in wrapped_function
    return cors_after_request(app_any.make_response(f(*args, **kwargs)))
                                                    ^^^^^^^^^^^^^^^^^^
  File "/usr/local/lib/python3.12/site-packages/flask/app.py", line 917, in full_dispatch_request
    rv = self.dispatch_request()
         ^^^^^^^^^^^^^^^^^^^^^^^
  File "/usr/local/lib/python3.12/site-packages/flask/app.py", line 902, in dispatch_request
    return self.ensure_sync(self.view_functions[rule.endpoint])(**view_args)  # type: ignore[no-any-return]
           ^^^^^^^^^^^^^^^^^^^^^^^^^^^^^^^^^^^^^^^^^^^^^^^^^^^^^^^^^^^^^^^^^
  File "/app/admin_routes.py", line 936, in admin_get_activity
    ensure_admin_tables()
  File "/app/admin_routes.py", line 63, in ensure_admin_tables
    cur.execute("""
psycopg2.errors.UndefinedColumn: column "role" does not exist
LINE 3:         SELECT DISTINCT role
                                ^

2026-08-27 07:18:57,139 | INFO | werkzeug | 172.18.0.1 - - [27/Aug/2026 07:18:57] "[35m[1mGET /admin/activity HTTP/1.1[0m" 500 -
2026-08-27 07:19:02,079 | ERROR | app | Exception on /admin/users [GET]
Traceback (most recent call last):
  File "/usr/local/lib/python3.12/site-packages/flask/app.py", line 1511, in wsgi_app
    response = self.full_dispatch_request()
               ^^^^^^^^^^^^^^^^^^^^^^^^^^^^
  File "/usr/local/lib/python3.12/site-packages/flask/app.py", line 919, in full_dispatch_request
    rv = self.handle_user_exception(e)
         ^^^^^^^^^^^^^^^^^^^^^^^^^^^^^
  File "/usr/local/lib/python3.12/site-packages/flask_cors/extension.py", line 206, in wrapped_function
    return cors_after_request(app_any.make_response(f(*args, **kwargs)))
                                                    ^^^^^^^^^^^^^^^^^^
  File "/usr/local/lib/python3.12/site-packages/flask/app.py", line 917, in full_dispatch_request
    rv = self.dispatch_request()
         ^^^^^^^^^^^^^^^^^^^^^^^
  File "/usr/local/lib/python3.12/site-packages/flask/app.py", line 902, in dispatch_request
    return self.ensure_sync(self.view_functions[rule.endpoint])(**view_args)  # type: ignore[no-any-return]
           ^^^^^^^^^^^^^^^^^^^^^^^^^^^^^^^^^^^^^^^^^^^^^^^^^^^^^^^^^^^^^^^^^
  File "/app/admin_routes.py", line 230, in admin_get_users
    ensure_admin_tables()
  File "/app/admin_routes.py", line 63, in ensure_admin_tables
    cur.execute("""
psycopg2.errors.UndefinedColumn: column "role" does not exist
LINE 3:         SELECT DISTINCT role
                                ^

2026-08-27 07:19:02,094 | INFO | werkzeug | 172.18.0.1 - - [27/Aug/2026 07:19:02] "[35m[1mGET /admin/users HTTP/1.1[0m" 500 -
2026-08-27 07:19:02,128 | ERROR | app | Exception on /admin/activity [GET]
Traceback (most recent call last):
  File "/usr/local/lib/python3.12/site-packages/flask/app.py", line 1511, in wsgi_app
    response = self.full_dispatch_request()
               ^^^^^^^^^^^^^^^^^^^^^^^^^^^^
  File "/usr/local/lib/python3.12/site-packages/flask/app.py", line 919, in full_dispatch_request
    rv = self.handle_user_exception(e)
         ^^^^^^^^^^^^^^^^^^^^^^^^^^^^^
  File "/usr/local/lib/python3.12/site-packages/flask_cors/extension.py", line 206, in wrapped_function
    return cors_after_request(app_any.make_response(f(*args, **kwargs)))
                                                    ^^^^^^^^^^^^^^^^^^
  File "/usr/local/lib/python3.12/site-packages/flask/app.py", line 917, in full_dispatch_request
    rv = self.dispatch_request()
         ^^^^^^^^^^^^^^^^^^^^^^^
  File "/usr/local/lib/python3.12/site-packages/flask/app.py", line 902, in dispatch_request
    return self.ensure_sync(self.view_functions[rule.endpoint])(**view_args)  # type: ignore[no-any-return]
           ^^^^^^^^^^^^^^^^^^^^^^^^^^^^^^^^^^^^^^^^^^^^^^^^^^^^^^^^^^^^^^^^^
  File "/app/admin_routes.py", line 936, in admin_get_activity
    ensure_admin_tables()
  File "/app/admin_routes.py", line 63, in ensure_admin_tables
    cur.execute("""
psycopg2.errors.UndefinedColumn: column "role" does not exist
LINE 3:         SELECT DISTINCT role
                                ^

2026-08-27 07:19:02,134 | INFO | werkzeug | 172.18.0.1 - - [27/Aug/2026 07:19:02] "[35m[1mGET /admin/activity HTTP/1.1[0m" 500 -
2026-08-27 07:19:06,943 | INFO | werkzeug | 172.18.0.1 - - [27/Aug/2026 07:19:06] "OPTIONS /admin/users HTTP/1.1" 200 -
2026-08-27 07:19:06,945 | INFO | werkzeug | 172.18.0.1 - - [27/Aug/2026 07:19:06] "OPTIONS /admin/activity HTTP/1.1" 200 -
2026-08-27 07:19:06,976 | ERROR | app | Exception on /admin/users [GET]
Traceback (most recent call last):
  File "/usr/local/lib/python3.12/site-packages/flask/app.py", line 1511, in wsgi_app
    response = self.full_dispatch_request()
               ^^^^^^^^^^^^^^^^^^^^^^^^^^^^
  File "/usr/local/lib/python3.12/site-packages/flask/app.py", line 919, in full_dispatch_request
    rv = self.handle_user_exception(e)
         ^^^^^^^^^^^^^^^^^^^^^^^^^^^^^
  File "/usr/local/lib/python3.12/site-packages/flask_cors/extension.py", line 206, in wrapped_function
    return cors_after_request(app_any.make_response(f(*args, **kwargs)))
                                                    ^^^^^^^^^^^^^^^^^^
  File "/usr/local/lib/python3.12/site-packages/flask/app.py", line 917, in full_dispatch_request
    rv = self.dispatch_request()
         ^^^^^^^^^^^^^^^^^^^^^^^
  File "/usr/local/lib/python3.12/site-packages/flask/app.py", line 902, in dispatch_request
    return self.ensure_sync(self.view_functions[rule.endpoint])(**view_args)  # type: ignore[no-any-return]
           ^^^^^^^^^^^^^^^^^^^^^^^^^^^^^^^^^^^^^^^^^^^^^^^^^^^^^^^^^^^^^^^^^
  File "/app/admin_routes.py", line 230, in admin_get_users
    ensure_admin_tables()
  File "/app/admin_routes.py", line 63, in ensure_admin_tables
    cur.execute("""
psycopg2.errors.UndefinedColumn: column "role" does not exist
LINE 3:         SELECT DISTINCT role
                                ^

2026-08-27 07:19:06,981 | INFO | werkzeug | 172.18.0.1 - - [27/Aug/2026 07:19:06] "[35m[1mGET /admin/users HTTP/1.1[0m" 500 -
2026-08-27 07:19:06,990 | ERROR | app | Exception on /admin/activity [GET]
Traceback (most recent call last):
  File "/usr/local/lib/python3.12/site-packages/flask/app.py", line 1511, in wsgi_app
    response = self.full_dispatch_request()
               ^^^^^^^^^^^^^^^^^^^^^^^^^^^^
  File "/usr/local/lib/python3.12/site-packages/flask/app.py", line 919, in full_dispatch_request
    rv = self.handle_user_exception(e)
         ^^^^^^^^^^^^^^^^^^^^^^^^^^^^^
  File "/usr/local/lib/python3.12/site-packages/flask_cors/extension.py", line 206, in wrapped_function
    return cors_after_request(app_any.make_response(f(*args, **kwargs)))
                                                    ^^^^^^^^^^^^^^^^^^
  File "/usr/local/lib/python3.12/site-packages/flask/app.py", line 917, in full_dispatch_request
    rv = self.dispatch_request()
         ^^^^^^^^^^^^^^^^^^^^^^^
  File "/usr/local/lib/python3.12/site-packages/flask/app.py", line 902, in dispatch_request
    return self.ensure_sync(self.view_functions[rule.endpoint])(**view_args)  # type: ignore[no-any-return]
           ^^^^^^^^^^^^^^^^^^^^^^^^^^^^^^^^^^^^^^^^^^^^^^^^^^^^^^^^^^^^^^^^^
  File "/app/admin_routes.py", line 936, in admin_get_activity
    ensure_admin_tables()
  File "/app/admin_routes.py", line 63, in ensure_admin_tables
    cur.execute("""
psycopg2.errors.UndefinedColumn: column "role" does not exist
LINE 3:         SELECT DISTINCT role
                                ^

2026-08-27 07:19:06,995 | INFO | werkzeug | 172.18.0.1 - - [27/Aug/2026 07:19:06] "[35m[1mGET /admin/activity HTTP/1.1[0m" 500 -
2026-08-27 07:19:11,965 | ERROR | app | Exception on /admin/users [GET]
Traceback (most recent call last):
  File "/usr/local/lib/python3.12/site-packages/flask/app.py", line 1511, in wsgi_app
    response = self.full_dispatch_request()
               ^^^^^^^^^^^^^^^^^^^^^^^^^^^^
  File "/usr/local/lib/python3.12/site-packages/flask/app.py", line 919, in full_dispatch_request
    rv = self.handle_user_exception(e)
         ^^^^^^^^^^^^^^^^^^^^^^^^^^^^^
  File "/usr/local/lib/python3.12/site-packages/flask_cors/extension.py", line 206, in wrapped_function
    return cors_after_request(app_any.make_response(f(*args, **kwargs)))
                                                    ^^^^^^^^^^^^^^^^^^
  File "/usr/local/lib/python3.12/site-packages/flask/app.py", line 917, in full_dispatch_request
    rv = self.dispatch_request()
         ^^^^^^^^^^^^^^^^^^^^^^^
  File "/usr/local/lib/python3.12/site-packages/flask/app.py", line 902, in dispatch_request
    return self.ensure_sync(self.view_functions[rule.endpoint])(**view_args)  # type: ignore[no-any-return]
           ^^^^^^^^^^^^^^^^^^^^^^^^^^^^^^^^^^^^^^^^^^^^^^^^^^^^^^^^^^^^^^^^^
  File "/app/admin_routes.py", line 230, in admin_get_users
    ensure_admin_tables()
  File "/app/admin_routes.py", line 63, in ensure_admin_tables
    cur.execute("""
psycopg2.errors.UndefinedColumn: column "role" does not exist
LINE 3:         SELECT DISTINCT role
                                ^

2026-08-27 07:19:11,970 | INFO | werkzeug | 172.18.0.1 - - [27/Aug/2026 07:19:11] "[35m[1mGET /admin/users HTTP/1.1[0m" 500 -
2026-08-27 07:19:11,979 | ERROR | app | Exception on /admin/activity [GET]
Traceback (most recent call last):
  File "/usr/local/lib/python3.12/site-packages/flask/app.py", line 1511, in wsgi_app
    response = self.full_dispatch_request()
               ^^^^^^^^^^^^^^^^^^^^^^^^^^^^
  File "/usr/local/lib/python3.12/site-packages/flask/app.py", line 919, in full_dispatch_request
    rv = self.handle_user_exception(e)
         ^^^^^^^^^^^^^^^^^^^^^^^^^^^^^
  File "/usr/local/lib/python3.12/site-packages/flask_cors/extension.py", line 206, in wrapped_function
    return cors_after_request(app_any.make_response(f(*args, **kwargs)))
                                                    ^^^^^^^^^^^^^^^^^^
  File "/usr/local/lib/python3.12/site-packages/flask/app.py", line 917, in full_dispatch_request
    rv = self.dispatch_request()
         ^^^^^^^^^^^^^^^^^^^^^^^
  File "/usr/local/lib/python3.12/site-packages/flask/app.py", line 902, in dispatch_request
    return self.ensure_sync(self.view_functions[rule.endpoint])(**view_args)  # type: ignore[no-any-return]
           ^^^^^^^^^^^^^^^^^^^^^^^^^^^^^^^^^^^^^^^^^^^^^^^^^^^^^^^^^^^^^^^^^
  File "/app/admin_routes.py", line 936, in admin_get_activity
    ensure_admin_tables()
  File "/app/admin_routes.py", line 63, in ensure_admin_tables
    cur.execute("""
psycopg2.errors.UndefinedColumn: column "role" does not exist
LINE 3:         SELECT DISTINCT role
                                ^

2026-08-27 07:19:11,985 | INFO | werkzeug | 172.18.0.1 - - [27/Aug/2026 07:19:11] "[35m[1mGET /admin/activity HTTP/1.1[0m" 500 -
2026-08-27 07:19:16,941 | INFO | werkzeug | 172.18.0.1 - - [27/Aug/2026 07:19:16] "OPTIONS /admin/users HTTP/1.1" 200 -
2026-08-27 07:19:16,942 | INFO | werkzeug | 172.18.0.1 - - [27/Aug/2026 07:19:16] "OPTIONS /admin/activity HTTP/1.1" 200 -
2026-08-27 07:19:16,969 | ERROR | app | Exception on /admin/users [GET]
Traceback (most recent call last):
  File "/usr/local/lib/python3.12/site-packages/flask/app.py", line 1511, in wsgi_app
    response = self.full_dispatch_request()
               ^^^^^^^^^^^^^^^^^^^^^^^^^^^^
  File "/usr/local/lib/python3.12/site-packages/flask/app.py", line 919, in full_dispatch_request
    rv = self.handle_user_exception(e)
         ^^^^^^^^^^^^^^^^^^^^^^^^^^^^^
  File "/usr/local/lib/python3.12/site-packages/flask_cors/extension.py", line 206, in wrapped_function
    return cors_after_request(app_any.make_response(f(*args, **kwargs)))
                                                    ^^^^^^^^^^^^^^^^^^
  File "/usr/local/lib/python3.12/site-packages/flask/app.py", line 917, in full_dispatch_request
    rv = self.dispatch_request()
         ^^^^^^^^^^^^^^^^^^^^^^^
  File "/usr/local/lib/python3.12/site-packages/flask/app.py", line 902, in dispatch_request
    return self.ensure_sync(self.view_functions[rule.endpoint])(**view_args)  # type: ignore[no-any-return]
           ^^^^^^^^^^^^^^^^^^^^^^^^^^^^^^^^^^^^^^^^^^^^^^^^^^^^^^^^^^^^^^^^^
  File "/app/admin_routes.py", line 230, in admin_get_users
    ensure_admin_tables()
  File "/app/admin_routes.py", line 63, in ensure_admin_tables
    cur.execute("""
psycopg2.errors.UndefinedColumn: column "role" does not exist
LINE 3:         SELECT DISTINCT role
                                ^

2026-08-27 07:19:16,975 | INFO | werkzeug | 172.18.0.1 - - [27/Aug/2026 07:19:16] "[35m[1mGET /admin/users HTTP/1.1[0m" 500 -
2026-08-27 07:19:16,986 | ERROR | app | Exception on /admin/activity [GET]
Traceback (most recent call last):
  File "/usr/local/lib/python3.12/site-packages/flask/app.py", line 1511, in wsgi_app
    response = self.full_dispatch_request()
               ^^^^^^^^^^^^^^^^^^^^^^^^^^^^
  File "/usr/local/lib/python3.12/site-packages/flask/app.py", line 919, in full_dispatch_request
    rv = self.handle_user_exception(e)
         ^^^^^^^^^^^^^^^^^^^^^^^^^^^^^
  File "/usr/local/lib/python3.12/site-packages/flask_cors/extension.py", line 206, in wrapped_function
    return cors_after_request(app_any.make_response(f(*args, **kwargs)))
                                                    ^^^^^^^^^^^^^^^^^^
  File "/usr/local/lib/python3.12/site-packages/flask/app.py", line 917, in full_dispatch_request
    rv = self.dispatch_request()
         ^^^^^^^^^^^^^^^^^^^^^^^
  File "/usr/local/lib/python3.12/site-packages/flask/app.py", line 902, in dispatch_request
    return self.ensure_sync(self.view_functions[rule.endpoint])(**view_args)  # type: ignore[no-any-return]
           ^^^^^^^^^^^^^^^^^^^^^^^^^^^^^^^^^^^^^^^^^^^^^^^^^^^^^^^^^^^^^^^^^
  File "/app/admin_routes.py", line 936, in admin_get_activity
    ensure_admin_tables()
  File "/app/admin_routes.py", line 63, in ensure_admin_tables
    cur.execute("""
psycopg2.errors.UndefinedColumn: column "role" does not exist
LINE 3:         SELECT DISTINCT role
                                ^

2026-08-27 07:19:16,991 | INFO | werkzeug | 172.18.0.1 - - [27/Aug/2026 07:19:16] "[35m[1mGET /admin/activity HTTP/1.1[0m" 500 -
2026-08-27 07:19:21,995 | INFO | werkzeug | 172.18.0.1 - - [27/Aug/2026 07:19:21] "OPTIONS /admin/users HTTP/1.1" 200 -
2026-08-27 07:19:21,996 | INFO | werkzeug | 172.18.0.1 - - [27/Aug/2026 07:19:21] "OPTIONS /admin/activity HTTP/1.1" 200 -
2026-08-27 07:19:22,029 | ERROR | app | Exception on /admin/users [GET]
Traceback (most recent call last):
  File "/usr/local/lib/python3.12/site-packages/flask/app.py", line 1511, in wsgi_app
    response = self.full_dispatch_request()
               ^^^^^^^^^^^^^^^^^^^^^^^^^^^^
  File "/usr/local/lib/python3.12/site-packages/flask/app.py", line 919, in full_dispatch_request
    rv = self.handle_user_exception(e)
         ^^^^^^^^^^^^^^^^^^^^^^^^^^^^^
  File "/usr/local/lib/python3.12/site-packages/flask_cors/extension.py", line 206, in wrapped_function
    return cors_after_request(app_any.make_response(f(*args, **kwargs)))
                                                    ^^^^^^^^^^^^^^^^^^
  File "/usr/local/lib/python3.12/site-packages/flask/app.py", line 917, in full_dispatch_request
    rv = self.dispatch_request()
         ^^^^^^^^^^^^^^^^^^^^^^^
  File "/usr/local/lib/python3.12/site-packages/flask/app.py", line 902, in dispatch_request
    return self.ensure_sync(self.view_functions[rule.endpoint])(**view_args)  # type: ignore[no-any-return]
           ^^^^^^^^^^^^^^^^^^^^^^^^^^^^^^^^^^^^^^^^^^^^^^^^^^^^^^^^^^^^^^^^^
  File "/app/admin_routes.py", line 230, in admin_get_users
    ensure_admin_tables()
  File "/app/admin_routes.py", line 63, in ensure_admin_tables
    cur.execute("""
psycopg2.errors.UndefinedColumn: column "role" does not exist
LINE 3:         SELECT DISTINCT role
                                ^

2026-08-27 07:19:22,037 | INFO | werkzeug | 172.18.0.1 - - [27/Aug/2026 07:19:22] "[35m[1mGET /admin/users HTTP/1.1[0m" 500 -
2026-08-27 07:19:22,052 | ERROR | app | Exception on /admin/activity [GET]
Traceback (most recent call last):
  File "/usr/local/lib/python3.12/site-packages/flask/app.py", line 1511, in wsgi_app
    response = self.full_dispatch_request()
               ^^^^^^^^^^^^^^^^^^^^^^^^^^^^
  File "/usr/local/lib/python3.12/site-packages/flask/app.py", line 919, in full_dispatch_request
    rv = self.handle_user_exception(e)
         ^^^^^^^^^^^^^^^^^^^^^^^^^^^^^
  File "/usr/local/lib/python3.12/site-packages/flask_cors/extension.py", line 206, in wrapped_function
    return cors_after_request(app_any.make_response(f(*args, **kwargs)))
                                                    ^^^^^^^^^^^^^^^^^^
  File "/usr/local/lib/python3.12/site-packages/flask/app.py", line 917, in full_dispatch_request
    rv = self.dispatch_request()
         ^^^^^^^^^^^^^^^^^^^^^^^
  File "/usr/local/lib/python3.12/site-packages/flask/app.py", line 902, in dispatch_request
    return self.ensure_sync(self.view_functions[rule.endpoint])(**view_args)  # type: ignore[no-any-return]
           ^^^^^^^^^^^^^^^^^^^^^^^^^^^^^^^^^^^^^^^^^^^^^^^^^^^^^^^^^^^^^^^^^
  File "/app/admin_routes.py", line 936, in admin_get_activity
    ensure_admin_tables()
  File "/app/admin_routes.py", line 63, in ensure_admin_tables
    cur.execute("""
psycopg2.errors.UndefinedColumn: column "role" does not exist
LINE 3:         SELECT DISTINCT role
                                ^

2026-08-27 07:19:22,057 | INFO | werkzeug | 172.18.0.1 - - [27/Aug/2026 07:19:22] "[35m[1mGET /admin/activity HTTP/1.1[0m" 500 -
2026-08-27 07:19:27,062 | INFO | werkzeug | 172.18.0.1 - - [27/Aug/2026 07:19:27] "OPTIONS /admin/users HTTP/1.1" 200 -
2026-08-27 07:19:27,066 | INFO | werkzeug | 172.18.0.1 - - [27/Aug/2026 07:19:27] "OPTIONS /admin/activity HTTP/1.1" 200 -
2026-08-27 07:19:27,130 | ERROR | app | Exception on /admin/users [GET]
Traceback (most recent call last):
  File "/usr/local/lib/python3.12/site-packages/flask/app.py", line 1511, in wsgi_app
    response = self.full_dispatch_request()
               ^^^^^^^^^^^^^^^^^^^^^^^^^^^^
  File "/usr/local/lib/python3.12/site-packages/flask/app.py", line 919, in full_dispatch_request
    rv = self.handle_user_exception(e)
         ^^^^^^^^^^^^^^^^^^^^^^^^^^^^^
  File "/usr/local/lib/python3.12/site-packages/flask_cors/extension.py", line 206, in wrapped_function
    return cors_after_request(app_any.make_response(f(*args, **kwargs)))
                                                    ^^^^^^^^^^^^^^^^^^
  File "/usr/local/lib/python3.12/site-packages/flask/app.py", line 917, in full_dispatch_request
    rv = self.dispatch_request()
         ^^^^^^^^^^^^^^^^^^^^^^^
  File "/usr/local/lib/python3.12/site-packages/flask/app.py", line 902, in dispatch_request
    return self.ensure_sync(self.view_functions[rule.endpoint])(**view_args)  # type: ignore[no-any-return]
           ^^^^^^^^^^^^^^^^^^^^^^^^^^^^^^^^^^^^^^^^^^^^^^^^^^^^^^^^^^^^^^^^^
  File "/app/admin_routes.py", line 230, in admin_get_users
    ensure_admin_tables()
  File "/app/admin_routes.py", line 63, in ensure_admin_tables
    cur.execute("""
psycopg2.errors.UndefinedColumn: column "role" does not exist
LINE 3:         SELECT DISTINCT role
                                ^

2026-08-27 07:19:27,136 | INFO | werkzeug | 172.18.0.1 - - [27/Aug/2026 07:19:27] "[35m[1mGET /admin/users HTTP/1.1[0m" 500 -
2026-08-27 07:19:27,147 | ERROR | app | Exception on /admin/activity [GET]
Traceback (most recent call last):
  File "/usr/local/lib/python3.12/site-packages/flask/app.py", line 1511, in wsgi_app
    response = self.full_dispatch_request()
               ^^^^^^^^^^^^^^^^^^^^^^^^^^^^
  File "/usr/local/lib/python3.12/site-packages/flask/app.py", line 919, in full_dispatch_request
    rv = self.handle_user_exception(e)
         ^^^^^^^^^^^^^^^^^^^^^^^^^^^^^
  File "/usr/local/lib/python3.12/site-packages/flask_cors/extension.py", line 206, in wrapped_function
    return cors_after_request(app_any.make_response(f(*args, **kwargs)))
                                                    ^^^^^^^^^^^^^^^^^^
  File "/usr/local/lib/python3.12/site-packages/flask/app.py", line 917, in full_dispatch_request
    rv = self.dispatch_request()
         ^^^^^^^^^^^^^^^^^^^^^^^
  File "/usr/local/lib/python3.12/site-packages/flask/app.py", line 902, in dispatch_request
    return self.ensure_sync(self.view_functions[rule.endpoint])(**view_args)  # type: ignore[no-any-return]
           ^^^^^^^^^^^^^^^^^^^^^^^^^^^^^^^^^^^^^^^^^^^^^^^^^^^^^^^^^^^^^^^^^
  File "/app/admin_routes.py", line 936, in admin_get_activity
    ensure_admin_tables()
  File "/app/admin_routes.py", line 63, in ensure_admin_tables
    cur.execute("""
psycopg2.errors.UndefinedColumn: column "role" does not exist
LINE 3:         SELECT DISTINCT role
                                ^

2026-08-27 07:19:27,152 | INFO | werkzeug | 172.18.0.1 - - [27/Aug/2026 07:19:27] "[35m[1mGET /admin/activity HTTP/1.1[0m" 500 -
2026-08-27 07:19:28,628 | INFO | werkzeug | 172.18.0.1 - - [27/Aug/2026 07:19:28] "GET /api/data/ohlc?symbol=BBCA HTTP/1.1" 200 -
2026-08-27 07:19:28,637 | INFO | werkzeug | 172.18.0.1 - - [27/Aug/2026 07:19:28] "GET /api/data/ohlc?symbol=BBNI HTTP/1.1" 200 -
2026-08-27 07:19:28,649 | INFO | werkzeug | 172.18.0.1 - - [27/Aug/2026 07:19:28] "GET /api/data/ohlc?symbol=BMRI HTTP/1.1" 200 -
2026-08-27 07:19:28,661 | INFO | werkzeug | 172.18.0.1 - - [27/Aug/2026 07:19:28] "GET /api/data/ohlc?symbol=BJBR HTTP/1.1" 200 -
2026-08-27 07:19:28,660 | INFO | werkzeug | 172.18.0.1 - - [27/Aug/2026 07:19:28] "GET /api/data/ohlc?symbol=TLKM HTTP/1.1" 200 -
2026-08-27 07:19:28,669 | INFO | werkzeug | 172.18.0.1 - - [27/Aug/2026 07:19:28] "GET /api/data/ohlc?symbol=BBRI HTTP/1.1" 200 -
2026-08-27 07:19:28,702 | INFO | werkzeug | 172.18.0.1 - - [27/Aug/2026 07:19:28] "GET /api/data/ohlc?symbol=ANTM HTTP/1.1" 200 -
2026-08-27 07:19:28,702 | INFO | werkzeug | 172.18.0.1 - - [27/Aug/2026 07:19:28] "GET /api/data/ohlc?symbol=ASII HTTP/1.1" 200 -
2026-08-27 07:19:28,711 | INFO | werkzeug | 172.18.0.1 - - [27/Aug/2026 07:19:28] "GET /api/data/ohlc?symbol=GOTO HTTP/1.1" 200 -
2026-08-27 07:19:29,468 | INFO | werkzeug | 172.18.0.1 - - [27/Aug/2026 07:19:29] "[31m[1mGET /admin/users HTTP/1.1[0m" 403 -
2026-08-27 07:19:29,549 | INFO | werkzeug | 172.18.0.1 - - [27/Aug/2026 07:19:29] "[31m[1mGET /admin/activity HTTP/1.1[0m" 403 -
2026-08-27 07:19:30,488 | INFO | werkzeug | 172.18.0.1 - - [27/Aug/2026 07:19:30] "GET /api/data/ohlc?symbol=BBNI HTTP/1.1" 200 -
2026-08-27 07:19:30,489 | INFO | werkzeug | 172.18.0.1 - - [27/Aug/2026 07:19:30] "GET /api/data/ohlc?symbol=BJBR HTTP/1.1" 200 -
2026-08-27 07:19:30,510 | INFO | werkzeug | 172.18.0.1 - - [27/Aug/2026 07:19:30] "GET /api/data/ohlc?symbol=BBRI HTTP/1.1" 200 -
2026-08-27 07:19:30,520 | INFO | werkzeug | 172.18.0.1 - - [27/Aug/2026 07:19:30] "GET /api/data/ohlc?symbol=BMRI HTTP/1.1" 200 -
2026-08-27 07:19:30,520 | INFO | werkzeug | 172.18.0.1 - - [27/Aug/2026 07:19:30] "GET /api/data/ohlc?symbol=TLKM HTTP/1.1" 200 -
2026-08-27 07:19:30,522 | INFO | werkzeug | 172.18.0.1 - - [27/Aug/2026 07:19:30] "GET /api/data/ohlc?symbol=BBCA HTTP/1.1" 200 -
2026-08-27 07:19:30,552 | INFO | werkzeug | 172.18.0.1 - - [27/Aug/2026 07:19:30] "GET /api/data/ohlc?symbol=ASII HTTP/1.1" 200 -
2026-08-27 07:19:30,561 | INFO | werkzeug | 172.18.0.1 - - [27/Aug/2026 07:19:30] "GET /api/data/ohlc?symbol=GOTO HTTP/1.1" 200 -
2026-08-27 07:19:30,567 | INFO | werkzeug | 172.18.0.1 - - [27/Aug/2026 07:19:30] "GET /api/data/ohlc?symbol=ANTM HTTP/1.1" 200 -
2026-08-27 07:19:41,832 | INFO | werkzeug | 172.18.0.1 - - [27/Aug/2026 07:19:41] "OPTIONS /users/login HTTP/1.1" 200 -
2026-08-27 07:19:42,142 | INFO | werkzeug | 172.18.0.1 - - [27/Aug/2026 07:19:42] "POST /users/login HTTP/1.1" 200 -
2026-08-27 07:19:42,187 | INFO | werkzeug | 172.18.0.1 - - [27/Aug/2026 07:19:42] "GET /users/1/watchlists HTTP/1.1" 200 -
2026-08-27 07:19:42,317 | INFO | werkzeug | 172.18.0.1 - - [27/Aug/2026 07:19:42] "GET /api/data/ohlc?symbol=BBCA HTTP/1.1" 200 -
2026-08-27 07:19:42,322 | INFO | werkzeug | 172.18.0.1 - - [27/Aug/2026 07:19:42] "GET /api/data/ohlc?symbol=TLKM HTTP/1.1" 200 -
2026-08-27 07:19:42,329 | INFO | werkzeug | 172.18.0.1 - - [27/Aug/2026 07:19:42] "GET /api/data/ohlc?symbol=BMRI HTTP/1.1" 200 -
2026-08-27 07:19:42,337 | INFO | werkzeug | 172.18.0.1 - - [27/Aug/2026 07:19:42] "GET /api/data/ohlc?symbol=ANTM HTTP/1.1" 200 -
2026-08-27 07:19:42,353 | INFO | werkzeug | 172.18.0.1 - - [27/Aug/2026 07:19:42] "GET /api/data/ohlc?symbol=BBRI HTTP/1.1" 200 -
2026-08-27 07:19:42,354 | INFO | werkzeug | 172.18.0.1 - - [27/Aug/2026 07:19:42] "GET /api/data/ohlc?symbol=PTBA HTTP/1.1" 200 -
2026-08-27 07:19:42,379 | INFO | werkzeug | 172.18.0.1 - - [27/Aug/2026 07:19:42] "GET /api/data/ohlc?symbol=NSSS HTTP/1.1" 200 -
2026-08-27 07:19:42,385 | INFO | werkzeug | 172.18.0.1 - - [27/Aug/2026 07:19:42] "GET /api/data/ohlc?symbol=GOTO HTTP/1.1" 200 -
2026-08-27 07:19:42,397 | INFO | werkzeug | 172.18.0.1 - - [27/Aug/2026 07:19:42] "GET /api/data/stock-info?symbol=BBNI HTTP/1.1" 200 -
2026-08-27 07:19:42,408 | INFO | werkzeug | 172.18.0.1 - - [27/Aug/2026 07:19:42] "GET /api/data/ohlc?symbol=BBNI HTTP/1.1" 200 -
2026-08-27 07:19:42,425 | INFO | werkzeug | 172.18.0.1 - - [27/Aug/2026 07:19:42] "GET /api/data/broker-activity?symbol=BBNI HTTP/1.1" 200 -
2026-08-27 07:19:42,438 | INFO | werkzeug | 172.18.0.1 - - [27/Aug/2026 07:19:42] "GET /api/data/technical?symbol=BBNI HTTP/1.1" 200 -
2026-08-27 07:19:42,439 | INFO | werkzeug | 172.18.0.1 - - [27/Aug/2026 07:19:42] "GET /api/data/majorholder?symbol=BBNI HTTP/1.1" 200 -
2026-08-27 07:19:42,443 | INFO | werkzeug | 172.18.0.1 - - [27/Aug/2026 07:19:42] "GET /api/diagnostic/results?symbol=BBNI HTTP/1.1" 200 -
2026-08-27 07:19:42,455 | INFO | werkzeug | 172.18.0.1 - - [27/Aug/2026 07:19:42] "GET /api/prescriptive/results?symbol=BBNI HTTP/1.1" 200 -
2026-08-27 07:19:42,479 | INFO | werkzeug | 172.18.0.1 - - [27/Aug/2026 07:19:42] "GET /api/data/forecast?symbol=BBNI HTTP/1.1" 200 -
2026-08-27 07:19:48,478 | INFO | werkzeug | 172.18.0.1 - - [27/Aug/2026 07:19:48] "GET /api/data/ohlc?symbol=BBCA HTTP/1.1" 200 -
2026-08-27 07:19:48,483 | INFO | werkzeug | 172.18.0.1 - - [27/Aug/2026 07:19:48] "GET /api/data/ohlc?symbol=BMRI HTTP/1.1" 200 -
2026-08-27 07:19:48,489 | INFO | werkzeug | 172.18.0.1 - - [27/Aug/2026 07:19:48] "GET /api/data/ohlc?symbol=BBNI HTTP/1.1" 200 -
2026-08-27 07:19:48,494 | INFO | werkzeug | 172.18.0.1 - - [27/Aug/2026 07:19:48] "GET /api/data/ohlc?symbol=BJBR HTTP/1.1" 200 -
2026-08-27 07:19:48,500 | INFO | werkzeug | 172.18.0.1 - - [27/Aug/2026 07:19:48] "GET /api/data/ohlc?symbol=TLKM HTTP/1.1" 200 -
2026-08-27 07:19:48,500 | INFO | werkzeug | 172.18.0.1 - - [27/Aug/2026 07:19:48] "GET /api/data/ohlc?symbol=BBRI HTTP/1.1" 200 -
2026-08-27 07:19:48,537 | INFO | werkzeug | 172.18.0.1 - - [27/Aug/2026 07:19:48] "GET /api/data/ohlc?symbol=ANTM HTTP/1.1" 200 -
2026-08-27 07:19:48,538 | INFO | werkzeug | 172.18.0.1 - - [27/Aug/2026 07:19:48] "GET /api/data/ohlc?symbol=ASII HTTP/1.1" 200 -
2026-08-27 07:19:48,549 | INFO | werkzeug | 172.18.0.1 - - [27/Aug/2026 07:19:48] "GET /api/data/ohlc?symbol=GOTO HTTP/1.1" 200 -
2026-08-27 07:19:50,363 | INFO | werkzeug | 172.18.0.1 - - [27/Aug/2026 07:19:50] "GET /api/data/ohlc?symbol=BBNI HTTP/1.1" 200 -
2026-08-27 07:19:50,369 | INFO | werkzeug | 172.18.0.1 - - [27/Aug/2026 07:19:50] "GET /api/data/ohlc?symbol=BBCA HTTP/1.1" 200 -
2026-08-27 07:19:50,394 | INFO | werkzeug | 172.18.0.1 - - [27/Aug/2026 07:19:50] "GET /api/data/ohlc?symbol=BBRI HTTP/1.1" 200 -
2026-08-27 07:19:50,394 | INFO | werkzeug | 172.18.0.1 - - [27/Aug/2026 07:19:50] "GET /api/data/ohlc?symbol=TLKM HTTP/1.1" 200 -
2026-08-27 07:19:50,397 | INFO | werkzeug | 172.18.0.1 - - [27/Aug/2026 07:19:50] "GET /api/data/ohlc?symbol=BJBR HTTP/1.1" 200 -
2026-08-27 07:19:50,404 | INFO | werkzeug | 172.18.0.1 - - [27/Aug/2026 07:19:50] "GET /api/data/ohlc?symbol=BMRI HTTP/1.1" 200 -
2026-08-27 07:19:50,432 | INFO | werkzeug | 172.18.0.1 - - [27/Aug/2026 07:19:50] "GET /api/data/ohlc?symbol=ASII HTTP/1.1" 200 -
2026-08-27 07:19:50,445 | INFO | werkzeug | 172.18.0.1 - - [27/Aug/2026 07:19:50] "GET /api/data/ohlc?symbol=GOTO HTTP/1.1" 200 -
2026-08-27 07:19:50,446 | INFO | werkzeug | 172.18.0.1 - - [27/Aug/2026 07:19:50] "GET /api/data/ohlc?symbol=ANTM HTTP/1.1" 200 -
2026-08-27 07:20:40,255 | INFO | Bootstrap | [Bootstrap] Memulai inisialisasi otomatis StockVision di background...
2026-08-27 07:20:40,262 | INFO | werkzeug | [31m[1mWARNING: This is a development server. Do not use it in a production deployment. Use a production WSGI server instead.[0m
 * Running on all addresses (0.0.0.0)
 * Running on http://127.0.0.1:8080
 * Running on http://172.18.0.3:8080
2026-08-27 07:20:40,264 | INFO | werkzeug | [33mPress CTRL+C to quit[0m
2026-08-27 07:20:43,272 | INFO | Bootstrap | [Bootstrap] trading_calendar sudah berisi 365 hari trading.
2026-08-27 07:20:43,285 | INFO | Bootstrap | [Bootstrap] idx_company_list sudah berisi 941 emiten.
2026-08-27 07:20:43,337 | INFO | Bootstrap | [Bootstrap] ohlc_forecasting sudah memiliki 1011086 baris data.
2026-08-27 07:20:43,346 | INFO | Bootstrap | [Bootstrap] insider_activity sudah berisi 84 baris data.
2026-08-27 07:20:43,355 | INFO | Bootstrap | [Bootstrap] stock_forecasting sudah berisi 56 baris data.
2026-08-27 07:20:43,357 | INFO | Bootstrap | [Bootstrap] Daily Forecast Cron aktif (berjalan setiap hari pukul 02:00 WIB).
2026-08-27 07:20:43,358 | INFO | Bootstrap | [Bootstrap] Inisialisasi background selesai. Seluruh sistem siap!
2026-08-27 07:20:44,325 | INFO | werkzeug | 172.18.0.1 - - [27/Aug/2026 07:20:44] "[31m[1mGET /admin/users?admin_email=admin@sahamscope.id HTTP/1.1[0m" 403 -
2026-08-27 07:20:44,393 | INFO | werkzeug | 172.18.0.1 - - [27/Aug/2026 07:20:44] "[31m[1mGET /admin/activity?admin_email=admin@sahamscope.id HTTP/1.1[0m" 403 -
2026-08-27 07:20:56,923 | INFO | werkzeug | 172.18.0.1 - - [27/Aug/2026 07:20:56] "GET /admin/users HTTP/1.1" 200 -
2026-08-27 07:20:57,052 | INFO | werkzeug | 172.18.0.1 - - [27/Aug/2026 07:20:57] "GET /admin/activity HTTP/1.1" 200 -
2026-08-27 07:21:13,313 | INFO | werkzeug | 172.18.0.1 - - [27/Aug/2026 07:21:13] "GET /admin/roles HTTP/1.1" 200 -
2026-08-27 07:21:13,386 | INFO | werkzeug | 172.18.0.1 - - [27/Aug/2026 07:21:13] "[33mGET /admin/menus HTTP/1.1[0m" 404 -
2026-08-27 07:21:35,886 | INFO | werkzeug | 172.18.0.1 - - [27/Aug/2026 07:21:35] "OPTIONS /users/login HTTP/1.1" 200 -
2026-08-27 07:21:36,123 | INFO | werkzeug | 172.18.0.1 - - [27/Aug/2026 07:21:36] "POST /users/login HTTP/1.1" 200 -
2026-08-27 07:21:36,163 | INFO | werkzeug | 172.18.0.1 - - [27/Aug/2026 07:21:36] "GET /users/1/watchlists HTTP/1.1" 200 -
2026-08-27 07:21:36,268 | INFO | werkzeug | 172.18.0.1 - - [27/Aug/2026 07:21:36] "GET /api/data/ohlc?symbol=BBCA HTTP/1.1" 200 -
2026-08-27 07:21:36,273 | INFO | werkzeug | 172.18.0.1 - - [27/Aug/2026 07:21:36] "GET /api/data/ohlc?symbol=BBRI HTTP/1.1" 200 -
2026-08-27 07:21:36,297 | INFO | werkzeug | 172.18.0.1 - - [27/Aug/2026 07:21:36] "GET /api/data/ohlc?symbol=PTBA HTTP/1.1" 200 -
2026-08-27 07:21:36,298 | INFO | werkzeug | 172.18.0.1 - - [27/Aug/2026 07:21:36] "GET /api/data/ohlc?symbol=BMRI HTTP/1.1" 200 -
2026-08-27 07:21:36,299 | INFO | werkzeug | 172.18.0.1 - - [27/Aug/2026 07:21:36] "GET /api/data/ohlc?symbol=TLKM HTTP/1.1" 200 -
2026-08-27 07:21:36,299 | INFO | werkzeug | 172.18.0.1 - - [27/Aug/2026 07:21:36] "GET /api/data/ohlc?symbol=ANTM HTTP/1.1" 200 -
2026-08-27 07:21:36,328 | INFO | werkzeug | 172.18.0.1 - - [27/Aug/2026 07:21:36] "GET /api/data/ohlc?symbol=NSSS HTTP/1.1" 200 -
2026-08-27 07:21:36,334 | INFO | werkzeug | 172.18.0.1 - - [27/Aug/2026 07:21:36] "GET /api/data/ohlc?symbol=GOTO HTTP/1.1" 200 -
2026-08-27 07:21:36,344 | INFO | werkzeug | 172.18.0.1 - - [27/Aug/2026 07:21:36] "GET /api/data/majorholder?symbol=BBNI HTTP/1.1" 200 -
2026-08-27 07:21:36,345 | INFO | werkzeug | 172.18.0.1 - - [27/Aug/2026 07:21:36] "GET /api/data/ohlc?symbol=BBNI HTTP/1.1" 200 -
2026-08-27 07:21:36,346 | INFO | werkzeug | 172.18.0.1 - - [27/Aug/2026 07:21:36] "GET /api/data/broker-activity?symbol=BBNI HTTP/1.1" 200 -
2026-08-27 07:21:36,357 | INFO | werkzeug | 172.18.0.1 - - [27/Aug/2026 07:21:36] "GET /api/data/stock-info?symbol=BBNI HTTP/1.1" 200 -
2026-08-27 07:21:36,373 | INFO | werkzeug | 172.18.0.1 - - [27/Aug/2026 07:21:36] "GET /api/data/technical?symbol=BBNI HTTP/1.1" 200 -
2026-08-27 07:21:36,373 | INFO | werkzeug | 172.18.0.1 - - [27/Aug/2026 07:21:36] "GET /api/prescriptive/results?symbol=BBNI HTTP/1.1" 200 -
2026-08-27 07:21:36,374 | INFO | werkzeug | 172.18.0.1 - - [27/Aug/2026 07:21:36] "GET /api/diagnostic/results?symbol=BBNI HTTP/1.1" 200 -
2026-08-27 07:21:36,419 | INFO | werkzeug | 172.18.0.1 - - [27/Aug/2026 07:21:36] "GET /api/data/forecast?symbol=BBNI HTTP/1.1" 200 -
2026-08-27 07:21:52,988 | INFO | werkzeug | 172.18.0.1 - - [27/Aug/2026 07:21:52] "GET /users/1/watchlists HTTP/1.1" 200 -
2026-08-27 07:21:52,995 | INFO | werkzeug | 172.18.0.1 - - [27/Aug/2026 07:21:52] "GET /api/data/tickers HTTP/1.1" 200 -
2026-08-27 07:21:53,050 | INFO | werkzeug | 172.18.0.1 - - [27/Aug/2026 07:21:53] "GET /api/data/ohlc?symbol=BBCA HTTP/1.1" 200 -
2026-08-27 07:21:53,059 | INFO | werkzeug | 172.18.0.1 - - [27/Aug/2026 07:21:53] "GET /api/data/ohlc?symbol=BBRI HTTP/1.1" 200 -
2026-08-27 07:21:53,062 | INFO | werkzeug | 172.18.0.1 - - [27/Aug/2026 07:21:53] "GET /api/data/stock-info?symbol=BBNI HTTP/1.1" 200 -
2026-08-27 07:21:53,064 | INFO | werkzeug | 172.18.0.1 - - [27/Aug/2026 07:21:53] "GET /api/data/stock-info?symbol=BBRI HTTP/1.1" 200 -
2026-08-27 07:21:53,073 | INFO | werkzeug | 172.18.0.1 - - [27/Aug/2026 07:21:53] "GET /api/data/stock-info?symbol=BBCA HTTP/1.1" 200 -
2026-08-27 07:21:53,074 | INFO | werkzeug | 172.18.0.1 - - [27/Aug/2026 07:21:53] "GET /api/data/stock-info?symbol=BJBR HTTP/1.1" 200 -
2026-08-27 07:21:53,092 | INFO | werkzeug | 172.18.0.1 - - [27/Aug/2026 07:21:53] "GET /api/data/ohlc?symbol=BBNI HTTP/1.1" 200 -
2026-08-27 07:21:53,102 | INFO | werkzeug | 172.18.0.1 - - [27/Aug/2026 07:21:53] "GET /api/data/ohlc?symbol=BJBR HTTP/1.1" 200 -
2026-08-27 07:21:53,108 | INFO | werkzeug | 172.18.0.1 - - [27/Aug/2026 07:21:53] "GET /api/data/ohlc?symbol=BMRI HTTP/1.1" 200 -
2026-08-27 07:21:53,109 | INFO | werkzeug | 172.18.0.1 - - [27/Aug/2026 07:21:53] "GET /api/data/stock-info?symbol=BMRI HTTP/1.1" 200 -
2026-08-27 07:23:34,883 | INFO | werkzeug | 172.18.0.1 - - [27/Aug/2026 07:23:34] "GET /api/data/ohlc?symbol=BBNI HTTP/1.1" 200 -
2026-08-27 07:23:34,895 | INFO | werkzeug | 172.18.0.1 - - [27/Aug/2026 07:23:34] "GET /api/data/ohlc?symbol=BBRI HTTP/1.1" 200 -
2026-08-27 07:23:34,895 | INFO | werkzeug | 172.18.0.1 - - [27/Aug/2026 07:23:34] "GET /api/data/ohlc?symbol=BJBR HTTP/1.1" 200 -
2026-08-27 07:23:34,901 | INFO | werkzeug | 172.18.0.1 - - [27/Aug/2026 07:23:34] "GET /api/data/ohlc?symbol=BMRI HTTP/1.1" 200 -
2026-08-27 07:23:34,901 | INFO | werkzeug | 172.18.0.1 - - [27/Aug/2026 07:23:34] "GET /api/data/ohlc?symbol=TLKM HTTP/1.1" 200 -
2026-08-27 07:23:34,908 | INFO | werkzeug | 172.18.0.1 - - [27/Aug/2026 07:23:34] "GET /api/data/ohlc?symbol=BBCA HTTP/1.1" 200 -
2026-08-27 07:23:34,934 | INFO | werkzeug | 172.18.0.1 - - [27/Aug/2026 07:23:34] "GET /api/data/ohlc?symbol=ASII HTTP/1.1" 200 -
2026-08-27 07:23:34,947 | INFO | werkzeug | 172.18.0.1 - - [27/Aug/2026 07:23:34] "GET /api/data/ohlc?symbol=GOTO HTTP/1.1" 200 -
2026-08-27 07:23:34,947 | INFO | werkzeug | 172.18.0.1 - - [27/Aug/2026 07:23:34] "GET /api/data/ohlc?symbol=ANTM HTTP/1.1" 200 -
2026-08-27 07:23:36,356 | INFO | werkzeug | 172.18.0.1 - - [27/Aug/2026 07:23:36] "GET /api/data/ohlc?symbol=BBCA HTTP/1.1" 200 -
2026-08-27 07:23:36,361 | INFO | werkzeug | 172.18.0.1 - - [27/Aug/2026 07:23:36] "GET /api/data/ohlc?symbol=BBNI HTTP/1.1" 200 -
2026-08-27 07:23:36,361 | INFO | werkzeug | 172.18.0.1 - - [27/Aug/2026 07:23:36] "GET /api/data/ohlc?symbol=BMRI HTTP/1.1" 200 -
2026-08-27 07:23:36,375 | INFO | werkzeug | 172.18.0.1 - - [27/Aug/2026 07:23:36] "GET /api/data/ohlc?symbol=TLKM HTTP/1.1" 200 -
2026-08-27 07:23:36,383 | INFO | werkzeug | 172.18.0.1 - - [27/Aug/2026 07:23:36] "GET /api/data/ohlc?symbol=BJBR HTTP/1.1" 200 -
2026-08-27 07:23:36,384 | INFO | werkzeug | 172.18.0.1 - - [27/Aug/2026 07:23:36] "GET /api/data/ohlc?symbol=BBRI HTTP/1.1" 200 -
2026-08-27 07:23:36,407 | INFO | werkzeug | 172.18.0.1 - - [27/Aug/2026 07:23:36] "GET /api/data/ohlc?symbol=ASII HTTP/1.1" 200 -
2026-08-27 07:23:36,415 | INFO | werkzeug | 172.18.0.1 - - [27/Aug/2026 07:23:36] "GET /api/data/ohlc?symbol=ANTM HTTP/1.1" 200 -
2026-08-27 07:23:36,422 | INFO | werkzeug | 172.18.0.1 - - [27/Aug/2026 07:23:36] "GET /api/data/ohlc?symbol=GOTO HTTP/1.1" 200 -
2026-08-27 07:23:45,142 | INFO | werkzeug | 172.18.0.1 - - [27/Aug/2026 07:23:45] "OPTIONS /users/login HTTP/1.1" 200 -
2026-08-27 07:23:45,529 | INFO | werkzeug | 172.18.0.1 - - [27/Aug/2026 07:23:45] "POST /users/login HTTP/1.1" 200 -
2026-08-27 07:23:45,562 | INFO | werkzeug | 172.18.0.1 - - [27/Aug/2026 07:23:45] "GET /users/2/watchlists HTTP/1.1" 200 -
2026-08-27 07:23:45,676 | INFO | werkzeug | 172.18.0.1 - - [27/Aug/2026 07:23:45] "GET /api/data/ohlc?symbol=BBCA HTTP/1.1" 200 -
2026-08-27 07:23:45,701 | INFO | werkzeug | 172.18.0.1 - - [27/Aug/2026 07:23:45] "GET /api/data/ohlc?symbol=BMRI HTTP/1.1" 200 -
2026-08-27 07:23:45,704 | INFO | werkzeug | 172.18.0.1 - - [27/Aug/2026 07:23:45] "GET /api/data/ohlc?symbol=BJBR HTTP/1.1" 200 -
2026-08-27 07:23:45,705 | INFO | werkzeug | 172.18.0.1 - - [27/Aug/2026 07:23:45] "GET /api/data/ohlc?symbol=BBNI HTTP/1.1" 200 -
2026-08-27 07:23:45,712 | INFO | werkzeug | 172.18.0.1 - - [27/Aug/2026 07:23:45] "GET /api/data/ohlc?symbol=BBRI HTTP/1.1" 200 -
2026-08-27 07:23:45,718 | INFO | werkzeug | 172.18.0.1 - - [27/Aug/2026 07:23:45] "GET /api/data/ohlc?symbol=TLKM HTTP/1.1" 200 -
2026-08-27 07:23:45,743 | INFO | werkzeug | 172.18.0.1 - - [27/Aug/2026 07:23:45] "GET /api/data/ohlc?symbol=ASII HTTP/1.1" 200 -
2026-08-27 07:23:45,756 | INFO | werkzeug | 172.18.0.1 - - [27/Aug/2026 07:23:45] "GET /api/data/ohlc?symbol=ANTM HTTP/1.1" 200 -
2026-08-27 07:23:45,764 | INFO | werkzeug | 172.18.0.1 - - [27/Aug/2026 07:23:45] "GET /api/data/ohlc?symbol=GOTO HTTP/1.1" 200 -
2026-08-27 07:23:45,765 | INFO | werkzeug | 172.18.0.1 - - [27/Aug/2026 07:23:45] "GET /api/data/majorholder?symbol=BBCA HTTP/1.1" 200 -
2026-08-27 07:23:45,772 | INFO | werkzeug | 172.18.0.1 - - [27/Aug/2026 07:23:45] "GET /api/data/broker-activity?symbol=BBCA HTTP/1.1" 200 -
2026-08-27 07:23:45,778 | INFO | werkzeug | 172.18.0.1 - - [27/Aug/2026 07:23:45] "GET /api/data/stock-info?symbol=BBCA HTTP/1.1" 200 -
2026-08-27 07:23:45,807 | INFO | werkzeug | 172.18.0.1 - - [27/Aug/2026 07:23:45] "GET /api/data/technical?symbol=BBCA HTTP/1.1" 200 -
2026-08-27 07:23:45,808 | INFO | werkzeug | 172.18.0.1 - - [27/Aug/2026 07:23:45] "GET /api/diagnostic/results?symbol=BBCA HTTP/1.1" 200 -
2026-08-27 07:23:45,816 | INFO | werkzeug | 172.18.0.1 - - [27/Aug/2026 07:23:45] "GET /api/prescriptive/results?symbol=BBCA HTTP/1.1" 200 -
2026-08-27 07:23:45,825 | INFO | werkzeug | 172.18.0.1 - - [27/Aug/2026 07:23:45] "GET /api/data/ohlc?symbol=BBCA HTTP/1.1" 200 -
2026-08-27 07:23:45,830 | INFO | werkzeug | 172.18.0.1 - - [27/Aug/2026 07:23:45] "GET /api/data/forecast?symbol=BBCA HTTP/1.1" 200 -
2026-08-27 07:23:50,738 | INFO | werkzeug | 172.18.0.1 - - [27/Aug/2026 07:23:50] "OPTIONS /admin/users HTTP/1.1" 200 -
2026-08-27 07:23:50,743 | INFO | werkzeug | 172.18.0.1 - - [27/Aug/2026 07:23:50] "OPTIONS /admin/activity HTTP/1.1" 200 -
2026-08-27 07:23:50,786 | INFO | werkzeug | 172.18.0.1 - - [27/Aug/2026 07:23:50] "GET /admin/users HTTP/1.1" 200 -
2026-08-27 07:23:50,795 | INFO | werkzeug | 172.18.0.1 - - [27/Aug/2026 07:23:50] "GET /admin/activity HTTP/1.1" 200 -
2026-08-27 07:23:55,735 | INFO | werkzeug | 172.18.0.1 - - [27/Aug/2026 07:23:55] "GET /admin/users HTTP/1.1" 200 -
2026-08-27 07:23:55,742 | INFO | werkzeug | 172.18.0.1 - - [27/Aug/2026 07:23:55] "GET /admin/activity HTTP/1.1" 200 -
2026-08-27 07:24:05,262 | INFO | werkzeug | 172.18.0.1 - - [27/Aug/2026 07:24:05] "OPTIONS /admin/users HTTP/1.1" 200 -
2026-08-27 07:24:05,267 | INFO | werkzeug | 172.18.0.1 - - [27/Aug/2026 07:24:05] "OPTIONS /admin/activity HTTP/1.1" 200 -
2026-08-27 07:24:05,374 | INFO | werkzeug | 172.18.0.1 - - [27/Aug/2026 07:24:05] "GET /admin/users HTTP/1.1" 200 -
2026-08-27 07:24:05,384 | INFO | werkzeug | 172.18.0.1 - - [27/Aug/2026 07:24:05] "GET /admin/activity HTTP/1.1" 200 -
2026-08-27 07:24:10,290 | INFO | werkzeug | 172.18.0.1 - - [27/Aug/2026 07:24:10] "GET /admin/users HTTP/1.1" 200 -
2026-08-27 07:24:10,297 | INFO | werkzeug | 172.18.0.1 - - [27/Aug/2026 07:24:10] "GET /admin/activity HTTP/1.1" 200 -
2026-08-27 07:24:15,244 | INFO | werkzeug | 172.18.0.1 - - [27/Aug/2026 07:24:15] "OPTIONS /admin/users HTTP/1.1" 200 -
2026-08-27 07:24:15,244 | INFO | werkzeug | 172.18.0.1 - - [27/Aug/2026 07:24:15] "OPTIONS /admin/activity HTTP/1.1" 200 -
2026-08-27 07:24:15,282 | INFO | werkzeug | 172.18.0.1 - - [27/Aug/2026 07:24:15] "GET /admin/users HTTP/1.1" 200 -
2026-08-27 07:24:15,291 | INFO | werkzeug | 172.18.0.1 - - [27/Aug/2026 07:24:15] "GET /admin/activity HTTP/1.1" 200 -
2026-08-27 07:24:20,285 | INFO | werkzeug | 172.18.0.1 - - [27/Aug/2026 07:24:20] "GET /admin/users HTTP/1.1" 200 -
2026-08-27 07:24:20,294 | INFO | werkzeug | 172.18.0.1 - - [27/Aug/2026 07:24:20] "GET /admin/activity HTTP/1.1" 200 -
2026-08-27 07:24:25,244 | INFO | werkzeug | 172.18.0.1 - - [27/Aug/2026 07:24:25] "OPTIONS /admin/users HTTP/1.1" 200 -
2026-08-27 07:24:25,246 | INFO | werkzeug | 172.18.0.1 - - [27/Aug/2026 07:24:25] "OPTIONS /admin/activity HTTP/1.1" 200 -
2026-08-27 07:24:25,278 | INFO | werkzeug | 172.18.0.1 - - [27/Aug/2026 07:24:25] "GET /admin/users HTTP/1.1" 200 -
2026-08-27 07:24:25,286 | INFO | werkzeug | 172.18.0.1 - - [27/Aug/2026 07:24:25] "GET /admin/activity HTTP/1.1" 200 -
2026-08-27 07:24:30,278 | INFO | werkzeug | 172.18.0.1 - - [27/Aug/2026 07:24:30] "GET /admin/users HTTP/1.1" 200 -
2026-08-27 07:24:30,287 | INFO | werkzeug | 172.18.0.1 - - [27/Aug/2026 07:24:30] "GET /admin/activity HTTP/1.1" 200 -
2026-08-27 07:24:35,243 | INFO | werkzeug | 172.18.0.1 - - [27/Aug/2026 07:24:35] "OPTIONS /admin/users HTTP/1.1" 200 -
2026-08-27 07:24:35,244 | INFO | werkzeug | 172.18.0.1 - - [27/Aug/2026 07:24:35] "OPTIONS /admin/activity HTTP/1.1" 200 -
2026-08-27 07:24:35,273 | INFO | werkzeug | 172.18.0.1 - - [27/Aug/2026 07:24:35] "GET /admin/users HTTP/1.1" 200 -
2026-08-27 07:24:35,281 | INFO | werkzeug | 172.18.0.1 - - [27/Aug/2026 07:24:35] "GET /admin/activity HTTP/1.1" 200 -
2026-08-27 07:24:40,278 | INFO | werkzeug | 172.18.0.1 - - [27/Aug/2026 07:24:40] "GET /admin/users HTTP/1.1" 200 -
2026-08-27 07:24:40,286 | INFO | werkzeug | 172.18.0.1 - - [27/Aug/2026 07:24:40] "GET /admin/activity HTTP/1.1" 200 -
2026-08-27 07:24:45,239 | INFO | werkzeug | 172.18.0.1 - - [27/Aug/2026 07:24:45] "OPTIONS /admin/users HTTP/1.1" 200 -
2026-08-27 07:24:45,239 | INFO | werkzeug | 172.18.0.1 - - [27/Aug/2026 07:24:45] "OPTIONS /admin/activity HTTP/1.1" 200 -
2026-08-27 07:24:45,273 | INFO | werkzeug | 172.18.0.1 - - [27/Aug/2026 07:24:45] "GET /admin/users HTTP/1.1" 200 -
2026-08-27 07:24:45,281 | INFO | werkzeug | 172.18.0.1 - - [27/Aug/2026 07:24:45] "GET /admin/activity HTTP/1.1" 200 -
2026-08-27 07:24:50,271 | INFO | werkzeug | 172.18.0.1 - - [27/Aug/2026 07:24:50] "GET /admin/users HTTP/1.1" 200 -
2026-08-27 07:24:50,278 | INFO | werkzeug | 172.18.0.1 - - [27/Aug/2026 07:24:50] "GET /admin/activity HTTP/1.1" 200 -
2026-08-27 07:24:55,242 | INFO | werkzeug | 172.18.0.1 - - [27/Aug/2026 07:24:55] "OPTIONS /admin/users HTTP/1.1" 200 -
2026-08-27 07:24:55,243 | INFO | werkzeug | 172.18.0.1 - - [27/Aug/2026 07:24:55] "OPTIONS /admin/activity HTTP/1.1" 200 -
2026-08-27 07:24:55,275 | INFO | werkzeug | 172.18.0.1 - - [27/Aug/2026 07:24:55] "GET /admin/users HTTP/1.1" 200 -
2026-08-27 07:24:55,283 | INFO | werkzeug | 172.18.0.1 - - [27/Aug/2026 07:24:55] "GET /admin/activity HTTP/1.1" 200 -
2026-08-27 07:25:00,267 | INFO | werkzeug | 172.18.0.1 - - [27/Aug/2026 07:25:00] "GET /admin/users HTTP/1.1" 200 -
2026-08-27 07:25:00,274 | INFO | werkzeug | 172.18.0.1 - - [27/Aug/2026 07:25:00] "GET /admin/activity HTTP/1.1" 200 -
2026-08-27 07:25:05,260 | INFO | werkzeug | 172.18.0.1 - - [27/Aug/2026 07:25:05] "OPTIONS /admin/users HTTP/1.1" 200 -
2026-08-27 07:25:05,264 | INFO | werkzeug | 172.18.0.1 - - [27/Aug/2026 07:25:05] "OPTIONS /admin/activity HTTP/1.1" 200 -
2026-08-27 07:25:05,313 | INFO | werkzeug | 172.18.0.1 - - [27/Aug/2026 07:25:05] "GET /admin/users HTTP/1.1" 200 -
2026-08-27 07:25:05,322 | INFO | werkzeug | 172.18.0.1 - - [27/Aug/2026 07:25:05] "GET /admin/activity HTTP/1.1" 200 -
2026-08-27 07:25:10,269 | INFO | werkzeug | 172.18.0.1 - - [27/Aug/2026 07:25:10] "GET /admin/users HTTP/1.1" 200 -
2026-08-27 07:25:10,277 | INFO | werkzeug | 172.18.0.1 - - [27/Aug/2026 07:25:10] "GET /admin/activity HTTP/1.1" 200 -
2026-08-27 07:25:15,264 | INFO | werkzeug | 172.18.0.1 - - [27/Aug/2026 07:25:15] "OPTIONS /admin/users HTTP/1.1" 200 -
2026-08-27 07:25:15,268 | INFO | werkzeug | 172.18.0.1 - - [27/Aug/2026 07:25:15] "OPTIONS /admin/activity HTTP/1.1" 200 -
2026-08-27 07:25:15,360 | INFO | werkzeug | 172.18.0.1 - - [27/Aug/2026 07:25:15] "GET /admin/users HTTP/1.1" 200 -
2026-08-27 07:25:15,369 | INFO | werkzeug | 172.18.0.1 - - [27/Aug/2026 07:25:15] "GET /admin/activity HTTP/1.1" 200 -
2026-08-27 07:25:20,268 | INFO | werkzeug | 172.18.0.1 - - [27/Aug/2026 07:25:20] "GET /admin/users HTTP/1.1" 200 -
2026-08-27 07:25:20,276 | INFO | werkzeug | 172.18.0.1 - - [27/Aug/2026 07:25:20] "GET /admin/activity HTTP/1.1" 200 -
2026-08-27 07:25:25,242 | INFO | werkzeug | 172.18.0.1 - - [27/Aug/2026 07:25:25] "OPTIONS /admin/users HTTP/1.1" 200 -
2026-08-27 07:25:25,243 | INFO | werkzeug | 172.18.0.1 - - [27/Aug/2026 07:25:25] "OPTIONS /admin/activity HTTP/1.1" 200 -
2026-08-27 07:25:25,292 | INFO | werkzeug | 172.18.0.1 - - [27/Aug/2026 07:25:25] "GET /admin/users HTTP/1.1" 200 -
2026-08-27 07:25:25,325 | INFO | werkzeug | 172.18.0.1 - - [27/Aug/2026 07:25:25] "GET /admin/activity HTTP/1.1" 200 -
2026-08-27 07:25:30,293 | INFO | werkzeug | 172.18.0.1 - - [27/Aug/2026 07:25:30] "GET /admin/users HTTP/1.1" 200 -
2026-08-27 07:25:30,301 | INFO | werkzeug | 172.18.0.1 - - [27/Aug/2026 07:25:30] "GET /admin/activity HTTP/1.1" 200 -
2026-08-27 07:25:35,261 | INFO | werkzeug | 172.18.0.1 - - [27/Aug/2026 07:25:35] "OPTIONS /admin/users HTTP/1.1" 200 -
2026-08-27 07:25:35,270 | INFO | werkzeug | 172.18.0.1 - - [27/Aug/2026 07:25:35] "OPTIONS /admin/activity HTTP/1.1" 200 -
2026-08-27 07:25:35,381 | INFO | werkzeug | 172.18.0.1 - - [27/Aug/2026 07:25:35] "GET /admin/users HTTP/1.1" 200 -
2026-08-27 07:25:35,389 | INFO | werkzeug | 172.18.0.1 - - [27/Aug/2026 07:25:35] "GET /admin/activity HTTP/1.1" 200 -
2026-08-27 07:25:40,260 | INFO | werkzeug | 172.18.0.1 - - [27/Aug/2026 07:25:40] "GET /admin/users HTTP/1.1" 200 -
2026-08-27 07:25:40,268 | INFO | werkzeug | 172.18.0.1 - - [27/Aug/2026 07:25:40] "GET /admin/activity HTTP/1.1" 200 -
2026-08-27 07:25:45,235 | INFO | werkzeug | 172.18.0.1 - - [27/Aug/2026 07:25:45] "OPTIONS /admin/users HTTP/1.1" 200 -
2026-08-27 07:25:45,236 | INFO | werkzeug | 172.18.0.1 - - [27/Aug/2026 07:25:45] "OPTIONS /admin/activity HTTP/1.1" 200 -
2026-08-27 07:25:45,283 | INFO | werkzeug | 172.18.0.1 - - [27/Aug/2026 07:25:45] "GET /admin/users HTTP/1.1" 200 -
2026-08-27 07:25:45,290 | INFO | werkzeug | 172.18.0.1 - - [27/Aug/2026 07:25:45] "GET /admin/activity HTTP/1.1" 200 -
2026-08-27 07:25:50,269 | INFO | werkzeug | 172.18.0.1 - - [27/Aug/2026 07:25:50] "GET /admin/users HTTP/1.1" 200 -
2026-08-27 07:25:50,276 | INFO | werkzeug | 172.18.0.1 - - [27/Aug/2026 07:25:50] "GET /admin/activity HTTP/1.1" 200 -
2026-08-27 07:26:01,122 | INFO | werkzeug | 172.18.0.1 - - [27/Aug/2026 07:26:01] "OPTIONS /admin/users HTTP/1.1" 200 -
2026-08-27 07:26:01,123 | INFO | werkzeug | 172.18.0.1 - - [27/Aug/2026 07:26:01] "OPTIONS /admin/activity HTTP/1.1" 200 -
2026-08-27 07:26:01,154 | INFO | werkzeug | 172.18.0.1 - - [27/Aug/2026 07:26:01] "GET /admin/users HTTP/1.1" 200 -
2026-08-27 07:26:01,161 | INFO | werkzeug | 172.18.0.1 - - [27/Aug/2026 07:26:01] "GET /admin/activity HTTP/1.1" 200 -
2026-08-27 07:26:04,266 | INFO | werkzeug | 172.18.0.1 - - [27/Aug/2026 07:26:04] "GET /api/data/ohlc?symbol=BBCA HTTP/1.1" 200 -
2026-08-27 07:26:04,294 | INFO | werkzeug | 172.18.0.1 - - [27/Aug/2026 07:26:04] "GET /api/data/ohlc?symbol=TLKM HTTP/1.1" 200 -
2026-08-27 07:26:04,295 | INFO | werkzeug | 172.18.0.1 - - [27/Aug/2026 07:26:04] "GET /api/data/ohlc?symbol=BJBR HTTP/1.1" 200 -
2026-08-27 07:26:04,296 | INFO | werkzeug | 172.18.0.1 - - [27/Aug/2026 07:26:04] "GET /api/data/ohlc?symbol=BBNI HTTP/1.1" 200 -
2026-08-27 07:26:04,308 | INFO | werkzeug | 172.18.0.1 - - [27/Aug/2026 07:26:04] "GET /api/data/ohlc?symbol=BBRI HTTP/1.1" 200 -
2026-08-27 07:26:04,309 | INFO | werkzeug | 172.18.0.1 - - [27/Aug/2026 07:26:04] "GET /api/data/ohlc?symbol=BMRI HTTP/1.1" 200 -
2026-08-27 07:26:04,341 | INFO | werkzeug | 172.18.0.1 - - [27/Aug/2026 07:26:04] "GET /api/data/ohlc?symbol=ASII HTTP/1.1" 200 -
2026-08-27 07:26:04,341 | INFO | werkzeug | 172.18.0.1 - - [27/Aug/2026 07:26:04] "GET /api/data/ohlc?symbol=ANTM HTTP/1.1" 200 -
2026-08-27 07:26:04,352 | INFO | werkzeug | 172.18.0.1 - - [27/Aug/2026 07:26:04] "GET /api/data/ohlc?symbol=GOTO HTTP/1.1" 200 -
2026-08-27 07:26:06,624 | INFO | werkzeug | 172.18.0.1 - - [27/Aug/2026 07:26:06] "GET /api/data/ohlc?symbol=BBCA HTTP/1.1" 200 -
2026-08-27 07:26:06,630 | INFO | werkzeug | 172.18.0.1 - - [27/Aug/2026 07:26:06] "GET /api/data/ohlc?symbol=BBNI HTTP/1.1" 200 -
2026-08-27 07:26:06,646 | INFO | werkzeug | 172.18.0.1 - - [27/Aug/2026 07:26:06] "GET /api/data/ohlc?symbol=BBRI HTTP/1.1" 200 -
2026-08-27 07:26:06,652 | INFO | werkzeug | 172.18.0.1 - - [27/Aug/2026 07:26:06] "GET /api/data/ohlc?symbol=BJBR HTTP/1.1" 200 -
2026-08-27 07:26:06,653 | INFO | werkzeug | 172.18.0.1 - - [27/Aug/2026 07:26:06] "GET /api/data/ohlc?symbol=TLKM HTTP/1.1" 200 -
2026-08-27 07:26:06,662 | INFO | werkzeug | 172.18.0.1 - - [27/Aug/2026 07:26:06] "GET /api/data/ohlc?symbol=BMRI HTTP/1.1" 200 -
2026-08-27 07:26:06,692 | INFO | werkzeug | 172.18.0.1 - - [27/Aug/2026 07:26:06] "GET /api/data/ohlc?symbol=ANTM HTTP/1.1" 200 -
2026-08-27 07:26:06,705 | INFO | werkzeug | 172.18.0.1 - - [27/Aug/2026 07:26:06] "GET /api/data/ohlc?symbol=GOTO HTTP/1.1" 200 -
2026-08-27 07:26:06,706 | INFO | werkzeug | 172.18.0.1 - - [27/Aug/2026 07:26:06] "GET /api/data/ohlc?symbol=ASII HTTP/1.1" 200 -
2026-08-27 07:28:16,284 | INFO | werkzeug | 172.18.0.1 - - [27/Aug/2026 07:28:16] "OPTIONS /users/login HTTP/1.1" 200 -
2026-08-27 07:28:16,547 | INFO | werkzeug | 172.18.0.1 - - [27/Aug/2026 07:28:16] "POST /users/login HTTP/1.1" 200 -
2026-08-27 07:28:16,591 | INFO | werkzeug | 172.18.0.1 - - [27/Aug/2026 07:28:16] "GET /users/1/watchlists HTTP/1.1" 200 -
2026-08-27 07:28:16,682 | INFO | werkzeug | 172.18.0.1 - - [27/Aug/2026 07:28:16] "GET /api/data/ohlc?symbol=BBRI HTTP/1.1" 200 -
2026-08-27 07:28:16,688 | INFO | werkzeug | 172.18.0.1 - - [27/Aug/2026 07:28:16] "GET /api/data/ohlc?symbol=BBCA HTTP/1.1" 200 -
2026-08-27 07:28:16,688 | INFO | werkzeug | 172.18.0.1 - - [27/Aug/2026 07:28:16] "GET /api/data/ohlc?symbol=BBNI HTTP/1.1" 200 -
2026-08-27 07:28:16,689 | INFO | werkzeug | 172.18.0.1 - - [27/Aug/2026 07:28:16] "GET /api/data/stock-info?symbol=BBNI HTTP/1.1" 200 -
2026-08-27 07:28:16,694 | INFO | werkzeug | 172.18.0.1 - - [27/Aug/2026 07:28:16] "GET /api/data/stock-info?symbol=BBCA HTTP/1.1" 200 -
2026-08-27 07:28:16,694 | INFO | werkzeug | 172.18.0.1 - - [27/Aug/2026 07:28:16] "GET /api/data/stock-info?symbol=BBRI HTTP/1.1" 200 -
2026-08-27 07:28:16,718 | INFO | werkzeug | 172.18.0.1 - - [27/Aug/2026 07:28:16] "GET /api/data/ohlc?symbol=BMRI HTTP/1.1" 200 -
2026-08-27 07:28:16,722 | INFO | werkzeug | 172.18.0.1 - - [27/Aug/2026 07:28:16] "GET /api/data/stock-info?symbol=BMRI HTTP/1.1" 200 -
2026-08-27 07:28:16,731 | INFO | werkzeug | 172.18.0.1 - - [27/Aug/2026 07:28:16] "GET /api/data/ohlc?symbol=BJBR HTTP/1.1" 200 -
2026-08-27 07:28:16,732 | INFO | werkzeug | 172.18.0.1 - - [27/Aug/2026 07:28:16] "GET /api/data/stock-info?symbol=BJBR HTTP/1.1" 200 -
2026-08-27 07:28:24,640 | INFO | werkzeug | 172.18.0.1 - - [27/Aug/2026 07:28:24] "GET /api/data/ohlc?symbol=TLKM HTTP/1.1" 200 -
2026-08-27 07:28:24,645 | INFO | werkzeug | 172.18.0.1 - - [27/Aug/2026 07:28:24] "GET /api/data/ohlc?symbol=BBCA HTTP/1.1" 200 -
2026-08-27 07:28:24,645 | INFO | werkzeug | 172.18.0.1 - - [27/Aug/2026 07:28:24] "GET /api/data/ohlc?symbol=PTBA HTTP/1.1" 200 -
2026-08-27 07:28:24,651 | INFO | werkzeug | 172.18.0.1 - - [27/Aug/2026 07:28:24] "GET /api/data/ohlc?symbol=BBRI HTTP/1.1" 200 -
2026-08-27 07:28:24,652 | INFO | werkzeug | 172.18.0.1 - - [27/Aug/2026 07:28:24] "GET /api/data/ohlc?symbol=ANTM HTTP/1.1" 200 -
2026-08-27 07:28:24,659 | INFO | werkzeug | 172.18.0.1 - - [27/Aug/2026 07:28:24] "GET /api/data/ohlc?symbol=BMRI HTTP/1.1" 200 -
2026-08-27 07:28:24,689 | INFO | werkzeug | 172.18.0.1 - - [27/Aug/2026 07:28:24] "GET /api/data/ohlc?symbol=NSSS HTTP/1.1" 200 -
2026-08-27 07:28:24,696 | INFO | werkzeug | 172.18.0.1 - - [27/Aug/2026 07:28:24] "GET /api/data/ohlc?symbol=GOTO HTTP/1.1" 200 -
2026-08-27 07:28:24,701 | INFO | werkzeug | 172.18.0.1 - - [27/Aug/2026 07:28:24] "GET /api/data/majorholder?symbol=BBNI HTTP/1.1" 200 -
2026-08-27 07:28:24,704 | INFO | werkzeug | 172.18.0.1 - - [27/Aug/2026 07:28:24] "GET /api/data/broker-activity?symbol=BBNI HTTP/1.1" 200 -
2026-08-27 07:28:24,719 | INFO | werkzeug | 172.18.0.1 - - [27/Aug/2026 07:28:24] "GET /api/data/ohlc?symbol=BBNI HTTP/1.1" 200 -
2026-08-27 07:28:24,720 | INFO | werkzeug | 172.18.0.1 - - [27/Aug/2026 07:28:24] "GET /api/data/stock-info?symbol=BBNI HTTP/1.1" 200 -
2026-08-27 07:28:24,752 | INFO | werkzeug | 172.18.0.1 - - [27/Aug/2026 07:28:24] "GET /api/data/technical?symbol=BBNI HTTP/1.1" 200 -
2026-08-27 07:28:24,752 | INFO | werkzeug | 172.18.0.1 - - [27/Aug/2026 07:28:24] "GET /api/diagnostic/results?symbol=BBNI HTTP/1.1" 200 -
2026-08-27 07:28:24,753 | INFO | werkzeug | 172.18.0.1 - - [27/Aug/2026 07:28:24] "GET /api/prescriptive/results?symbol=BBNI HTTP/1.1" 200 -
2026-08-27 07:28:24,776 | INFO | werkzeug | 172.18.0.1 - - [27/Aug/2026 07:28:24] "GET /api/data/forecast?symbol=BBNI HTTP/1.1" 200 -
2026-08-27 07:28:28,409 | INFO | werkzeug | 172.18.0.1 - - [27/Aug/2026 07:28:28] "GET /api/data/ohlc?symbol=BBCA HTTP/1.1" 200 -
2026-08-27 07:28:28,415 | INFO | werkzeug | 172.18.0.1 - - [27/Aug/2026 07:28:28] "GET /api/data/ohlc?symbol=BBNI HTTP/1.1" 200 -
2026-08-27 07:28:28,439 | INFO | werkzeug | 172.18.0.1 - - [27/Aug/2026 07:28:28] "GET /api/data/ohlc?symbol=BJBR HTTP/1.1" 200 -
2026-08-27 07:28:28,444 | INFO | werkzeug | 172.18.0.1 - - [27/Aug/2026 07:28:28] "GET /api/data/ohlc?symbol=BBRI HTTP/1.1" 200 -
2026-08-27 07:28:28,444 | INFO | werkzeug | 172.18.0.1 - - [27/Aug/2026 07:28:28] "GET /api/data/ohlc?symbol=TLKM HTTP/1.1" 200 -
2026-08-27 07:28:28,446 | INFO | werkzeug | 172.18.0.1 - - [27/Aug/2026 07:28:28] "GET /api/data/ohlc?symbol=BMRI HTTP/1.1" 200 -
2026-08-27 07:28:28,467 | INFO | werkzeug | 172.18.0.1 - - [27/Aug/2026 07:28:28] "GET /api/data/ohlc?symbol=ASII HTTP/1.1" 200 -
2026-08-27 07:28:28,481 | INFO | werkzeug | 172.18.0.1 - - [27/Aug/2026 07:28:28] "GET /api/data/ohlc?symbol=GOTO HTTP/1.1" 200 -
2026-08-27 07:28:28,482 | INFO | werkzeug | 172.18.0.1 - - [27/Aug/2026 07:28:28] "GET /api/data/ohlc?symbol=ANTM HTTP/1.1" 200 -
2026-08-27 07:28:30,345 | INFO | werkzeug | 172.18.0.1 - - [27/Aug/2026 07:28:30] "GET /api/data/ohlc?symbol=BBRI HTTP/1.1" 200 -
2026-08-27 07:28:30,352 | INFO | werkzeug | 172.18.0.1 - - [27/Aug/2026 07:28:30] "GET /api/data/ohlc?symbol=BJBR HTTP/1.1" 200 -
2026-08-27 07:28:30,354 | INFO | werkzeug | 172.18.0.1 - - [27/Aug/2026 07:28:30] "GET /api/data/ohlc?symbol=TLKM HTTP/1.1" 200 -
2026-08-27 07:28:30,355 | INFO | werkzeug | 172.18.0.1 - - [27/Aug/2026 07:28:30] "GET /api/data/ohlc?symbol=BBCA HTTP/1.1" 200 -
2026-08-27 07:28:30,361 | INFO | werkzeug | 172.18.0.1 - - [27/Aug/2026 07:28:30] "GET /api/data/ohlc?symbol=BBNI HTTP/1.1" 200 -
2026-08-27 07:28:30,366 | INFO | werkzeug | 172.18.0.1 - - [27/Aug/2026 07:28:30] "GET /api/data/ohlc?symbol=BMRI HTTP/1.1" 200 -
2026-08-27 07:28:30,402 | INFO | werkzeug | 172.18.0.1 - - [27/Aug/2026 07:28:30] "GET /api/data/ohlc?symbol=ASII HTTP/1.1" 200 -
2026-08-27 07:28:30,408 | INFO | werkzeug | 172.18.0.1 - - [27/Aug/2026 07:28:30] "GET /api/data/ohlc?symbol=GOTO HTTP/1.1" 200 -
2026-08-27 07:28:30,414 | INFO | werkzeug | 172.18.0.1 - - [27/Aug/2026 07:28:30] "GET /api/data/ohlc?symbol=ANTM HTTP/1.1" 200 -
2026-08-27 07:31:12,351 | INFO | werkzeug | 172.18.0.1 - - [27/Aug/2026 07:31:12] "OPTIONS /users/login HTTP/1.1" 200 -
2026-08-27 07:31:12,588 | INFO | werkzeug | 172.18.0.1 - - [27/Aug/2026 07:31:12] "POST /users/login HTTP/1.1" 200 -
2026-08-27 07:31:12,626 | INFO | werkzeug | 172.18.0.1 - - [27/Aug/2026 07:31:12] "GET /users/1/watchlists HTTP/1.1" 200 -
2026-08-27 07:31:12,728 | INFO | werkzeug | 172.18.0.1 - - [27/Aug/2026 07:31:12] "GET /api/data/ohlc?symbol=BBCA HTTP/1.1" 200 -
2026-08-27 07:31:12,739 | INFO | werkzeug | 172.18.0.1 - - [27/Aug/2026 07:31:12] "GET /api/data/ohlc?symbol=BBNI HTTP/1.1" 200 -
2026-08-27 07:31:12,747 | INFO | werkzeug | 172.18.0.1 - - [27/Aug/2026 07:31:12] "GET /api/data/ohlc?symbol=BBRI HTTP/1.1" 200 -
2026-08-27 07:31:12,747 | INFO | werkzeug | 172.18.0.1 - - [27/Aug/2026 07:31:12] "GET /api/data/stock-info?symbol=BBCA HTTP/1.1" 200 -
2026-08-27 07:31:12,752 | INFO | werkzeug | 172.18.0.1 - - [27/Aug/2026 07:31:12] "GET /api/data/stock-info?symbol=BBRI HTTP/1.1" 200 -
2026-08-27 07:31:12,753 | INFO | werkzeug | 172.18.0.1 - - [27/Aug/2026 07:31:12] "GET /api/data/stock-info?symbol=BBNI HTTP/1.1" 200 -
2026-08-27 07:31:12,781 | INFO | werkzeug | 172.18.0.1 - - [27/Aug/2026 07:31:12] "GET /api/data/ohlc?symbol=BMRI HTTP/1.1" 200 -
2026-08-27 07:31:12,789 | INFO | werkzeug | 172.18.0.1 - - [27/Aug/2026 07:31:12] "GET /api/data/ohlc?symbol=BJBR HTTP/1.1" 200 -
2026-08-27 07:31:12,789 | INFO | werkzeug | 172.18.0.1 - - [27/Aug/2026 07:31:12] "GET /api/data/stock-info?symbol=BMRI HTTP/1.1" 200 -
2026-08-27 07:31:12,799 | INFO | werkzeug | 172.18.0.1 - - [27/Aug/2026 07:31:12] "GET /api/data/stock-info?symbol=BJBR HTTP/1.1" 200 -
2026-08-27 07:31:19,720 | INFO | werkzeug | 172.18.0.1 - - [27/Aug/2026 07:31:19] "OPTIONS /users/1/watchlists/3 HTTP/1.1" 200 -
2026-08-27 07:31:19,822 | INFO | werkzeug | 172.18.0.1 - - [27/Aug/2026 07:31:19] "PUT /users/1/watchlists/3 HTTP/1.1" 200 -
2026-08-27 07:31:19,831 | INFO | werkzeug | 172.18.0.1 - - [27/Aug/2026 07:31:19] "OPTIONS /users/1 HTTP/1.1" 200 -
2026-08-27 07:31:19,950 | INFO | werkzeug | 172.18.0.1 - - [27/Aug/2026 07:31:19] "PUT /users/1 HTTP/1.1" 200 -
2026-08-27 07:31:20,058 | INFO | werkzeug | 172.18.0.1 - - [27/Aug/2026 07:31:20] "GET /api/data/broker-activity?symbol=BBNI HTTP/1.1" 200 -
2026-08-27 07:31:20,058 | INFO | werkzeug | 172.18.0.1 - - [27/Aug/2026 07:31:20] "GET /api/data/ohlc?symbol=BBNI HTTP/1.1" 200 -
2026-08-27 07:31:20,066 | INFO | werkzeug | 172.18.0.1 - - [27/Aug/2026 07:31:20] "GET /api/data/ohlc?symbol=BJBR HTTP/1.1" 200 -
2026-08-27 07:31:20,068 | INFO | werkzeug | 172.18.0.1 - - [27/Aug/2026 07:31:20] "GET /api/data/majorholder?symbol=BBNI HTTP/1.1" 200 -
2026-08-27 07:31:20,078 | INFO | werkzeug | 172.18.0.1 - - [27/Aug/2026 07:31:20] "GET /api/data/ohlc?symbol=BBRI HTTP/1.1" 200 -
2026-08-27 07:31:20,079 | INFO | werkzeug | 172.18.0.1 - - [27/Aug/2026 07:31:20] "GET /api/data/stock-info?symbol=BBNI HTTP/1.1" 200 -
2026-08-27 07:31:20,111 | INFO | werkzeug | 172.18.0.1 - - [27/Aug/2026 07:31:20] "GET /api/data/technical?symbol=BBNI HTTP/1.1" 200 -
2026-08-27 07:31:20,117 | INFO | werkzeug | 172.18.0.1 - - [27/Aug/2026 07:31:20] "GET /api/prescriptive/results?symbol=BBNI HTTP/1.1" 200 -
2026-08-27 07:31:20,118 | INFO | werkzeug | 172.18.0.1 - - [27/Aug/2026 07:31:20] "GET /api/diagnostic/results?symbol=BBNI HTTP/1.1" 200 -
2026-08-27 07:31:20,127 | INFO | werkzeug | 172.18.0.1 - - [27/Aug/2026 07:31:20] "GET /api/data/ohlc?symbol=BBNI HTTP/1.1" 200 -
2026-08-27 07:31:20,153 | INFO | werkzeug | 172.18.0.1 - - [27/Aug/2026 07:31:20] "GET /api/data/forecast?symbol=BBNI HTTP/1.1" 200 -
2026-08-27 07:32:31,767 | INFO | werkzeug | 172.18.0.1 - - [27/Aug/2026 07:32:31] "GET /api/data/tickers HTTP/1.1" 200 -
2026-08-27 07:32:31,795 | INFO | werkzeug | 172.18.0.1 - - [27/Aug/2026 07:32:31] "GET /users/1/watchlists HTTP/1.1" 200 -
2026-08-27 07:32:32,024 | INFO | werkzeug | 172.18.0.1 - - [27/Aug/2026 07:32:32] "GET /api/data/ohlc?symbol=BBNI HTTP/1.1" 200 -
2026-08-27 07:32:32,025 | INFO | werkzeug | 172.18.0.1 - - [27/Aug/2026 07:32:32] "GET /api/data/ohlc?symbol=BBRI HTTP/1.1" 200 -
2026-08-27 07:32:32,030 | INFO | werkzeug | 172.18.0.1 - - [27/Aug/2026 07:32:32] "GET /api/data/majorholder?symbol=BBNI HTTP/1.1" 200 -
2026-08-27 07:32:32,031 | INFO | werkzeug | 172.18.0.1 - - [27/Aug/2026 07:32:32] "GET /api/data/broker-activity?symbol=BBNI HTTP/1.1" 200 -
2026-08-27 07:32:32,042 | INFO | werkzeug | 172.18.0.1 - - [27/Aug/2026 07:32:32] "GET /api/data/ohlc?symbol=BJBR HTTP/1.1" 200 -
2026-08-27 07:32:32,042 | INFO | werkzeug | 172.18.0.1 - - [27/Aug/2026 07:32:32] "GET /api/data/stock-info?symbol=BBNI HTTP/1.1" 200 -
2026-08-27 07:32:32,083 | INFO | werkzeug | 172.18.0.1 - - [27/Aug/2026 07:32:32] "GET /api/data/technical?symbol=BBNI HTTP/1.1" 200 -
2026-08-27 07:32:32,091 | INFO | werkzeug | 172.18.0.1 - - [27/Aug/2026 07:32:32] "GET /api/prescriptive/results?symbol=BBNI HTTP/1.1" 200 -
2026-08-27 07:32:32,105 | INFO | werkzeug | 172.18.0.1 - - [27/Aug/2026 07:32:32] "GET /api/data/forecast?symbol=BBNI HTTP/1.1" 200 -
2026-08-27 07:32:32,108 | INFO | werkzeug | 172.18.0.1 - - [27/Aug/2026 07:32:32] "GET /api/diagnostic/results?symbol=BBNI HTTP/1.1" 200 -
2026-08-27 07:32:32,117 | INFO | werkzeug | 172.18.0.1 - - [27/Aug/2026 07:32:32] "GET /api/data/ohlc?symbol=BBNI HTTP/1.1" 200 -
2026-08-27 07:34:24,360 | INFO | werkzeug | 172.18.0.1 - - [27/Aug/2026 07:34:24] "GET /api/data/ohlc?symbol=BBCA HTTP/1.1" 200 -
2026-08-27 07:34:24,376 | INFO | werkzeug | 172.18.0.1 - - [27/Aug/2026 07:34:24] "GET /api/data/ohlc?symbol=BJBR HTTP/1.1" 200 -
2026-08-27 07:34:24,377 | INFO | werkzeug | 172.18.0.1 - - [27/Aug/2026 07:34:24] "GET /api/data/ohlc?symbol=BBNI HTTP/1.1" 200 -
2026-08-27 07:34:24,387 | INFO | werkzeug | 172.18.0.1 - - [27/Aug/2026 07:34:24] "GET /api/data/ohlc?symbol=BBRI HTTP/1.1" 200 -
2026-08-27 07:34:24,394 | INFO | werkzeug | 172.18.0.1 - - [27/Aug/2026 07:34:24] "GET /api/data/ohlc?symbol=TLKM HTTP/1.1" 200 -
2026-08-27 07:34:24,401 | INFO | werkzeug | 172.18.0.1 - - [27/Aug/2026 07:34:24] "GET /api/data/ohlc?symbol=BMRI HTTP/1.1" 200 -
2026-08-27 07:34:24,429 | INFO | werkzeug | 172.18.0.1 - - [27/Aug/2026 07:34:24] "GET /api/data/ohlc?symbol=ASII HTTP/1.1" 200 -
2026-08-27 07:34:24,434 | INFO | werkzeug | 172.18.0.1 - - [27/Aug/2026 07:34:24] "GET /api/data/ohlc?symbol=ANTM HTTP/1.1" 200 -
2026-08-27 07:34:24,441 | INFO | werkzeug | 172.18.0.1 - - [27/Aug/2026 07:34:24] "GET /api/data/ohlc?symbol=GOTO HTTP/1.1" 200 -
2026-08-27 07:34:26,165 | INFO | werkzeug | 172.18.0.1 - - [27/Aug/2026 07:34:26] "GET /api/data/tickers HTTP/1.1" 200 -
2026-08-27 07:34:26,265 | INFO | werkzeug | 172.18.0.1 - - [27/Aug/2026 07:34:26] "GET /api/data/ohlc?symbol=BBCA HTTP/1.1" 200 -
2026-08-27 07:34:26,272 | INFO | werkzeug | 172.18.0.1 - - [27/Aug/2026 07:34:26] "GET /api/data/ohlc?symbol=BMRI HTTP/1.1" 200 -
2026-08-27 07:34:26,279 | INFO | werkzeug | 172.18.0.1 - - [27/Aug/2026 07:34:26] "GET /api/data/ohlc?symbol=BBRI HTTP/1.1" 200 -
2026-08-27 07:34:26,290 | INFO | werkzeug | 172.18.0.1 - - [27/Aug/2026 07:34:26] "GET /api/data/ohlc?symbol=BBNI HTTP/1.1" 200 -
2026-08-27 07:34:26,307 | INFO | werkzeug | 172.18.0.1 - - [27/Aug/2026 07:34:26] "GET /api/data/ohlc?symbol=BJBR HTTP/1.1" 200 -
2026-08-27 07:34:26,308 | INFO | werkzeug | 172.18.0.1 - - [27/Aug/2026 07:34:26] "GET /api/data/ohlc?symbol=TLKM HTTP/1.1" 200 -
2026-08-27 07:34:26,338 | INFO | werkzeug | 172.18.0.1 - - [27/Aug/2026 07:34:26] "GET /api/data/ohlc?symbol=ASII HTTP/1.1" 200 -
2026-08-27 07:34:26,350 | INFO | werkzeug | 172.18.0.1 - - [27/Aug/2026 07:34:26] "GET /api/data/ohlc?symbol=GOTO HTTP/1.1" 200 -
2026-08-27 07:34:26,351 | INFO | werkzeug | 172.18.0.1 - - [27/Aug/2026 07:34:26] "GET /api/data/ohlc?symbol=ANTM HTTP/1.1" 200 -
2026-08-27 07:34:27,869 | INFO | werkzeug | 172.18.0.1 - - [27/Aug/2026 07:34:27] "GET /api/data/ohlc?symbol=BBCA HTTP/1.1" 200 -
2026-08-27 07:34:27,884 | INFO | werkzeug | 172.18.0.1 - - [27/Aug/2026 07:34:27] "GET /api/data/ohlc?symbol=BBNI HTTP/1.1" 200 -
2026-08-27 07:34:27,894 | INFO | werkzeug | 172.18.0.1 - - [27/Aug/2026 07:34:27] "GET /api/data/ohlc?symbol=BBRI HTTP/1.1" 200 -
2026-08-27 07:34:27,894 | INFO | werkzeug | 172.18.0.1 - - [27/Aug/2026 07:34:27] "GET /api/data/ohlc?symbol=BJBR HTTP/1.1" 200 -
2026-08-27 07:34:27,900 | INFO | werkzeug | 172.18.0.1 - - [27/Aug/2026 07:34:27] "GET /api/data/ohlc?symbol=TLKM HTTP/1.1" 200 -
2026-08-27 07:34:27,906 | INFO | werkzeug | 172.18.0.1 - - [27/Aug/2026 07:34:27] "GET /api/data/ohlc?symbol=BMRI HTTP/1.1" 200 -
2026-08-27 07:34:27,949 | INFO | werkzeug | 172.18.0.1 - - [27/Aug/2026 07:34:27] "GET /api/data/ohlc?symbol=ASII HTTP/1.1" 200 -
2026-08-27 07:34:27,954 | INFO | werkzeug | 172.18.0.1 - - [27/Aug/2026 07:34:27] "GET /api/data/ohlc?symbol=GOTO HTTP/1.1" 200 -
2026-08-27 07:34:27,955 | INFO | werkzeug | 172.18.0.1 - - [27/Aug/2026 07:34:27] "GET /api/data/ohlc?symbol=ANTM HTTP/1.1" 200 -
2026-08-27 07:34:36,976 | INFO | werkzeug | 172.18.0.1 - - [27/Aug/2026 07:34:36] "OPTIONS /users/login HTTP/1.1" 200 -
2026-08-27 07:34:37,278 | INFO | werkzeug | 172.18.0.1 - - [27/Aug/2026 07:34:37] "POST /users/login HTTP/1.1" 200 -
2026-08-27 07:34:37,348 | INFO | werkzeug | 172.18.0.1 - - [27/Aug/2026 07:34:37] "GET /users/1/watchlists HTTP/1.1" 200 -
2026-08-27 07:34:37,441 | INFO | werkzeug | 172.18.0.1 - - [27/Aug/2026 07:34:37] "GET /api/data/ohlc?symbol=BBCA HTTP/1.1" 200 -
2026-08-27 07:34:37,450 | INFO | werkzeug | 172.18.0.1 - - [27/Aug/2026 07:34:37] "GET /api/data/ohlc?symbol=BBRI HTTP/1.1" 200 -
2026-08-27 07:34:37,451 | INFO | werkzeug | 172.18.0.1 - - [27/Aug/2026 07:34:37] "GET /api/data/stock-info?symbol=BBRI HTTP/1.1" 200 -
2026-08-27 07:34:37,451 | INFO | werkzeug | 172.18.0.1 - - [27/Aug/2026 07:34:37] "GET /api/data/stock-info?symbol=BBCA HTTP/1.1" 200 -
2026-08-27 07:34:37,469 | INFO | werkzeug | 172.18.0.1 - - [27/Aug/2026 07:34:37] "GET /api/data/ohlc?symbol=BBNI HTTP/1.1" 200 -
2026-08-27 07:34:37,473 | INFO | werkzeug | 172.18.0.1 - - [27/Aug/2026 07:34:37] "GET /api/data/stock-info?symbol=BBNI HTTP/1.1" 200 -
2026-08-27 07:34:37,486 | INFO | werkzeug | 172.18.0.1 - - [27/Aug/2026 07:34:37] "GET /api/data/stock-info?symbol=BMRI HTTP/1.1" 200 -
2026-08-27 07:34:37,501 | INFO | werkzeug | 172.18.0.1 - - [27/Aug/2026 07:34:37] "GET /api/data/ohlc?symbol=BJBR HTTP/1.1" 200 -
2026-08-27 07:34:37,502 | INFO | werkzeug | 172.18.0.1 - - [27/Aug/2026 07:34:37] "GET /api/data/ohlc?symbol=BMRI HTTP/1.1" 200 -
2026-08-27 07:34:37,508 | INFO | werkzeug | 172.18.0.1 - - [27/Aug/2026 07:34:37] "GET /api/data/stock-info?symbol=BJBR HTTP/1.1" 200 -
2026-08-27 07:34:42,839 | INFO | werkzeug | 172.18.0.1 - - [27/Aug/2026 07:34:42] "OPTIONS /users/1/watchlists/3 HTTP/1.1" 200 -
2026-08-27 07:34:43,039 | INFO | werkzeug | 172.18.0.1 - - [27/Aug/2026 07:34:43] "PUT /users/1/watchlists/3 HTTP/1.1" 200 -
2026-08-27 07:34:43,046 | INFO | werkzeug | 172.18.0.1 - - [27/Aug/2026 07:34:43] "OPTIONS /users/1 HTTP/1.1" 200 -
2026-08-27 07:34:43,163 | INFO | werkzeug | 172.18.0.1 - - [27/Aug/2026 07:34:43] "PUT /users/1 HTTP/1.1" 200 -
2026-08-27 07:34:43,282 | INFO | werkzeug | 172.18.0.1 - - [27/Aug/2026 07:34:43] "GET /api/data/ohlc?symbol=BBRI HTTP/1.1" 200 -
2026-08-27 07:34:43,298 | INFO | werkzeug | 172.18.0.1 - - [27/Aug/2026 07:34:43] "GET /api/data/ohlc?symbol=BJBR HTTP/1.1" 200 -
2026-08-27 07:34:43,298 | INFO | werkzeug | 172.18.0.1 - - [27/Aug/2026 07:34:43] "GET /api/data/ohlc?symbol=BBNI HTTP/1.1" 200 -
2026-08-27 07:34:43,299 | INFO | werkzeug | 172.18.0.1 - - [27/Aug/2026 07:34:43] "GET /api/data/broker-activity?symbol=BBNI HTTP/1.1" 200 -
2026-08-27 07:34:43,299 | INFO | werkzeug | 172.18.0.1 - - [27/Aug/2026 07:34:43] "GET /api/data/majorholder?symbol=BBNI HTTP/1.1" 200 -
2026-08-27 07:34:43,304 | INFO | werkzeug | 172.18.0.1 - - [27/Aug/2026 07:34:43] "GET /api/data/stock-info?symbol=BBNI HTTP/1.1" 200 -
2026-08-27 07:34:43,339 | INFO | werkzeug | 172.18.0.1 - - [27/Aug/2026 07:34:43] "GET /api/prescriptive/results?symbol=BBNI HTTP/1.1" 200 -
2026-08-27 07:34:43,340 | INFO | werkzeug | 172.18.0.1 - - [27/Aug/2026 07:34:43] "GET /api/diagnostic/results?symbol=BBNI HTTP/1.1" 200 -
2026-08-27 07:34:43,353 | INFO | werkzeug | 172.18.0.1 - - [27/Aug/2026 07:34:43] "GET /api/data/ohlc?symbol=BBNI HTTP/1.1" 200 -
2026-08-27 07:34:43,359 | INFO | werkzeug | 172.18.0.1 - - [27/Aug/2026 07:34:43] "GET /api/data/technical?symbol=BBNI HTTP/1.1" 200 -
2026-08-27 07:34:43,376 | INFO | werkzeug | 172.18.0.1 - - [27/Aug/2026 07:34:43] "GET /api/data/forecast?symbol=BBNI HTTP/1.1" 200 -
2026-08-27 07:35:04,058 | INFO | werkzeug | 172.18.0.1 - - [27/Aug/2026 07:35:04] "GET /api/data/ohlc?symbol=BBNI HTTP/1.1" 200 -
2026-08-27 07:35:04,068 | INFO | werkzeug | 172.18.0.1 - - [27/Aug/2026 07:35:04] "GET /api/data/ohlc?symbol=BBRI HTTP/1.1" 200 -
2026-08-27 07:35:04,073 | INFO | werkzeug | 172.18.0.1 - - [27/Aug/2026 07:35:04] "GET /api/data/ohlc?symbol=BJBR HTTP/1.1" 200 -
2026-08-27 07:35:04,090 | INFO | werkzeug | 172.18.0.1 - - [27/Aug/2026 07:35:04] "GET /api/data/ohlc?symbol=BMRI HTTP/1.1" 200 -
2026-08-27 07:35:04,090 | INFO | werkzeug | 172.18.0.1 - - [27/Aug/2026 07:35:04] "GET /api/data/ohlc?symbol=TLKM HTTP/1.1" 200 -
2026-08-27 07:35:04,090 | INFO | werkzeug | 172.18.0.1 - - [27/Aug/2026 07:35:04] "GET /api/data/ohlc?symbol=BBCA HTTP/1.1" 200 -
2026-08-27 07:35:04,117 | INFO | werkzeug | 172.18.0.1 - - [27/Aug/2026 07:35:04] "GET /api/data/ohlc?symbol=ASII HTTP/1.1" 200 -
2026-08-27 07:35:04,125 | INFO | werkzeug | 172.18.0.1 - - [27/Aug/2026 07:35:04] "GET /api/data/ohlc?symbol=GOTO HTTP/1.1" 200 -
2026-08-27 07:35:04,131 | INFO | werkzeug | 172.18.0.1 - - [27/Aug/2026 07:35:04] "GET /api/data/ohlc?symbol=ANTM HTTP/1.1" 200 -
2026-08-27 07:35:06,391 | INFO | werkzeug | 172.18.0.1 - - [27/Aug/2026 07:35:06] "GET /api/data/ohlc?symbol=BMRI HTTP/1.1" 200 -
2026-08-27 07:35:06,394 | INFO | werkzeug | 172.18.0.1 - - [27/Aug/2026 07:35:06] "GET /api/data/ohlc?symbol=BBRI HTTP/1.1" 200 -
2026-08-27 07:35:06,419 | INFO | werkzeug | 172.18.0.1 - - [27/Aug/2026 07:35:06] "GET /api/data/ohlc?symbol=BBNI HTTP/1.1" 200 -
2026-08-27 07:35:06,428 | INFO | werkzeug | 172.18.0.1 - - [27/Aug/2026 07:35:06] "GET /api/data/ohlc?symbol=BJBR HTTP/1.1" 200 -
2026-08-27 07:35:06,430 | INFO | werkzeug | 172.18.0.1 - - [27/Aug/2026 07:35:06] "GET /api/data/ohlc?symbol=TLKM HTTP/1.1" 200 -
2026-08-27 07:35:06,439 | INFO | werkzeug | 172.18.0.1 - - [27/Aug/2026 07:35:06] "GET /api/data/ohlc?symbol=BBCA HTTP/1.1" 200 -
2026-08-27 07:35:06,455 | INFO | werkzeug | 172.18.0.1 - - [27/Aug/2026 07:35:06] "GET /api/data/ohlc?symbol=ASII HTTP/1.1" 200 -
2026-08-27 07:35:06,476 | INFO | werkzeug | 172.18.0.1 - - [27/Aug/2026 07:35:06] "GET /api/data/ohlc?symbol=GOTO HTTP/1.1" 200 -
2026-08-27 07:35:06,477 | INFO | werkzeug | 172.18.0.1 - - [27/Aug/2026 07:35:06] "GET /api/data/ohlc?symbol=ANTM HTTP/1.1" 200 -
2026-08-27 07:35:13,898 | INFO | werkzeug | 172.18.0.1 - - [27/Aug/2026 07:35:13] "OPTIONS /users/login HTTP/1.1" 200 -
2026-08-27 07:35:14,190 | INFO | werkzeug | 172.18.0.1 - - [27/Aug/2026 07:35:14] "POST /users/login HTTP/1.1" 200 -
2026-08-27 07:35:14,231 | INFO | werkzeug | 172.18.0.1 - - [27/Aug/2026 07:35:14] "GET /users/2/watchlists HTTP/1.1" 200 -
2026-08-27 07:35:14,319 | INFO | werkzeug | 172.18.0.1 - - [27/Aug/2026 07:35:14] "GET /api/data/ohlc?symbol=BBCA HTTP/1.1" 200 -
2026-08-27 07:35:14,321 | INFO | werkzeug | 172.18.0.1 - - [27/Aug/2026 07:35:14] "GET /api/data/ohlc?symbol=BMRI HTTP/1.1" 200 -
2026-08-27 07:35:14,338 | INFO | werkzeug | 172.18.0.1 - - [27/Aug/2026 07:35:14] "GET /api/data/ohlc?symbol=BJBR HTTP/1.1" 200 -
2026-08-27 07:35:14,339 | INFO | werkzeug | 172.18.0.1 - - [27/Aug/2026 07:35:14] "GET /api/data/ohlc?symbol=BBNI HTTP/1.1" 200 -
2026-08-27 07:35:14,352 | INFO | werkzeug | 172.18.0.1 - - [27/Aug/2026 07:35:14] "GET /api/data/ohlc?symbol=BBRI HTTP/1.1" 200 -
2026-08-27 07:35:14,354 | INFO | werkzeug | 172.18.0.1 - - [27/Aug/2026 07:35:14] "GET /api/data/ohlc?symbol=TLKM HTTP/1.1" 200 -
2026-08-27 07:35:14,395 | INFO | werkzeug | 172.18.0.1 - - [27/Aug/2026 07:35:14] "GET /api/data/ohlc?symbol=ASII HTTP/1.1" 200 -
2026-08-27 07:35:14,396 | INFO | werkzeug | 172.18.0.1 - - [27/Aug/2026 07:35:14] "GET /api/data/ohlc?symbol=ANTM HTTP/1.1" 200 -
2026-08-27 07:35:14,401 | INFO | werkzeug | 172.18.0.1 - - [27/Aug/2026 07:35:14] "GET /api/data/majorholder?symbol=BBCA HTTP/1.1" 200 -
2026-08-27 07:35:14,402 | INFO | werkzeug | 172.18.0.1 - - [27/Aug/2026 07:35:14] "GET /api/data/broker-activity?symbol=BBCA HTTP/1.1" 200 -
2026-08-27 07:35:14,408 | INFO | werkzeug | 172.18.0.1 - - [27/Aug/2026 07:35:14] "GET /api/data/ohlc?symbol=GOTO HTTP/1.1" 200 -
2026-08-27 07:35:14,413 | INFO | werkzeug | 172.18.0.1 - - [27/Aug/2026 07:35:14] "GET /api/data/stock-info?symbol=BBCA HTTP/1.1" 200 -
2026-08-27 07:35:14,495 | INFO | werkzeug | 172.18.0.1 - - [27/Aug/2026 07:35:14] "GET /api/data/technical?symbol=BBCA HTTP/1.1" 200 -
2026-08-27 07:35:14,500 | INFO | werkzeug | 172.18.0.1 - - [27/Aug/2026 07:35:14] "GET /api/data/forecast?symbol=BBCA HTTP/1.1" 200 -
2026-08-27 07:35:14,502 | INFO | werkzeug | 172.18.0.1 - - [27/Aug/2026 07:35:14] "GET /api/prescriptive/results?symbol=BBCA HTTP/1.1" 200 -
2026-08-27 07:35:14,517 | INFO | werkzeug | 172.18.0.1 - - [27/Aug/2026 07:35:14] "GET /api/diagnostic/results?symbol=BBCA HTTP/1.1" 200 -
2026-08-27 07:35:14,536 | INFO | werkzeug | 172.18.0.1 - - [27/Aug/2026 07:35:14] "GET /api/data/ohlc?symbol=BBCA HTTP/1.1" 200 -
2026-08-27 07:35:18,955 | INFO | werkzeug | 172.18.0.1 - - [27/Aug/2026 07:35:18] "OPTIONS /admin/users HTTP/1.1" 200 -
2026-08-27 07:35:18,957 | INFO | werkzeug | 172.18.0.1 - - [27/Aug/2026 07:35:18] "OPTIONS /admin/activity HTTP/1.1" 200 -
2026-08-27 07:35:19,009 | INFO | werkzeug | 172.18.0.1 - - [27/Aug/2026 07:35:19] "GET /admin/users HTTP/1.1" 200 -
2026-08-27 07:35:19,018 | INFO | werkzeug | 172.18.0.1 - - [27/Aug/2026 07:35:19] "GET /admin/activity HTTP/1.1" 200 -
2026-08-27 07:35:23,972 | INFO | werkzeug | 172.18.0.1 - - [27/Aug/2026 07:35:23] "GET /admin/users HTTP/1.1" 200 -
2026-08-27 07:35:23,991 | INFO | werkzeug | 172.18.0.1 - - [27/Aug/2026 07:35:23] "GET /admin/activity HTTP/1.1" 200 -
2026-08-27 07:35:24,044 | INFO | werkzeug | 172.18.0.1 - - [27/Aug/2026 07:35:24] "GET /api/data/ohlc?symbol=BBCA HTTP/1.1" 200 -
2026-08-27 07:35:24,079 | INFO | werkzeug | 172.18.0.1 - - [27/Aug/2026 07:35:24] "GET /api/data/ohlc?symbol=BBNI HTTP/1.1" 200 -
2026-08-27 07:35:24,085 | INFO | werkzeug | 172.18.0.1 - - [27/Aug/2026 07:35:24] "GET /api/data/ohlc?symbol=BBRI HTTP/1.1" 200 -
2026-08-27 07:35:24,086 | INFO | werkzeug | 172.18.0.1 - - [27/Aug/2026 07:35:24] "GET /api/data/ohlc?symbol=BJBR HTTP/1.1" 200 -
2026-08-27 07:35:24,086 | INFO | werkzeug | 172.18.0.1 - - [27/Aug/2026 07:35:24] "GET /api/data/ohlc?symbol=TLKM HTTP/1.1" 200 -
2026-08-27 07:35:24,087 | INFO | werkzeug | 172.18.0.1 - - [27/Aug/2026 07:35:24] "GET /api/data/ohlc?symbol=BMRI HTTP/1.1" 200 -
2026-08-27 07:35:24,117 | INFO | werkzeug | 172.18.0.1 - - [27/Aug/2026 07:35:24] "GET /api/data/ohlc?symbol=ASII HTTP/1.1" 200 -
2026-08-27 07:35:24,126 | INFO | werkzeug | 172.18.0.1 - - [27/Aug/2026 07:35:24] "GET /api/data/ohlc?symbol=ANTM HTTP/1.1" 200 -
2026-08-27 07:35:24,131 | INFO | werkzeug | 172.18.0.1 - - [27/Aug/2026 07:35:24] "GET /api/data/ohlc?symbol=GOTO HTTP/1.1" 200 -
2026-08-27 07:35:24,132 | INFO | werkzeug | 172.18.0.1 - - [27/Aug/2026 07:35:24] "GET /api/data/broker-activity?symbol=BBCA HTTP/1.1" 200 -
2026-08-27 07:35:24,132 | INFO | werkzeug | 172.18.0.1 - - [27/Aug/2026 07:35:24] "GET /api/data/majorholder?symbol=BBCA HTTP/1.1" 200 -
2026-08-27 07:35:24,161 | INFO | werkzeug | 172.18.0.1 - - [27/Aug/2026 07:35:24] "GET /api/data/stock-info?symbol=BBCA HTTP/1.1" 200 -
2026-08-27 07:35:24,171 | INFO | werkzeug | 172.18.0.1 - - [27/Aug/2026 07:35:24] "GET /api/data/technical?symbol=BBCA HTTP/1.1" 200 -
2026-08-27 07:35:24,172 | INFO | werkzeug | 172.18.0.1 - - [27/Aug/2026 07:35:24] "GET /api/diagnostic/results?symbol=BBCA HTTP/1.1" 200 -
2026-08-27 07:35:24,179 | INFO | werkzeug | 172.18.0.1 - - [27/Aug/2026 07:35:24] "GET /api/data/ohlc?symbol=BBCA HTTP/1.1" 200 -
2026-08-27 07:35:24,180 | INFO | werkzeug | 172.18.0.1 - - [27/Aug/2026 07:35:24] "GET /api/prescriptive/results?symbol=BBCA HTTP/1.1" 200 -
2026-08-27 07:35:24,199 | INFO | werkzeug | 172.18.0.1 - - [27/Aug/2026 07:35:24] "GET /api/data/forecast?symbol=BBCA HTTP/1.1" 200 -
2026-08-27 07:35:30,728 | INFO | werkzeug | 172.18.0.1 - - [27/Aug/2026 07:35:30] "GET /crawl-status?limit=50 HTTP/1.1" 200 -
2026-08-27 07:35:35,732 | INFO | werkzeug | 172.18.0.1 - - [27/Aug/2026 07:35:35] "GET /crawl-status?limit=50 HTTP/1.1" 200 -
2026-08-27 07:35:36,066 | INFO | werkzeug | 172.18.0.1 - - [27/Aug/2026 07:35:36] "GET /api/data/ohlc?symbol=BBCA HTTP/1.1" 200 -
2026-08-27 07:35:36,078 | INFO | werkzeug | 172.18.0.1 - - [27/Aug/2026 07:35:36] "GET /api/data/ohlc?symbol=BMRI HTTP/1.1" 200 -
2026-08-27 07:35:36,099 | INFO | werkzeug | 172.18.0.1 - - [27/Aug/2026 07:35:36] "GET /api/data/ohlc?symbol=BBRI HTTP/1.1" 200 -
2026-08-27 07:35:36,101 | INFO | werkzeug | 172.18.0.1 - - [27/Aug/2026 07:35:36] "GET /api/data/ohlc?symbol=BBNI HTTP/1.1" 200 -
2026-08-27 07:35:36,101 | INFO | werkzeug | 172.18.0.1 - - [27/Aug/2026 07:35:36] "GET /api/data/ohlc?symbol=TLKM HTTP/1.1" 200 -
2026-08-27 07:35:36,111 | INFO | werkzeug | 172.18.0.1 - - [27/Aug/2026 07:35:36] "GET /api/data/ohlc?symbol=BJBR HTTP/1.1" 200 -
2026-08-27 07:35:36,147 | INFO | werkzeug | 172.18.0.1 - - [27/Aug/2026 07:35:36] "GET /api/data/ohlc?symbol=ASII HTTP/1.1" 200 -
2026-08-27 07:35:36,161 | INFO | werkzeug | 172.18.0.1 - - [27/Aug/2026 07:35:36] "GET /api/data/ohlc?symbol=ANTM HTTP/1.1" 200 -
2026-08-27 07:35:36,162 | INFO | werkzeug | 172.18.0.1 - - [27/Aug/2026 07:35:36] "GET /api/data/ohlc?symbol=GOTO HTTP/1.1" 200 -
2026-08-27 07:35:36,558 | INFO | werkzeug | 172.18.0.1 - - [27/Aug/2026 07:35:36] "GET /scheduler/status HTTP/1.1" 200 -
2026-08-27 07:35:41,157 | INFO | werkzeug | 172.18.0.1 - - [27/Aug/2026 07:35:41] "GET /scheduler/status HTTP/1.1" 200 -
2026-08-27 07:35:41,510 | INFO | werkzeug | 172.18.0.1 - - [27/Aug/2026 07:35:41] "GET /api/data/ohlc?symbol=BBCA HTTP/1.1" 200 -
2026-08-27 07:35:41,651 | INFO | werkzeug | 172.18.0.1 - - [27/Aug/2026 07:35:41] "GET /api/data/ohlc?symbol=BBCA HTTP/1.1" 200 -
2026-08-27 07:35:41,656 | INFO | werkzeug | 172.18.0.1 - - [27/Aug/2026 07:35:41] "GET /api/data/ohlc?symbol=BBNI HTTP/1.1" 200 -
2026-08-27 07:35:41,664 | INFO | werkzeug | 172.18.0.1 - - [27/Aug/2026 07:35:41] "GET /api/data/ohlc?symbol=BMRI HTTP/1.1" 200 -
2026-08-27 07:35:41,671 | INFO | werkzeug | 172.18.0.1 - - [27/Aug/2026 07:35:41] "GET /api/data/ohlc?symbol=BBRI HTTP/1.1" 200 -
2026-08-27 07:35:41,681 | INFO | werkzeug | 172.18.0.1 - - [27/Aug/2026 07:35:41] "GET /api/data/ohlc?symbol=BJBR HTTP/1.1" 200 -
2026-08-27 07:35:41,686 | INFO | werkzeug | 172.18.0.1 - - [27/Aug/2026 07:35:41] "GET /api/data/ohlc?symbol=TLKM HTTP/1.1" 200 -
2026-08-27 07:35:41,703 | INFO | werkzeug | 172.18.0.1 - - [27/Aug/2026 07:35:41] "GET /api/data/ohlc?symbol=ASII HTTP/1.1" 200 -
2026-08-27 07:35:41,715 | INFO | werkzeug | 172.18.0.1 - - [27/Aug/2026 07:35:41] "GET /api/data/ohlc?symbol=ANTM HTTP/1.1" 200 -
2026-08-27 07:35:41,721 | INFO | werkzeug | 172.18.0.1 - - [27/Aug/2026 07:35:41] "GET /api/data/ohlc?symbol=GOTO HTTP/1.1" 200 -
